year,value,region_code,region_name
2007,26.2,SSS,KOKO MAA
2007,20.8,KU020,Akaa
2007,17.3,KU005,Alajärvi
2007,13.3,KU009,Alavieska
2007,15.9,KU010,Alavus
2007,22.3,KU016,Asikkala
2007,18.6,KU018,Askola
2007,20.1,KU019,Aura
2007,20.6,KU035,Brändö
2007,14.7,KU043,Eckerö
2007,14.0,KU046,Enonkoski
2007,14.4,KU047,Enontekiö
2007,42.4,KU049,Espoo
2007,18.1,KU050,Eura
2007,20.8,KU051,Eurajoki
2007,13.5,KU052,Evijärvi
2007,17.0,KU060,Finström
2007,20.0,KU061,Forssa
2007,16.3,KU062,Föglö
2007,8.1,KU065,Geta
2007,16.6,KU069,Haapajärvi
2007,15.0,KU071,Haapavesi
2007,22.6,KU072,Hailuoto
2007,13.0,KU074,Halsua
2007,21.5,KU075,Hamina
2007,15.3,KU076,Hammarland
2007,14.9,KU077,Hankasalmi
2007,18.7,KU078,Hanko
2007,19.8,KU079,Harjavalta
2007,14.0,KU081,Hartola
2007,26.7,KU082,Hattula
2007,21.6,KU086,Hausjärvi
2007,21.3,KU111,Heinola
2007,15.4,KU090,Heinävesi
2007,35.2,KU091,Helsinki
2007,14.4,KU097,Hirvensalmi
2007,26.0,KU098,Hollola
2007,18.9,KU102,Huittinen
2007,14.9,KU103,Humppila
2007,11.9,KU105,Hyrynsalmi
2007,27.0,KU106,Hyvinkää
2007,19.9,KU108,Hämeenkyrö
2007,27.5,KU109,Hämeenlinna
2007,18.0,KU139,Ii
2007,21.2,KU140,Iisalmi
2007,18.9,KU142,Iitti
2007,20.2,KU143,Ikaalinen
2007,19.9,KU145,Ilmajoki
2007,12.5,KU146,Ilomantsi
2007,19.6,KU153,Imatra
2007,18.8,KU148,Inari
2007,29.0,KU149,Inkoo
2007,11.3,KU151,Isojoki
2007,18.9,KU152,Isokyrö
2007,21.9,KU165,Janakkala
2007,25.9,KU167,Joensuu
2007,22.3,KU169,Jokioinen
2007,21.8,KU170,Jomala
2007,19.2,KU171,Joroinen
2007,14.6,KU172,Joutsa
2007,13.1,KU176,Juuka
2007,15.5,KU177,Juupajoki
2007,15.5,KU178,Juva
2007,31.3,KU179,Jyväskylä
2007,15.0,KU181,Jämijärvi
2007,20.8,KU182,Jämsä
2007,30.9,KU186,Järvenpää
2007,32.2,KU202,Kaarina
2007,11.5,KU204,Kaavi
2007,25.8,KU205,Kajaani
2007,17.0,KU208,Kalajoki
2007,29.8,KU211,Kangasala
2007,15.5,KU213,Kangasniemi
2007,19.1,KU214,Kankaanpää
2007,13.3,KU216,Kannonkoski
2007,17.8,KU217,Kannus
2007,10.4,KU218,Karijoki
2007,17.7,KU224,Karkkila
2007,15.5,KU226,Karstula
2007,10.6,KU230,Karvia
2007,20.5,KU231,Kaskinen
2007,17.8,KU232,Kauhajoki
2007,19.3,KU233,Kauhava
2007,54.8,KU235,Kauniainen
2007,17.8,KU236,Kaustinen
2007,13.0,KU239,Keitele
2007,21.1,KU240,Kemi
2007,18.4,KU320,Kemijärvi
2007,25.4,KU241,Keminmaa
2007,19.5,KU322,Kemiönsaari
2007,32.3,KU244,Kempele
2007,29.7,KU245,Kerava
2007,19.8,KU249,Keuruu
2007,11.6,KU250,Kihniö
2007,11.4,KU256,Kinnula
2007,36.9,KU257,Kirkkonummi
2007,15.6,KU260,Kitee
2007,17.2,KU261,Kittilä
2007,13.9,KU263,Kiuruvesi
2007,9.1,KU265,Kivijärvi
2007,17.9,KU271,Kokemäki
2007,23.0,KU272,Kokkola
2007,15.4,KU273,Kolari
2007,14.9,KU275,Konnevesi
2007,27.2,KU276,Kontiolahti
2007,17.8,KU280,Korsnäs
2007,15.9,KU284,Koski Tl
2007,23.7,KU285,Kotka
2007,21.9,KU286,Kouvola
2007,18.4,KU287,Kristiinankaupunki
2007,18.8,KU288,Kruunupyy
2007,14.4,KU290,Kuhmo
2007,15.6,KU291,Kuhmoinen
2007,17.0,KU295,Kumlinge
2007,27.5,KU297,Kuopio
2007,17.3,KU300,Kuortane
2007,16.0,KU301,Kurikka
2007,17.1,KU304,Kustavi
2007,18.3,KU305,Kuusamo
2007,10.3,KU312,Kyyjärvi
2007,16.1,KU316,Kärkölä
2007,11.3,KU317,Kärsämäki
2007,18.2,KU318,Kökar
2007,24.0,KU398,Lahti
2007,22.8,KU399,Laihia
2007,17.3,KU400,Laitila
2007,15.2,KU407,Lapinjärvi
2007,16.0,KU402,Lapinlahti
2007,17.2,KU403,Lappajärvi
2007,24.8,KU405,Lappeenranta
2007,23.6,KU408,Lapua
2007,22.9,KU410,Laukaa
2007,19.9,KU416,Lemi
2007,23.8,KU417,Lemland
2007,30.8,KU418,Lempäälä
2007,19.7,KU420,Leppävirta
2007,14.3,KU421,Lestijärvi
2007,15.1,KU422,Lieksa
2007,28.5,KU423,Lieto
2007,30.1,KU425,Liminka
2007,21.2,KU426,Liperi
2007,24.1,KU444,Lohja
2007,20.0,KU430,Loimaa
2007,19.5,KU433,Loppi
2007,20.8,KU434,Loviisa
2007,12.9,KU435,Luhanka
2007,17.5,KU436,Lumijoki
2007,22.8,KU438,Lumparland
2007,18.5,KU440,Luoto
2007,17.3,KU441,Luumäki
2007,20.6,KU475,Maalahti
2007,27.6,KU478,Maarianhamina - Mariehamn
2007,16.9,KU480,Marttila
2007,27.6,KU481,Masku
2007,9.5,KU483,Merijärvi
2007,14.0,KU484,Merikarvia
2007,11.3,KU489,Miehikkälä
2007,25.4,KU491,Mikkeli
2007,21.4,KU494,Muhos
2007,14.2,KU495,Multia
2007,19.1,KU498,Muonio
2007,30.2,KU499,Mustasaari
2007,32.5,KU500,Muurame
2007,19.0,KU503,Mynämäki
2007,16.0,KU504,Myrskylä
2007,22.6,KU505,Mäntsälä
2007,17.8,KU508,Mänttä-Vilppula
2007,15.6,KU507,Mäntyharju
2007,29.9,KU529,Naantali
2007,20.4,KU531,Nakkila
2007,16.1,KU535,Nivala
2007,24.7,KU536,Nokia
2007,21.2,KU538,Nousiainen
2007,14.9,KU541,Nurmes
2007,30.1,KU543,Nurmijärvi
2007,17.6,KU545,Närpiö
2007,17.5,KU560,Orimattila
2007,14.7,KU561,Oripää
2007,20.0,KU562,Orivesi
2007,19.4,KU563,Oulainen
2007,31.8,KU564,Oulu
2007,15.4,KU309,Outokumpu
2007,14.3,KU576,Padasjoki
2007,26.3,KU577,Paimio
2007,14.5,KU578,Paltamo
2007,28.5,KU445,Parainen
2007,14.6,KU580,Parikkala
2007,16.4,KU581,Parkano
2007,18.5,KU599,Pedersören kunta
2007,15.9,KU583,Pelkosenniemi
2007,15.1,KU854,Pello
2007,11.9,KU584,Perho
2007,19.9,KU592,Petäjävesi
2007,19.1,KU593,Pieksämäki
2007,12.9,KU595,Pielavesi
2007,23.9,KU598,Pietarsaari
2007,12.7,KU601,Pihtipudas
2007,36.1,KU604,Pirkkala
2007,12.1,KU607,Polvijärvi
2007,15.6,KU608,Pomarkku
2007,23.3,KU609,Pori
2007,22.8,KU611,Pornainen
2007,28.3,KU638,Porvoo
2007,11.8,KU614,Posio
2007,12.8,KU615,Pudasjärvi
2007,16.7,KU616,Pukkila
2007,15.1,KU619,Punkalaidun
2007,13.2,KU620,Puolanka
2007,15.5,KU623,Puumala
2007,21.8,KU624,Pyhtää
2007,15.9,KU625,Pyhäjoki
2007,14.2,KU626,Pyhäjärvi
2007,13.6,KU630,Pyhäntä
2007,17.8,KU631,Pyhäranta
2007,19.8,KU635,Pälkäne
2007,17.1,KU636,Pöytyä
2007,20.0,KU678,Raahe
2007,23.7,KU710,Raasepori
2007,25.4,KU680,Raisio
2007,16.0,KU681,Rantasalmi
2007,13.5,KU683,Ranua
2007,25.3,KU684,Rauma
2007,15.8,KU686,Rautalampi
2007,10.1,KU687,Rautavaara
2007,13.6,KU689,Rautjärvi
2007,13.7,KU691,Reisjärvi
2007,25.4,KU694,Riihimäki
2007,15.1,KU697,Ristijärvi
2007,28.0,KU698,Rovaniemi
2007,18.2,KU700,Ruokolahti
2007,17.1,KU702,Ruovesi
2007,25.9,KU704,Rusko
2007,11.9,KU707,Rääkkylä
2007,17.3,KU729,Saarijärvi
2007,12.5,KU732,Salla
2007,22.6,KU734,Salo
2007,16.2,KU736,Saltvik
2007,19.2,KU790,Sastamala
2007,21.4,KU738,Sauvo
2007,15.3,KU739,Savitaipale
2007,21.5,KU740,Savonlinna
2007,15.8,KU742,Savukoski
2007,28.4,KU743,Seinäjoki
2007,14.3,KU746,Sievi
2007,11.6,KU747,Siikainen
2007,14.5,KU748,Siikajoki
2007,12.5,KU791,Siikalatva
2007,27.5,KU749,Siilinjärvi
2007,17.3,KU751,Simo
2007,33.2,KU753,Sipoo
2007,31.8,KU755,Siuntio
2007,19.0,KU758,Sodankylä
2007,13.0,KU759,Soini
2007,16.7,KU761,Somero
2007,13.9,KU762,Sonkajärvi
2007,19.7,KU765,Sotkamo
2007,30.7,KU766,Sottunga
2007,14.8,KU768,Sulkava
2007,15.9,KU771,Sund
2007,13.6,KU777,Suomussalmi
2007,17.8,KU778,Suonenjoki
2007,15.4,KU781,Sysmä
2007,20.3,KU783,Säkylä
2007,27.8,KU831,Taipalsaari
2007,13.5,KU832,Taivalkoski
2007,14.9,KU833,Taivassalo
2007,22.4,KU834,Tammela
2007,30.4,KU837,Tampere
2007,12.0,KU844,Tervo
2007,14.9,KU845,Tervola
2007,14.4,KU846,Teuva
2007,13.5,KU848,Tohmajärvi
2007,14.5,KU849,Toholampi
2007,17.7,KU850,Toivakka
2007,21.4,KU851,Tornio
2007,28.7,KU853,Turku
2007,14.3,KU857,Tuusniemi
2007,31.0,KU858,Tuusula
2007,19.8,KU859,Tyrnävä
2007,24.2,KU886,Ulvila
2007,14.8,KU887,Urjala
2007,11.9,KU889,Utajärvi
2007,19.2,KU890,Utsjoki
2007,17.7,KU892,Uurainen
2007,20.1,KU893,Uusikaarlepyy
2007,20.3,KU895,Uusikaupunki
2007,15.1,KU785,Vaala
2007,30.3,KU905,Vaasa
2007,23.4,KU908,Valkeakoski
2007,28.4,KU092,Vantaa
2007,22.7,KU915,Varkaus
2007,15.1,KU918,Vehmaa
2007,11.9,KU921,Vesanto
2007,25.8,KU922,Vesilahti
2007,17.5,KU924,Veteli
2007,14.2,KU925,Vieremä
2007,28.1,KU927,Vihti
2007,15.6,KU931,Viitasaari
2007,17.8,KU934,Vimpeli
2007,16.3,KU935,Virolahti
2007,18.0,KU936,Virrat
2007,19.6,KU941,Vårdö
2007,20.0,KU946,Vöyri
2007,13.4,KU976,Ylitornio
2007,22.3,KU977,Ylivieska
2007,26.5,KU980,Ylöjärvi
2007,17.1,KU981,Ypäjä
2007,18.2,KU989,Ähtäri
2007,18.5,KU992,Äänekoski
2007,26.2,,
2007,33.2,MK01,MK01 Uusimaa
2007,25.8,MK02,MK02 Varsinais-Suomi
2007,21.8,MK04,MK04 Satakunta
2007,24.4,MK05,MK05 Kanta-Häme
2007,26.6,MK06,MK06 Pirkanmaa
2007,22.5,MK07,MK07 Päijät-Häme
2007,22.2,MK08,MK08 Kymenlaakso
2007,22.0,MK09,MK09 Etelä-Karjala
2007,21.1,MK10,MK10 Etelä-Savo
2007,22.8,MK11,MK11 Pohjois-Savo
2007,20.6,MK12,MK12 Pohjois-Karjala
2007,24.8,MK13,MK13 Keski-Suomi
2007,20.7,MK14,MK14 Etelä-Pohjanmaa
2007,25.1,MK15,MK15 Pohjanmaa
2007,20.7,MK16,MK16 Keski-Pohjanmaa
2007,24.7,MK17,MK17 Pohjois-Pohjanmaa
2007,20.2,MK18,MK18 Kainuu
2007,21.6,MK19,MK19 Lappi
2007,22.3,,
2007,22.3,MK21,MK21 Ahvenanmaa
2008,26.9,SSS,KOKO MAA
2008,21.4,KU020,Akaa
2008,17.9,KU005,Alajärvi
2008,13.9,KU009,Alavieska
2008,16.2,KU010,Alavus
2008,22.5,KU016,Asikkala
2008,19.2,KU018,Askola
2008,20.3,KU019,Aura
2008,20.9,KU035,Brändö
2008,15.0,KU043,Eckerö
2008,14.9,KU046,Enonkoski
2008,14.8,KU047,Enontekiö
2008,43.0,KU049,Espoo
2008,18.5,KU050,Eura
2008,21.7,KU051,Eurajoki
2008,13.3,KU052,Evijärvi
2008,16.8,KU060,Finström
2008,20.2,KU061,Forssa
2008,15.1,KU062,Föglö
2008,8.9,KU065,Geta
2008,16.9,KU069,Haapajärvi
2008,15.3,KU071,Haapavesi
2008,23.8,KU072,Hailuoto
2008,13.3,KU074,Halsua
2008,21.8,KU075,Hamina
2008,15.4,KU076,Hammarland
2008,15.1,KU077,Hankasalmi
2008,18.9,KU078,Hanko
2008,20.4,KU079,Harjavalta
2008,14.2,KU081,Hartola
2008,27.2,KU082,Hattula
2008,22.1,KU086,Hausjärvi
2008,21.4,KU111,Heinola
2008,15.9,KU090,Heinävesi
2008,36.3,KU091,Helsinki
2008,14.3,KU097,Hirvensalmi
2008,26.4,KU098,Hollola
2008,19.1,KU102,Huittinen
2008,15.4,KU103,Humppila
2008,12.2,KU105,Hyrynsalmi
2008,27.4,KU106,Hyvinkää
2008,20.5,KU108,Hämeenkyrö
2008,27.8,KU109,Hämeenlinna
2008,18.6,KU139,Ii
2008,21.6,KU140,Iisalmi
2008,19.4,KU142,Iitti
2008,20.5,KU143,Ikaalinen
2008,20.6,KU145,Ilmajoki
2008,13.0,KU146,Ilomantsi
2008,19.9,KU153,Imatra
2008,19.0,KU148,Inari
2008,29.8,KU149,Inkoo
2008,11.2,KU151,Isojoki
2008,19.4,KU152,Isokyrö
2008,22.7,KU165,Janakkala
2008,26.6,KU167,Joensuu
2008,22.8,KU169,Jokioinen
2008,22.7,KU170,Jomala
2008,19.3,KU171,Joroinen
2008,14.8,KU172,Joutsa
2008,13.8,KU176,Juuka
2008,15.4,KU177,Juupajoki
2008,15.8,KU178,Juva
2008,32.1,KU179,Jyväskylä
2008,15.3,KU181,Jämijärvi
2008,21.0,KU182,Jämsä
2008,31.1,KU186,Järvenpää
2008,32.9,KU202,Kaarina
2008,12.0,KU204,Kaavi
2008,26.4,KU205,Kajaani
2008,17.6,KU208,Kalajoki
2008,30.5,KU211,Kangasala
2008,15.8,KU213,Kangasniemi
2008,19.1,KU214,Kankaanpää
2008,13.6,KU216,Kannonkoski
2008,17.6,KU217,Kannus
2008,10.3,KU218,Karijoki
2008,17.8,KU224,Karkkila
2008,15.8,KU226,Karstula
2008,10.8,KU230,Karvia
2008,20.6,KU231,Kaskinen
2008,18.1,KU232,Kauhajoki
2008,20.0,KU233,Kauhava
2008,55.5,KU235,Kauniainen
2008,18.6,KU236,Kaustinen
2008,13.4,KU239,Keitele
2008,21.3,KU240,Kemi
2008,18.6,KU320,Kemijärvi
2008,25.8,KU241,Keminmaa
2008,20.0,KU322,Kemiönsaari
2008,32.3,KU244,Kempele
2008,29.9,KU245,Kerava
2008,20.1,KU249,Keuruu
2008,11.7,KU250,Kihniö
2008,11.8,KU256,Kinnula
2008,37.7,KU257,Kirkkonummi
2008,15.9,KU260,Kitee
2008,17.6,KU261,Kittilä
2008,14.2,KU263,Kiuruvesi
2008,9.6,KU265,Kivijärvi
2008,18.1,KU271,Kokemäki
2008,23.5,KU272,Kokkola
2008,15.7,KU273,Kolari
2008,15.8,KU275,Konnevesi
2008,28.0,KU276,Kontiolahti
2008,18.6,KU280,Korsnäs
2008,16.5,KU284,Koski Tl
2008,24.2,KU285,Kotka
2008,22.2,KU286,Kouvola
2008,18.7,KU287,Kristiinankaupunki
2008,19.4,KU288,Kruunupyy
2008,14.9,KU290,Kuhmo
2008,16.0,KU291,Kuhmoinen
2008,17.1,KU295,Kumlinge
2008,28.2,KU297,Kuopio
2008,17.9,KU300,Kuortane
2008,16.4,KU301,Kurikka
2008,17.4,KU304,Kustavi
2008,18.5,KU305,Kuusamo
2008,11.0,KU312,Kyyjärvi
2008,16.3,KU316,Kärkölä
2008,11.5,KU317,Kärsämäki
2008,17.0,KU318,Kökar
2008,24.5,KU398,Lahti
2008,23.2,KU399,Laihia
2008,17.5,KU400,Laitila
2008,16.0,KU407,Lapinjärvi
2008,16.6,KU402,Lapinlahti
2008,17.2,KU403,Lappajärvi
2008,25.5,KU405,Lappeenranta
2008,24.3,KU408,Lapua
2008,23.5,KU410,Laukaa
2008,20.0,KU416,Lemi
2008,24.1,KU417,Lemland
2008,31.6,KU418,Lempäälä
2008,20.4,KU420,Leppävirta
2008,15.1,KU421,Lestijärvi
2008,15.4,KU422,Lieksa
2008,28.9,KU423,Lieto
2008,30.8,KU425,Liminka
2008,21.8,KU426,Liperi
2008,24.5,KU444,Lohja
2008,20.4,KU430,Loimaa
2008,19.7,KU433,Loppi
2008,21.0,KU434,Loviisa
2008,13.7,KU435,Luhanka
2008,17.9,KU436,Lumijoki
2008,23.7,KU438,Lumparland
2008,18.7,KU440,Luoto
2008,17.6,KU441,Luumäki
2008,21.2,KU475,Maalahti
2008,27.5,KU478,Maarianhamina - Mariehamn
2008,17.4,KU480,Marttila
2008,28.7,KU481,Masku
2008,10.4,KU483,Merijärvi
2008,14.4,KU484,Merikarvia
2008,11.7,KU489,Miehikkälä
2008,25.8,KU491,Mikkeli
2008,22.3,KU494,Muhos
2008,14.4,KU495,Multia
2008,19.4,KU498,Muonio
2008,31.0,KU499,Mustasaari
2008,33.2,KU500,Muurame
2008,19.2,KU503,Mynämäki
2008,16.9,KU504,Myrskylä
2008,22.9,KU505,Mäntsälä
2008,18.3,KU508,Mänttä-Vilppula
2008,16.0,KU507,Mäntyharju
2008,30.3,KU529,Naantali
2008,20.8,KU531,Nakkila
2008,16.3,KU535,Nivala
2008,25.3,KU536,Nokia
2008,21.7,KU538,Nousiainen
2008,15.4,KU541,Nurmes
2008,30.2,KU543,Nurmijärvi
2008,18.2,KU545,Närpiö
2008,17.9,KU560,Orimattila
2008,15.4,KU561,Oripää
2008,20.8,KU562,Orivesi
2008,19.6,KU563,Oulainen
2008,32.8,KU564,Oulu
2008,15.7,KU309,Outokumpu
2008,14.9,KU576,Padasjoki
2008,27.1,KU577,Paimio
2008,14.8,KU578,Paltamo
2008,29.3,KU445,Parainen
2008,14.7,KU580,Parikkala
2008,16.7,KU581,Parkano
2008,19.2,KU599,Pedersören kunta
2008,16.7,KU583,Pelkosenniemi
2008,15.6,KU854,Pello
2008,12.6,KU584,Perho
2008,20.6,KU592,Petäjävesi
2008,19.7,KU593,Pieksämäki
2008,13.2,KU595,Pielavesi
2008,24.3,KU598,Pietarsaari
2008,12.7,KU601,Pihtipudas
2008,36.7,KU604,Pirkkala
2008,12.4,KU607,Polvijärvi
2008,16.0,KU608,Pomarkku
2008,23.8,KU609,Pori
2008,23.1,KU611,Pornainen
2008,28.8,KU638,Porvoo
2008,12.4,KU614,Posio
2008,13.0,KU615,Pudasjärvi
2008,17.8,KU616,Pukkila
2008,15.8,KU619,Punkalaidun
2008,13.3,KU620,Puolanka
2008,15.8,KU623,Puumala
2008,22.1,KU624,Pyhtää
2008,16.5,KU625,Pyhäjoki
2008,14.6,KU626,Pyhäjärvi
2008,13.7,KU630,Pyhäntä
2008,17.8,KU631,Pyhäranta
2008,20.5,KU635,Pälkäne
2008,17.7,KU636,Pöytyä
2008,20.4,KU678,Raahe
2008,24.3,KU710,Raasepori
2008,25.8,KU680,Raisio
2008,16.2,KU681,Rantasalmi
2008,13.4,KU683,Ranua
2008,25.7,KU684,Rauma
2008,16.1,KU686,Rautalampi
2008,10.1,KU687,Rautavaara
2008,14.1,KU689,Rautjärvi
2008,14.4,KU691,Reisjärvi
2008,25.6,KU694,Riihimäki
2008,16.3,KU697,Ristijärvi
2008,28.5,KU698,Rovaniemi
2008,18.6,KU700,Ruokolahti
2008,17.4,KU702,Ruovesi
2008,26.1,KU704,Rusko
2008,12.4,KU707,Rääkkylä
2008,17.5,KU729,Saarijärvi
2008,13.1,KU732,Salla
2008,23.1,KU734,Salo
2008,16.5,KU736,Saltvik
2008,19.6,KU790,Sastamala
2008,22.6,KU738,Sauvo
2008,15.7,KU739,Savitaipale
2008,22.0,KU740,Savonlinna
2008,16.5,KU742,Savukoski
2008,29.0,KU743,Seinäjoki
2008,14.7,KU746,Sievi
2008,11.6,KU747,Siikainen
2008,14.9,KU748,Siikajoki
2008,12.7,KU791,Siikalatva
2008,28.2,KU749,Siilinjärvi
2008,17.7,KU751,Simo
2008,32.2,KU753,Sipoo
2008,32.2,KU755,Siuntio
2008,19.1,KU758,Sodankylä
2008,13.4,KU759,Soini
2008,16.9,KU761,Somero
2008,14.2,KU762,Sonkajärvi
2008,20.5,KU765,Sotkamo
2008,28.2,KU766,Sottunga
2008,15.6,KU768,Sulkava
2008,16.3,KU771,Sund
2008,14.0,KU777,Suomussalmi
2008,18.2,KU778,Suonenjoki
2008,16.4,KU781,Sysmä
2008,20.8,KU783,Säkylä
2008,28.5,KU831,Taipalsaari
2008,13.5,KU832,Taivalkoski
2008,14.6,KU833,Taivassalo
2008,22.9,KU834,Tammela
2008,31.4,KU837,Tampere
2008,12.3,KU844,Tervo
2008,15.3,KU845,Tervola
2008,14.8,KU846,Teuva
2008,14.0,KU848,Tohmajärvi
2008,15.4,KU849,Toholampi
2008,18.2,KU850,Toivakka
2008,21.9,KU851,Tornio
2008,29.8,KU853,Turku
2008,14.6,KU857,Tuusniemi
2008,31.3,KU858,Tuusula
2008,20.2,KU859,Tyrnävä
2008,24.5,KU886,Ulvila
2008,15.3,KU887,Urjala
2008,11.9,KU889,Utajärvi
2008,19.8,KU890,Utsjoki
2008,19.1,KU892,Uurainen
2008,20.7,KU893,Uusikaarlepyy
2008,20.6,KU895,Uusikaupunki
2008,14.9,KU785,Vaala
2008,31.1,KU905,Vaasa
2008,23.9,KU908,Valkeakoski
2008,28.8,KU092,Vantaa
2008,23.0,KU915,Varkaus
2008,15.2,KU918,Vehmaa
2008,12.7,KU921,Vesanto
2008,26.7,KU922,Vesilahti
2008,17.7,KU924,Veteli
2008,15.1,KU925,Vieremä
2008,28.6,KU927,Vihti
2008,16.1,KU931,Viitasaari
2008,18.5,KU934,Vimpeli
2008,16.7,KU935,Virolahti
2008,18.5,KU936,Virrat
2008,19.0,KU941,Vårdö
2008,20.7,KU946,Vöyri
2008,13.7,KU976,Ylitornio
2008,22.7,KU977,Ylivieska
2008,27.1,KU980,Ylöjärvi
2008,17.3,KU981,Ypäjä
2008,18.8,KU989,Ähtäri
2008,18.8,KU992,Äänekoski
2008,26.9,,
2008,33.9,MK01,MK01 Uusimaa
2008,26.5,MK02,MK02 Varsinais-Suomi
2008,22.2,MK04,MK04 Satakunta
2008,24.8,MK05,MK05 Kanta-Häme
2008,27.3,MK06,MK06 Pirkanmaa
2008,22.9,MK07,MK07 Päijät-Häme
2008,22.5,MK08,MK08 Kymenlaakso
2008,22.5,MK09,MK09 Etelä-Karjala
2008,21.5,MK10,MK10 Etelä-Savo
2008,23.4,MK11,MK11 Pohjois-Savo
2008,21.3,MK12,MK12 Pohjois-Karjala
2008,25.5,MK13,MK13 Keski-Suomi
2008,21.2,MK14,MK14 Etelä-Pohjanmaa
2008,25.8,MK15,MK15 Pohjanmaa
2008,21.2,MK16,MK16 Keski-Pohjanmaa
2008,25.4,MK17,MK17 Pohjois-Pohjanmaa
2008,20.8,MK18,MK18 Kainuu
2008,22.0,MK19,MK19 Lappi
2008,22.4,,
2008,22.4,MK21,MK21 Ahvenanmaa
2009,27.3,SSS,KOKO MAA
2009,21.8,KU020,Akaa
2009,18.2,KU005,Alajärvi
2009,14.3,KU009,Alavieska
2009,16.4,KU010,Alavus
2009,23.0,KU016,Asikkala
2009,19.2,KU018,Askola
2009,21.2,KU019,Aura
2009,20.9,KU035,Brändö
2009,15.0,KU043,Eckerö
2009,14.7,KU046,Enonkoski
2009,15.5,KU047,Enontekiö
2009,43.4,KU049,Espoo
2009,18.6,KU050,Eura
2009,22.0,KU051,Eurajoki
2009,13.9,KU052,Evijärvi
2009,16.6,KU060,Finström
2009,20.4,KU061,Forssa
2009,15.2,KU062,Föglö
2009,9.1,KU065,Geta
2009,17.2,KU069,Haapajärvi
2009,15.2,KU071,Haapavesi
2009,24.6,KU072,Hailuoto
2009,13.6,KU074,Halsua
2009,22.2,KU075,Hamina
2009,15.6,KU076,Hammarland
2009,15.5,KU077,Hankasalmi
2009,19.1,KU078,Hanko
2009,20.8,KU079,Harjavalta
2009,14.5,KU081,Hartola
2009,27.8,KU082,Hattula
2009,22.1,KU086,Hausjärvi
2009,21.5,KU111,Heinola
2009,16.2,KU090,Heinävesi
2009,36.8,KU091,Helsinki
2009,14.8,KU097,Hirvensalmi
2009,26.6,KU098,Hollola
2009,19.5,KU102,Huittinen
2009,15.4,KU103,Humppila
2009,12.4,KU105,Hyrynsalmi
2009,27.7,KU106,Hyvinkää
2009,20.7,KU108,Hämeenkyrö
2009,28.3,KU109,Hämeenlinna
2009,18.9,KU139,Ii
2009,22.1,KU140,Iisalmi
2009,19.8,KU142,Iitti
2009,20.9,KU143,Ikaalinen
2009,21.0,KU145,Ilmajoki
2009,13.2,KU146,Ilomantsi
2009,20.1,KU153,Imatra
2009,19.0,KU148,Inari
2009,30.4,KU149,Inkoo
2009,11.5,KU151,Isojoki
2009,20.1,KU152,Isokyrö
2009,22.9,KU165,Janakkala
2009,27.0,KU167,Joensuu
2009,23.3,KU169,Jokioinen
2009,22.8,KU170,Jomala
2009,19.7,KU171,Joroinen
2009,15.4,KU172,Joutsa
2009,14.1,KU176,Juuka
2009,15.6,KU177,Juupajoki
2009,16.0,KU178,Juva
2009,32.4,KU179,Jyväskylä
2009,15.1,KU181,Jämijärvi
2009,21.0,KU182,Jämsä
2009,31.3,KU186,Järvenpää
2009,33.4,KU202,Kaarina
2009,12.0,KU204,Kaavi
2009,26.8,KU205,Kajaani
2009,18.2,KU208,Kalajoki
2009,30.8,KU211,Kangasala
2009,16.2,KU213,Kangasniemi
2009,19.5,KU214,Kankaanpää
2009,14.2,KU216,Kannonkoski
2009,17.9,KU217,Kannus
2009,10.3,KU218,Karijoki
2009,18.2,KU224,Karkkila
2009,15.9,KU226,Karstula
2009,11.0,KU230,Karvia
2009,20.4,KU231,Kaskinen
2009,18.4,KU232,Kauhajoki
2009,20.2,KU233,Kauhava
2009,55.3,KU235,Kauniainen
2009,19.0,KU236,Kaustinen
2009,14.1,KU239,Keitele
2009,21.6,KU240,Kemi
2009,18.8,KU320,Kemijärvi
2009,26.4,KU241,Keminmaa
2009,20.2,KU322,Kemiönsaari
2009,32.5,KU244,Kempele
2009,30.1,KU245,Kerava
2009,20.5,KU249,Keuruu
2009,12.2,KU250,Kihniö
2009,12.2,KU256,Kinnula
2009,37.8,KU257,Kirkkonummi
2009,16.1,KU260,Kitee
2009,18.2,KU261,Kittilä
2009,14.5,KU263,Kiuruvesi
2009,10.1,KU265,Kivijärvi
2009,18.5,KU271,Kokemäki
2009,23.9,KU272,Kokkola
2009,16.6,KU273,Kolari
2009,16.0,KU275,Konnevesi
2009,28.5,KU276,Kontiolahti
2009,18.5,KU280,Korsnäs
2009,17.1,KU284,Koski Tl
2009,24.6,KU285,Kotka
2009,22.6,KU286,Kouvola
2009,19.1,KU287,Kristiinankaupunki
2009,19.6,KU288,Kruunupyy
2009,15.2,KU290,Kuhmo
2009,16.3,KU291,Kuhmoinen
2009,16.9,KU295,Kumlinge
2009,28.5,KU297,Kuopio
2009,18.5,KU300,Kuortane
2009,16.9,KU301,Kurikka
2009,18.3,KU304,Kustavi
2009,18.7,KU305,Kuusamo
2009,11.1,KU312,Kyyjärvi
2009,16.5,KU316,Kärkölä
2009,12.0,KU317,Kärsämäki
2009,19.3,KU318,Kökar
2009,24.8,KU398,Lahti
2009,24.1,KU399,Laihia
2009,17.8,KU400,Laitila
2009,16.5,KU407,Lapinjärvi
2009,17.1,KU402,Lapinlahti
2009,17.7,KU403,Lappajärvi
2009,26.1,KU405,Lappeenranta
2009,24.7,KU408,Lapua
2009,23.9,KU410,Laukaa
2009,20.6,KU416,Lemi
2009,24.3,KU417,Lemland
2009,32.2,KU418,Lempäälä
2009,20.8,KU420,Leppävirta
2009,15.1,KU421,Lestijärvi
2009,15.5,KU422,Lieksa
2009,29.3,KU423,Lieto
2009,31.6,KU425,Liminka
2009,22.3,KU426,Liperi
2009,24.7,KU444,Lohja
2009,20.6,KU430,Loimaa
2009,20.2,KU433,Loppi
2009,21.2,KU434,Loviisa
2009,13.8,KU435,Luhanka
2009,17.6,KU436,Lumijoki
2009,24.1,KU438,Lumparland
2009,18.8,KU440,Luoto
2009,18.2,KU441,Luumäki
2009,21.5,KU475,Maalahti
2009,27.7,KU478,Maarianhamina - Mariehamn
2009,18.1,KU480,Marttila
2009,29.2,KU481,Masku
2009,10.4,KU483,Merijärvi
2009,14.4,KU484,Merikarvia
2009,12.0,KU489,Miehikkälä
2009,26.2,KU491,Mikkeli
2009,22.6,KU494,Muhos
2009,14.4,KU495,Multia
2009,19.7,KU498,Muonio
2009,31.6,KU499,Mustasaari
2009,33.5,KU500,Muurame
2009,19.4,KU503,Mynämäki
2009,16.7,KU504,Myrskylä
2009,23.4,KU505,Mäntsälä
2009,18.6,KU508,Mänttä-Vilppula
2009,16.4,KU507,Mäntyharju
2009,30.9,KU529,Naantali
2009,21.1,KU531,Nakkila
2009,16.3,KU535,Nivala
2009,25.8,KU536,Nokia
2009,22.0,KU538,Nousiainen
2009,15.7,KU541,Nurmes
2009,30.2,KU543,Nurmijärvi
2009,18.7,KU545,Närpiö
2009,18.2,KU560,Orimattila
2009,16.3,KU561,Oripää
2009,21.2,KU562,Orivesi
2009,20.0,KU563,Oulainen
2009,33.2,KU564,Oulu
2009,16.1,KU309,Outokumpu
2009,15.1,KU576,Padasjoki
2009,27.3,KU577,Paimio
2009,15.3,KU578,Paltamo
2009,29.8,KU445,Parainen
2009,15.0,KU580,Parikkala
2009,16.9,KU581,Parkano
2009,19.7,KU599,Pedersören kunta
2009,18.0,KU583,Pelkosenniemi
2009,15.9,KU854,Pello
2009,13.1,KU584,Perho
2009,21.4,KU592,Petäjävesi
2009,20.2,KU593,Pieksämäki
2009,13.3,KU595,Pielavesi
2009,24.8,KU598,Pietarsaari
2009,12.6,KU601,Pihtipudas
2009,37.3,KU604,Pirkkala
2009,12.9,KU607,Polvijärvi
2009,16.4,KU608,Pomarkku
2009,24.1,KU609,Pori
2009,23.4,KU611,Pornainen
2009,29.0,KU638,Porvoo
2009,13.0,KU614,Posio
2009,13.0,KU615,Pudasjärvi
2009,17.9,KU616,Pukkila
2009,16.1,KU619,Punkalaidun
2009,13.2,KU620,Puolanka
2009,16.2,KU623,Puumala
2009,22.4,KU624,Pyhtää
2009,16.5,KU625,Pyhäjoki
2009,14.9,KU626,Pyhäjärvi
2009,13.6,KU630,Pyhäntä
2009,18.3,KU631,Pyhäranta
2009,20.6,KU635,Pälkäne
2009,18.1,KU636,Pöytyä
2009,20.7,KU678,Raahe
2009,25.0,KU710,Raasepori
2009,26.2,KU680,Raisio
2009,16.4,KU681,Rantasalmi
2009,13.5,KU683,Ranua
2009,26.0,KU684,Rauma
2009,16.6,KU686,Rautalampi
2009,10.5,KU687,Rautavaara
2009,14.3,KU689,Rautjärvi
2009,14.6,KU691,Reisjärvi
2009,26.0,KU694,Riihimäki
2009,16.6,KU697,Ristijärvi
2009,28.8,KU698,Rovaniemi
2009,18.9,KU700,Ruokolahti
2009,18.0,KU702,Ruovesi
2009,26.4,KU704,Rusko
2009,12.6,KU707,Rääkkylä
2009,17.8,KU729,Saarijärvi
2009,13.3,KU732,Salla
2009,23.4,KU734,Salo
2009,16.1,KU736,Saltvik
2009,19.9,KU790,Sastamala
2009,23.3,KU738,Sauvo
2009,16.3,KU739,Savitaipale
2009,22.3,KU740,Savonlinna
2009,16.8,KU742,Savukoski
2009,29.3,KU743,Seinäjoki
2009,14.8,KU746,Sievi
2009,12.0,KU747,Siikainen
2009,15.7,KU748,Siikajoki
2009,13.0,KU791,Siikalatva
2009,28.6,KU749,Siilinjärvi
2009,18.0,KU751,Simo
2009,32.6,KU753,Sipoo
2009,32.7,KU755,Siuntio
2009,19.5,KU758,Sodankylä
2009,13.8,KU759,Soini
2009,17.3,KU761,Somero
2009,14.4,KU762,Sonkajärvi
2009,21.1,KU765,Sotkamo
2009,28.8,KU766,Sottunga
2009,16.0,KU768,Sulkava
2009,16.1,KU771,Sund
2009,14.2,KU777,Suomussalmi
2009,18.5,KU778,Suonenjoki
2009,16.8,KU781,Sysmä
2009,20.9,KU783,Säkylä
2009,28.9,KU831,Taipalsaari
2009,13.6,KU832,Taivalkoski
2009,14.6,KU833,Taivassalo
2009,23.4,KU834,Tammela
2009,31.7,KU837,Tampere
2009,12.4,KU844,Tervo
2009,15.6,KU845,Tervola
2009,15.2,KU846,Teuva
2009,14.4,KU848,Tohmajärvi
2009,15.5,KU849,Toholampi
2009,19.1,KU850,Toivakka
2009,22.2,KU851,Tornio
2009,30.1,KU853,Turku
2009,14.9,KU857,Tuusniemi
2009,31.4,KU858,Tuusula
2009,20.5,KU859,Tyrnävä
2009,24.7,KU886,Ulvila
2009,15.8,KU887,Urjala
2009,12.8,KU889,Utajärvi
2009,20.2,KU890,Utsjoki
2009,19.5,KU892,Uurainen
2009,21.1,KU893,Uusikaarlepyy
2009,20.9,KU895,Uusikaupunki
2009,15.1,KU785,Vaala
2009,31.5,KU905,Vaasa
2009,24.1,KU908,Valkeakoski
2009,29.0,KU092,Vantaa
2009,23.2,KU915,Varkaus
2009,15.8,KU918,Vehmaa
2009,13.0,KU921,Vesanto
2009,27.4,KU922,Vesilahti
2009,17.7,KU924,Veteli
2009,15.1,KU925,Vieremä
2009,28.8,KU927,Vihti
2009,16.3,KU931,Viitasaari
2009,19.0,KU934,Vimpeli
2009,16.7,KU935,Virolahti
2009,18.7,KU936,Virrat
2009,18.6,KU941,Vårdö
2009,21.0,KU946,Vöyri
2009,14.4,KU976,Ylitornio
2009,23.4,KU977,Ylivieska
2009,27.6,KU980,Ylöjärvi
2009,17.7,KU981,Ypäjä
2009,19.4,KU989,Ähtäri
2009,19.1,KU992,Äänekoski
2009,27.3,,
2009,34.3,MK01,MK01 Uusimaa
2009,26.9,MK02,MK02 Varsinais-Suomi
2009,22.5,MK04,MK04 Satakunta
2009,25.2,MK05,MK05 Kanta-Häme
2009,27.8,MK06,MK06 Pirkanmaa
2009,23.2,MK07,MK07 Päijät-Häme
2009,22.9,MK08,MK08 Kymenlaakso
2009,23.0,MK09,MK09 Etelä-Karjala
2009,21.9,MK10,MK10 Etelä-Savo
2009,23.8,MK11,MK11 Pohjois-Savo
2009,21.7,MK12,MK12 Pohjois-Karjala
2009,25.8,MK13,MK13 Keski-Suomi
2009,21.6,MK14,MK14 Etelä-Pohjanmaa
2009,26.2,MK15,MK15 Pohjanmaa
2009,21.6,MK16,MK16 Keski-Pohjanmaa
2009,25.8,MK17,MK17 Pohjois-Pohjanmaa
2009,21.2,MK18,MK18 Kainuu
2009,22.4,MK19,MK19 Lappi
2009,22.5,,
2009,22.5,MK21,MK21 Ahvenanmaa
2010,27.8,SSS,KOKO MAA
2010,22.4,KU020,Akaa
2010,18.7,KU005,Alajärvi
2010,14.7,KU009,Alavieska
2010,16.6,KU010,Alavus
2010,23.4,KU016,Asikkala
2010,19.5,KU018,Askola
2010,21.0,KU019,Aura
2010,22.1,KU035,Brändö
2010,14.9,KU043,Eckerö
2010,15.5,KU046,Enonkoski
2010,16.0,KU047,Enontekiö
2010,43.9,KU049,Espoo
2010,19.2,KU050,Eura
2010,22.5,KU051,Eurajoki
2010,14.3,KU052,Evijärvi
2010,16.3,KU060,Finström
2010,20.4,KU061,Forssa
2010,15.6,KU062,Föglö
2010,9.6,KU065,Geta
2010,17.5,KU069,Haapajärvi
2010,15.4,KU071,Haapavesi
2010,26.4,KU072,Hailuoto
2010,13.7,KU074,Halsua
2010,22.4,KU075,Hamina
2010,14.6,KU076,Hammarland
2010,16.0,KU077,Hankasalmi
2010,19.4,KU078,Hanko
2010,20.8,KU079,Harjavalta
2010,15.0,KU081,Hartola
2010,28.1,KU082,Hattula
2010,22.2,KU086,Hausjärvi
2010,21.7,KU111,Heinola
2010,16.5,KU090,Heinävesi
2010,37.5,KU091,Helsinki
2010,15.2,KU097,Hirvensalmi
2010,26.8,KU098,Hollola
2010,19.8,KU102,Huittinen
2010,16.1,KU103,Humppila
2010,12.5,KU105,Hyrynsalmi
2010,28.0,KU106,Hyvinkää
2010,20.9,KU108,Hämeenkyrö
2010,28.6,KU109,Hämeenlinna
2010,19.4,KU139,Ii
2010,22.5,KU140,Iisalmi
2010,20.0,KU142,Iitti
2010,21.8,KU143,Ikaalinen
2010,21.7,KU145,Ilmajoki
2010,13.7,KU146,Ilomantsi
2010,20.3,KU153,Imatra
2010,19.2,KU148,Inari
2010,30.9,KU149,Inkoo
2010,11.8,KU151,Isojoki
2010,20.8,KU152,Isokyrö
2010,23.2,KU165,Janakkala
2010,27.6,KU167,Joensuu
2010,23.7,KU169,Jokioinen
2010,22.8,KU170,Jomala
2010,20.0,KU171,Joroinen
2010,15.7,KU172,Joutsa
2010,14.2,KU176,Juuka
2010,15.8,KU177,Juupajoki
2010,16.4,KU178,Juva
2010,32.8,KU179,Jyväskylä
2010,15.9,KU181,Jämijärvi
2010,21.3,KU182,Jämsä
2010,31.4,KU186,Järvenpää
2010,33.8,KU202,Kaarina
2010,11.8,KU204,Kaavi
2010,27.0,KU205,Kajaani
2010,18.4,KU208,Kalajoki
2010,31.6,KU211,Kangasala
2010,16.6,KU213,Kangasniemi
2010,19.8,KU214,Kankaanpää
2010,14.1,KU216,Kannonkoski
2010,18.2,KU217,Kannus
2010,10.7,KU218,Karijoki
2010,18.6,KU224,Karkkila
2010,16.4,KU226,Karstula
2010,10.9,KU230,Karvia
2010,20.7,KU231,Kaskinen
2010,18.5,KU232,Kauhajoki
2010,20.5,KU233,Kauhava
2010,56.0,KU235,Kauniainen
2010,19.3,KU236,Kaustinen
2010,14.2,KU239,Keitele
2010,21.8,KU240,Kemi
2010,19.2,KU320,Kemijärvi
2010,26.8,KU241,Keminmaa
2010,20.6,KU322,Kemiönsaari
2010,33.0,KU244,Kempele
2010,30.1,KU245,Kerava
2010,20.7,KU249,Keuruu
2010,12.8,KU250,Kihniö
2010,12.8,KU256,Kinnula
2010,38.1,KU257,Kirkkonummi
2010,16.4,KU260,Kitee
2010,18.7,KU261,Kittilä
2010,14.7,KU263,Kiuruvesi
2010,10.2,KU265,Kivijärvi
2010,18.9,KU271,Kokemäki
2010,24.4,KU272,Kokkola
2010,17.2,KU273,Kolari
2010,16.5,KU275,Konnevesi
2010,28.9,KU276,Kontiolahti
2010,18.9,KU280,Korsnäs
2010,16.9,KU284,Koski Tl
2010,24.8,KU285,Kotka
2010,22.8,KU286,Kouvola
2010,19.3,KU287,Kristiinankaupunki
2010,20.4,KU288,Kruunupyy
2010,15.5,KU290,Kuhmo
2010,17.1,KU291,Kuhmoinen
2010,16.9,KU295,Kumlinge
2010,29.0,KU297,Kuopio
2010,19.1,KU300,Kuortane
2010,17.1,KU301,Kurikka
2010,19.6,KU304,Kustavi
2010,18.7,KU305,Kuusamo
2010,11.5,KU312,Kyyjärvi
2010,16.9,KU316,Kärkölä
2010,12.1,KU317,Kärsämäki
2010,21.3,KU318,Kökar
2010,25.3,KU398,Lahti
2010,24.9,KU399,Laihia
2010,18.3,KU400,Laitila
2010,17.1,KU407,Lapinjärvi
2010,17.4,KU402,Lapinlahti
2010,18.2,KU403,Lappajärvi
2010,26.7,KU405,Lappeenranta
2010,24.8,KU408,Lapua
2010,24.6,KU410,Laukaa
2010,20.6,KU416,Lemi
2010,24.4,KU417,Lemland
2010,32.9,KU418,Lempäälä
2010,21.4,KU420,Leppävirta
2010,16.1,KU421,Lestijärvi
2010,15.7,KU422,Lieksa
2010,30.1,KU423,Lieto
2010,32.0,KU425,Liminka
2010,22.9,KU426,Liperi
2010,25.1,KU444,Lohja
2010,21.0,KU430,Loimaa
2010,20.4,KU433,Loppi
2010,21.7,KU434,Loviisa
2010,14.0,KU435,Luhanka
2010,18.5,KU436,Lumijoki
2010,24.4,KU438,Lumparland
2010,18.8,KU440,Luoto
2010,18.6,KU441,Luumäki
2010,22.3,KU475,Maalahti
2010,27.8,KU478,Maarianhamina - Mariehamn
2010,18.2,KU480,Marttila
2010,29.7,KU481,Masku
2010,10.6,KU483,Merijärvi
2010,15.0,KU484,Merikarvia
2010,12.8,KU489,Miehikkälä
2010,26.6,KU491,Mikkeli
2010,22.7,KU494,Muhos
2010,15.0,KU495,Multia
2010,19.9,KU498,Muonio
2010,32.1,KU499,Mustasaari
2010,34.0,KU500,Muurame
2010,19.5,KU503,Mynämäki
2010,17.0,KU504,Myrskylä
2010,23.6,KU505,Mäntsälä
2010,18.8,KU508,Mänttä-Vilppula
2010,16.7,KU507,Mäntyharju
2010,31.2,KU529,Naantali
2010,21.1,KU531,Nakkila
2010,16.8,KU535,Nivala
2010,26.3,KU536,Nokia
2010,22.7,KU538,Nousiainen
2010,15.9,KU541,Nurmes
2010,30.5,KU543,Nurmijärvi
2010,19.2,KU545,Närpiö
2010,18.5,KU560,Orimattila
2010,17.1,KU561,Oripää
2010,21.6,KU562,Orivesi
2010,20.2,KU563,Oulainen
2010,33.6,KU564,Oulu
2010,16.3,KU309,Outokumpu
2010,15.6,KU576,Padasjoki
2010,27.9,KU577,Paimio
2010,16.0,KU578,Paltamo
2010,30.4,KU445,Parainen
2010,15.4,KU580,Parikkala
2010,17.0,KU581,Parkano
2010,20.2,KU599,Pedersören kunta
2010,17.8,KU583,Pelkosenniemi
2010,16.4,KU854,Pello
2010,13.1,KU584,Perho
2010,22.0,KU592,Petäjävesi
2010,20.4,KU593,Pieksämäki
2010,13.7,KU595,Pielavesi
2010,25.2,KU598,Pietarsaari
2010,12.8,KU601,Pihtipudas
2010,38.1,KU604,Pirkkala
2010,13.0,KU607,Polvijärvi
2010,16.3,KU608,Pomarkku
2010,24.7,KU609,Pori
2010,23.5,KU611,Pornainen
2010,29.3,KU638,Porvoo
2010,13.5,KU614,Posio
2010,13.1,KU615,Pudasjärvi
2010,18.5,KU616,Pukkila
2010,16.7,KU619,Punkalaidun
2010,13.6,KU620,Puolanka
2010,16.4,KU623,Puumala
2010,22.7,KU624,Pyhtää
2010,17.2,KU625,Pyhäjoki
2010,15.4,KU626,Pyhäjärvi
2010,14.1,KU630,Pyhäntä
2010,18.7,KU631,Pyhäranta
2010,21.0,KU635,Pälkäne
2010,18.1,KU636,Pöytyä
2010,20.9,KU678,Raahe
2010,25.3,KU710,Raasepori
2010,26.4,KU680,Raisio
2010,17.2,KU681,Rantasalmi
2010,14.2,KU683,Ranua
2010,26.3,KU684,Rauma
2010,17.1,KU686,Rautalampi
2010,10.8,KU687,Rautavaara
2010,14.6,KU689,Rautjärvi
2010,15.5,KU691,Reisjärvi
2010,26.6,KU694,Riihimäki
2010,17.1,KU697,Ristijärvi
2010,29.2,KU698,Rovaniemi
2010,19.4,KU700,Ruokolahti
2010,17.9,KU702,Ruovesi
2010,26.7,KU704,Rusko
2010,13.7,KU707,Rääkkylä
2010,18.3,KU729,Saarijärvi
2010,13.5,KU732,Salla
2010,23.7,KU734,Salo
2010,16.4,KU736,Saltvik
2010,20.3,KU790,Sastamala
2010,23.9,KU738,Sauvo
2010,16.4,KU739,Savitaipale
2010,22.7,KU740,Savonlinna
2010,17.5,KU742,Savukoski
2010,29.8,KU743,Seinäjoki
2010,14.8,KU746,Sievi
2010,12.6,KU747,Siikainen
2010,15.9,KU748,Siikajoki
2010,13.3,KU791,Siikalatva
2010,29.1,KU749,Siilinjärvi
2010,18.1,KU751,Simo
2010,33.0,KU753,Sipoo
2010,32.7,KU755,Siuntio
2010,19.6,KU758,Sodankylä
2010,14.3,KU759,Soini
2010,17.7,KU761,Somero
2010,14.7,KU762,Sonkajärvi
2010,21.6,KU765,Sotkamo
2010,26.2,KU766,Sottunga
2010,16.1,KU768,Sulkava
2010,15.3,KU771,Sund
2010,14.6,KU777,Suomussalmi
2010,19.0,KU778,Suonenjoki
2010,17.2,KU781,Sysmä
2010,21.2,KU783,Säkylä
2010,29.1,KU831,Taipalsaari
2010,13.9,KU832,Taivalkoski
2010,15.3,KU833,Taivassalo
2010,24.0,KU834,Tammela
2010,32.4,KU837,Tampere
2010,12.5,KU844,Tervo
2010,15.7,KU845,Tervola
2010,15.7,KU846,Teuva
2010,14.8,KU848,Tohmajärvi
2010,15.8,KU849,Toholampi
2010,19.9,KU850,Toivakka
2010,22.7,KU851,Tornio
2010,30.4,KU853,Turku
2010,15.4,KU857,Tuusniemi
2010,31.6,KU858,Tuusula
2010,21.0,KU859,Tyrnävä
2010,25.0,KU886,Ulvila
2010,15.9,KU887,Urjala
2010,13.0,KU889,Utajärvi
2010,21.4,KU890,Utsjoki
2010,20.7,KU892,Uurainen
2010,21.7,KU893,Uusikaarlepyy
2010,21.2,KU895,Uusikaupunki
2010,15.8,KU785,Vaala
2010,32.0,KU905,Vaasa
2010,24.6,KU908,Valkeakoski
2010,29.3,KU092,Vantaa
2010,23.3,KU915,Varkaus
2010,16.3,KU918,Vehmaa
2010,13.8,KU921,Vesanto
2010,28.0,KU922,Vesilahti
2010,18.4,KU924,Veteli
2010,15.6,KU925,Vieremä
2010,29.2,KU927,Vihti
2010,16.7,KU931,Viitasaari
2010,19.0,KU934,Vimpeli
2010,17.1,KU935,Virolahti
2010,19.3,KU936,Virrat
2010,19.8,KU941,Vårdö
2010,22.1,KU946,Vöyri
2010,15.0,KU976,Ylitornio
2010,23.6,KU977,Ylivieska
2010,28.2,KU980,Ylöjärvi
2010,18.2,KU981,Ypäjä
2010,19.6,KU989,Ähtäri
2010,19.4,KU992,Äänekoski
2010,27.8,,
2010,34.8,MK01,MK01 Uusimaa
2010,27.3,MK02,MK02 Varsinais-Suomi
2010,22.9,MK04,MK04 Satakunta
2010,25.5,MK05,MK05 Kanta-Häme
2010,28.4,MK06,MK06 Pirkanmaa
2010,23.6,MK07,MK07 Päijät-Häme
2010,23.2,MK08,MK08 Kymenlaakso
2010,23.4,MK09,MK09 Etelä-Karjala
2010,22.3,MK10,MK10 Etelä-Savo
2010,24.2,MK11,MK11 Pohjois-Savo
2010,22.2,MK12,MK12 Pohjois-Karjala
2010,26.3,MK13,MK13 Keski-Suomi
2010,22.1,MK14,MK14 Etelä-Pohjanmaa
2010,26.7,MK15,MK15 Pohjanmaa
2010,22.0,MK16,MK16 Keski-Pohjanmaa
2010,26.2,MK17,MK17 Pohjois-Pohjanmaa
2010,21.5,MK18,MK18 Kainuu
2010,22.8,MK19,MK19 Lappi
2010,22.5,,
2010,22.5,MK21,MK21 Ahvenanmaa
2011,28.2,SSS,KOKO MAA
2011,22.8,KU020,Akaa
2011,19.0,KU005,Alajärvi
2011,15.3,KU009,Alavieska
2011,17.0,KU010,Alavus
2011,23.6,KU016,Asikkala
2011,20.1,KU018,Askola
2011,21.1,KU019,Aura
2011,24.5,KU035,Brändö
2011,14.7,KU043,Eckerö
2011,15.3,KU046,Enonkoski
2011,16.4,KU047,Enontekiö
2011,44.1,KU049,Espoo
2011,19.3,KU050,Eura
2011,23.4,KU051,Eurajoki
2011,14.6,KU052,Evijärvi
2011,16.2,KU060,Finström
2011,20.6,KU061,Forssa
2011,15.1,KU062,Föglö
2011,10.2,KU065,Geta
2011,17.8,KU069,Haapajärvi
2011,15.7,KU071,Haapavesi
2011,27.5,KU072,Hailuoto
2011,13.9,KU074,Halsua
2011,22.7,KU075,Hamina
2011,14.8,KU076,Hammarland
2011,16.1,KU077,Hankasalmi
2011,19.7,KU078,Hanko
2011,21.0,KU079,Harjavalta
2011,15.0,KU081,Hartola
2011,28.4,KU082,Hattula
2011,22.7,KU086,Hausjärvi
2011,21.9,KU111,Heinola
2011,16.9,KU090,Heinävesi
2011,38.1,KU091,Helsinki
2011,15.6,KU097,Hirvensalmi
2011,27.3,KU098,Hollola
2011,20.0,KU102,Huittinen
2011,16.3,KU103,Humppila
2011,13.2,KU105,Hyrynsalmi
2011,28.2,KU106,Hyvinkää
2011,21.1,KU108,Hämeenkyrö
2011,29.0,KU109,Hämeenlinna
2011,19.9,KU139,Ii
2011,22.8,KU140,Iisalmi
2011,20.7,KU142,Iitti
2011,21.8,KU143,Ikaalinen
2011,22.4,KU145,Ilmajoki
2011,13.8,KU146,Ilomantsi
2011,20.7,KU153,Imatra
2011,19.5,KU148,Inari
2011,31.7,KU149,Inkoo
2011,12.2,KU151,Isojoki
2011,21.3,KU152,Isokyrö
2011,23.3,KU165,Janakkala
2011,28.1,KU167,Joensuu
2011,23.5,KU169,Jokioinen
2011,23.1,KU170,Jomala
2011,20.5,KU171,Joroinen
2011,16.3,KU172,Joutsa
2011,14.5,KU176,Juuka
2011,16.3,KU177,Juupajoki
2011,16.8,KU178,Juva
2011,33.2,KU179,Jyväskylä
2011,16.2,KU181,Jämijärvi
2011,21.5,KU182,Jämsä
2011,31.7,KU186,Järvenpää
2011,34.2,KU202,Kaarina
2011,11.8,KU204,Kaavi
2011,27.3,KU205,Kajaani
2011,18.8,KU208,Kalajoki
2011,32.1,KU211,Kangasala
2011,17.4,KU213,Kangasniemi
2011,20.0,KU214,Kankaanpää
2011,14.8,KU216,Kannonkoski
2011,18.5,KU217,Kannus
2011,10.8,KU218,Karijoki
2011,18.9,KU224,Karkkila
2011,16.8,KU226,Karstula
2011,11.3,KU230,Karvia
2011,20.8,KU231,Kaskinen
2011,18.7,KU232,Kauhajoki
2011,20.6,KU233,Kauhava
2011,56.5,KU235,Kauniainen
2011,19.8,KU236,Kaustinen
2011,14.9,KU239,Keitele
2011,22.3,KU240,Kemi
2011,19.7,KU320,Kemijärvi
2011,27.0,KU241,Keminmaa
2011,20.8,KU322,Kemiönsaari
2011,33.3,KU244,Kempele
2011,30.2,KU245,Kerava
2011,21.2,KU249,Keuruu
2011,13.3,KU250,Kihniö
2011,13.1,KU256,Kinnula
2011,38.3,KU257,Kirkkonummi
2011,16.7,KU260,Kitee
2011,19.2,KU261,Kittilä
2011,15.1,KU263,Kiuruvesi
2011,9.7,KU265,Kivijärvi
2011,19.1,KU271,Kokemäki
2011,24.8,KU272,Kokkola
2011,18.1,KU273,Kolari
2011,16.9,KU275,Konnevesi
2011,29.4,KU276,Kontiolahti
2011,19.3,KU280,Korsnäs
2011,17.0,KU284,Koski Tl
2011,25.1,KU285,Kotka
2011,23.1,KU286,Kouvola
2011,19.5,KU287,Kristiinankaupunki
2011,20.9,KU288,Kruunupyy
2011,15.7,KU290,Kuhmo
2011,17.5,KU291,Kuhmoinen
2011,16.0,KU295,Kumlinge
2011,29.5,KU297,Kuopio
2011,19.1,KU300,Kuortane
2011,17.5,KU301,Kurikka
2011,20.4,KU304,Kustavi
2011,19.0,KU305,Kuusamo
2011,12.1,KU312,Kyyjärvi
2011,17.3,KU316,Kärkölä
2011,12.1,KU317,Kärsämäki
2011,21.6,KU318,Kökar
2011,25.8,KU398,Lahti
2011,25.5,KU399,Laihia
2011,18.6,KU400,Laitila
2011,17.9,KU407,Lapinjärvi
2011,17.7,KU402,Lapinlahti
2011,18.5,KU403,Lappajärvi
2011,27.1,KU405,Lappeenranta
2011,25.4,KU408,Lapua
2011,25.3,KU410,Laukaa
2011,20.7,KU416,Lemi
2011,24.1,KU417,Lemland
2011,33.6,KU418,Lempäälä
2011,21.7,KU420,Leppävirta
2011,16.3,KU421,Lestijärvi
2011,15.9,KU422,Lieksa
2011,30.6,KU423,Lieto
2011,32.5,KU425,Liminka
2011,23.3,KU426,Liperi
2011,25.4,KU444,Lohja
2011,21.5,KU430,Loimaa
2011,20.6,KU433,Loppi
2011,21.9,KU434,Loviisa
2011,15.0,KU435,Luhanka
2011,18.3,KU436,Lumijoki
2011,23.3,KU438,Lumparland
2011,19.1,KU440,Luoto
2011,18.8,KU441,Luumäki
2011,22.9,KU475,Maalahti
2011,27.8,KU478,Maarianhamina - Mariehamn
2011,18.5,KU480,Marttila
2011,30.0,KU481,Masku
2011,11.4,KU483,Merijärvi
2011,15.7,KU484,Merikarvia
2011,12.7,KU489,Miehikkälä
2011,27.2,KU491,Mikkeli
2011,23.1,KU494,Muhos
2011,15.6,KU495,Multia
2011,20.2,KU498,Muonio
2011,33.0,KU499,Mustasaari
2011,34.8,KU500,Muurame
2011,20.0,KU503,Mynämäki
2011,17.0,KU504,Myrskylä
2011,23.7,KU505,Mäntsälä
2011,19.0,KU508,Mänttä-Vilppula
2011,17.1,KU507,Mäntyharju
2011,31.4,KU529,Naantali
2011,21.6,KU531,Nakkila
2011,17.1,KU535,Nivala
2011,26.9,KU536,Nokia
2011,23.1,KU538,Nousiainen
2011,16.4,KU541,Nurmes
2011,30.9,KU543,Nurmijärvi
2011,19.5,KU545,Närpiö
2011,18.8,KU560,Orimattila
2011,17.1,KU561,Oripää
2011,22.1,KU562,Orivesi
2011,20.6,KU563,Oulainen
2011,33.8,KU564,Oulu
2011,16.4,KU309,Outokumpu
2011,15.9,KU576,Padasjoki
2011,28.5,KU577,Paimio
2011,15.9,KU578,Paltamo
2011,30.9,KU445,Parainen
2011,15.4,KU580,Parikkala
2011,17.1,KU581,Parkano
2011,20.4,KU599,Pedersören kunta
2011,17.6,KU583,Pelkosenniemi
2011,16.8,KU854,Pello
2011,13.0,KU584,Perho
2011,22.4,KU592,Petäjävesi
2011,20.7,KU593,Pieksämäki
2011,13.8,KU595,Pielavesi
2011,25.3,KU598,Pietarsaari
2011,13.1,KU601,Pihtipudas
2011,38.6,KU604,Pirkkala
2011,13.4,KU607,Polvijärvi
2011,16.6,KU608,Pomarkku
2011,25.0,KU609,Pori
2011,23.9,KU611,Pornainen
2011,29.6,KU638,Porvoo
2011,13.5,KU614,Posio
2011,13.4,KU615,Pudasjärvi
2011,19.5,KU616,Pukkila
2011,17.0,KU619,Punkalaidun
2011,13.7,KU620,Puolanka
2011,16.7,KU623,Puumala
2011,23.1,KU624,Pyhtää
2011,17.4,KU625,Pyhäjoki
2011,15.7,KU626,Pyhäjärvi
2011,14.5,KU630,Pyhäntä
2011,19.0,KU631,Pyhäranta
2011,21.3,KU635,Pälkäne
2011,18.5,KU636,Pöytyä
2011,21.0,KU678,Raahe
2011,25.7,KU710,Raasepori
2011,26.7,KU680,Raisio
2011,17.2,KU681,Rantasalmi
2011,14.6,KU683,Ranua
2011,26.6,KU684,Rauma
2011,17.0,KU686,Rautalampi
2011,11.5,KU687,Rautavaara
2011,14.6,KU689,Rautjärvi
2011,16.0,KU691,Reisjärvi
2011,26.8,KU694,Riihimäki
2011,18.0,KU697,Ristijärvi
2011,29.8,KU698,Rovaniemi
2011,20.0,KU700,Ruokolahti
2011,18.5,KU702,Ruovesi
2011,27.2,KU704,Rusko
2011,13.9,KU707,Rääkkylä
2011,18.8,KU729,Saarijärvi
2011,13.7,KU732,Salla
2011,24.0,KU734,Salo
2011,16.5,KU736,Saltvik
2011,20.7,KU790,Sastamala
2011,24.2,KU738,Sauvo
2011,16.9,KU739,Savitaipale
2011,23.1,KU740,Savonlinna
2011,17.1,KU742,Savukoski
2011,30.3,KU743,Seinäjoki
2011,14.9,KU746,Sievi
2011,12.9,KU747,Siikainen
2011,16.6,KU748,Siikajoki
2011,13.2,KU791,Siikalatva
2011,29.5,KU749,Siilinjärvi
2011,18.8,KU751,Simo
2011,33.3,KU753,Sipoo
2011,33.4,KU755,Siuntio
2011,20.4,KU758,Sodankylä
2011,14.6,KU759,Soini
2011,18.2,KU761,Somero
2011,14.8,KU762,Sonkajärvi
2011,22.1,KU765,Sotkamo
2011,28.7,KU766,Sottunga
2011,16.3,KU768,Sulkava
2011,15.1,KU771,Sund
2011,14.8,KU777,Suomussalmi
2011,18.9,KU778,Suonenjoki
2011,17.9,KU781,Sysmä
2011,21.6,KU783,Säkylä
2011,29.9,KU831,Taipalsaari
2011,14.1,KU832,Taivalkoski
2011,15.9,KU833,Taivassalo
2011,24.6,KU834,Tammela
2011,32.8,KU837,Tampere
2011,13.2,KU844,Tervo
2011,16.2,KU845,Tervola
2011,15.8,KU846,Teuva
2011,15.3,KU848,Tohmajärvi
2011,16.3,KU849,Toholampi
2011,21.0,KU850,Toivakka
2011,23.0,KU851,Tornio
2011,30.8,KU853,Turku
2011,15.5,KU857,Tuusniemi
2011,32.1,KU858,Tuusula
2011,21.3,KU859,Tyrnävä
2011,25.6,KU886,Ulvila
2011,16.6,KU887,Urjala
2011,13.8,KU889,Utajärvi
2011,21.9,KU890,Utsjoki
2011,21.0,KU892,Uurainen
2011,22.3,KU893,Uusikaarlepyy
2011,21.5,KU895,Uusikaupunki
2011,16.0,KU785,Vaala
2011,32.3,KU905,Vaasa
2011,24.9,KU908,Valkeakoski
2011,29.6,KU092,Vantaa
2011,23.4,KU915,Varkaus
2011,17.0,KU918,Vehmaa
2011,14.0,KU921,Vesanto
2011,28.6,KU922,Vesilahti
2011,18.8,KU924,Veteli
2011,15.9,KU925,Vieremä
2011,29.6,KU927,Vihti
2011,16.9,KU931,Viitasaari
2011,19.5,KU934,Vimpeli
2011,17.5,KU935,Virolahti
2011,19.4,KU936,Virrat
2011,19.6,KU941,Vårdö
2011,22.6,KU946,Vöyri
2011,15.3,KU976,Ylitornio
2011,23.9,KU977,Ylivieska
2011,28.5,KU980,Ylöjärvi
2011,18.2,KU981,Ypäjä
2011,19.9,KU989,Ähtäri
2011,19.5,KU992,Äänekoski
2011,28.2,,
2011,35.2,MK01,MK01 Uusimaa
2011,27.7,MK02,MK02 Varsinais-Suomi
2011,23.3,MK04,MK04 Satakunta
2011,25.8,MK05,MK05 Kanta-Häme
2011,28.8,MK06,MK06 Pirkanmaa
2011,24.1,MK07,MK07 Päijät-Häme
2011,23.4,MK08,MK08 Kymenlaakso
2011,23.8,MK09,MK09 Etelä-Karjala
2011,22.8,MK10,MK10 Etelä-Savo
2011,24.6,MK11,MK11 Pohjois-Savo
2011,22.6,MK12,MK12 Pohjois-Karjala
2011,26.7,MK13,MK13 Keski-Suomi
2011,22.5,MK14,MK14 Etelä-Pohjanmaa
2011,27.1,MK15,MK15 Pohjanmaa
2011,22.4,MK16,MK16 Keski-Pohjanmaa
2011,26.6,MK17,MK17 Pohjois-Pohjanmaa
2011,21.9,MK18,MK18 Kainuu
2011,23.3,MK19,MK19 Lappi
2011,22.5,,
2011,22.5,MK21,MK21 Ahvenanmaa
2012,28.7,SSS,KOKO MAA
2012,23.1,KU020,Akaa
2012,19.3,KU005,Alajärvi
2012,15.3,KU009,Alavieska
2012,17.2,KU010,Alavus
2012,24.0,KU016,Asikkala
2012,20.6,KU018,Askola
2012,21.3,KU019,Aura
2012,24.9,KU035,Brändö
2012,15.2,KU043,Eckerö
2012,15.6,KU046,Enonkoski
2012,16.9,KU047,Enontekiö
2012,44.4,KU049,Espoo
2012,19.7,KU050,Eura
2012,23.7,KU051,Eurajoki
2012,14.7,KU052,Evijärvi
2012,16.5,KU060,Finström
2012,20.8,KU061,Forssa
2012,15.1,KU062,Föglö
2012,10.5,KU065,Geta
2012,18.1,KU069,Haapajärvi
2012,15.9,KU071,Haapavesi
2012,28.1,KU072,Hailuoto
2012,14.6,KU074,Halsua
2012,23.0,KU075,Hamina
2012,16.0,KU076,Hammarland
2012,16.8,KU077,Hankasalmi
2012,20.1,KU078,Hanko
2012,21.2,KU079,Harjavalta
2012,15.7,KU081,Hartola
2012,28.8,KU082,Hattula
2012,23.1,KU086,Hausjärvi
2012,22.0,KU111,Heinola
2012,17.3,KU090,Heinävesi
2012,38.6,KU091,Helsinki
2012,16.1,KU097,Hirvensalmi
2012,27.7,KU098,Hollola
2012,20.4,KU102,Huittinen
2012,16.7,KU103,Humppila
2012,13.3,KU105,Hyrynsalmi
2012,28.7,KU106,Hyvinkää
2012,21.5,KU108,Hämeenkyrö
2012,29.5,KU109,Hämeenlinna
2012,20.3,KU139,Ii
2012,23.1,KU140,Iisalmi
2012,20.9,KU142,Iitti
2012,22.5,KU143,Ikaalinen
2012,23.2,KU145,Ilmajoki
2012,13.8,KU146,Ilomantsi
2012,21.0,KU153,Imatra
2012,19.8,KU148,Inari
2012,31.7,KU149,Inkoo
2012,12.6,KU151,Isojoki
2012,21.8,KU152,Isokyrö
2012,23.3,KU165,Janakkala
2012,28.5,KU167,Joensuu
2012,23.7,KU169,Jokioinen
2012,23.6,KU170,Jomala
2012,21.0,KU171,Joroinen
2012,16.6,KU172,Joutsa
2012,14.6,KU176,Juuka
2012,17.0,KU177,Juupajoki
2012,17.0,KU178,Juva
2012,33.7,KU179,Jyväskylä
2012,16.6,KU181,Jämijärvi
2012,21.6,KU182,Jämsä
2012,32.0,KU186,Järvenpää
2012,34.8,KU202,Kaarina
2012,11.7,KU204,Kaavi
2012,27.7,KU205,Kajaani
2012,19.2,KU208,Kalajoki
2012,32.5,KU211,Kangasala
2012,18.0,KU213,Kangasniemi
2012,20.4,KU214,Kankaanpää
2012,14.7,KU216,Kannonkoski
2012,18.8,KU217,Kannus
2012,11.2,KU218,Karijoki
2012,19.2,KU224,Karkkila
2012,17.4,KU226,Karstula
2012,11.7,KU230,Karvia
2012,21.9,KU231,Kaskinen
2012,18.9,KU232,Kauhajoki
2012,21.1,KU233,Kauhava
2012,56.8,KU235,Kauniainen
2012,20.4,KU236,Kaustinen
2012,14.8,KU239,Keitele
2012,22.4,KU240,Kemi
2012,20.0,KU320,Kemijärvi
2012,27.4,KU241,Keminmaa
2012,21.6,KU322,Kemiönsaari
2012,33.8,KU244,Kempele
2012,30.4,KU245,Kerava
2012,21.6,KU249,Keuruu
2012,13.3,KU250,Kihniö
2012,14.0,KU256,Kinnula
2012,38.4,KU257,Kirkkonummi
2012,17.1,KU260,Kitee
2012,20.2,KU261,Kittilä
2012,15.5,KU263,Kiuruvesi
2012,10.1,KU265,Kivijärvi
2012,19.5,KU271,Kokemäki
2012,25.2,KU272,Kokkola
2012,18.6,KU273,Kolari
2012,17.2,KU275,Konnevesi
2012,29.8,KU276,Kontiolahti
2012,19.8,KU280,Korsnäs
2012,17.8,KU284,Koski Tl
2012,25.4,KU285,Kotka
2012,23.4,KU286,Kouvola
2012,19.9,KU287,Kristiinankaupunki
2012,21.5,KU288,Kruunupyy
2012,16.3,KU290,Kuhmo
2012,17.7,KU291,Kuhmoinen
2012,16.0,KU295,Kumlinge
2012,29.9,KU297,Kuopio
2012,20.1,KU300,Kuortane
2012,17.8,KU301,Kurikka
2012,20.9,KU304,Kustavi
2012,19.3,KU305,Kuusamo
2012,12.9,KU312,Kyyjärvi
2012,17.2,KU316,Kärkölä
2012,12.8,KU317,Kärsämäki
2012,22.0,KU318,Kökar
2012,26.1,KU398,Lahti
2012,26.3,KU399,Laihia
2012,18.6,KU400,Laitila
2012,18.4,KU407,Lapinjärvi
2012,17.7,KU402,Lapinlahti
2012,18.7,KU403,Lappajärvi
2012,27.5,KU405,Lappeenranta
2012,25.9,KU408,Lapua
2012,25.6,KU410,Laukaa
2012,21.5,KU416,Lemi
2012,23.7,KU417,Lemland
2012,34.2,KU418,Lempäälä
2012,22.0,KU420,Leppävirta
2012,17.1,KU421,Lestijärvi
2012,16.1,KU422,Lieksa
2012,31.1,KU423,Lieto
2012,33.0,KU425,Liminka
2012,24.0,KU426,Liperi
2012,25.5,KU444,Lohja
2012,21.7,KU430,Loimaa
2012,20.7,KU433,Loppi
2012,22.0,KU434,Loviisa
2012,16.2,KU435,Luhanka
2012,19.1,KU436,Lumijoki
2012,23.3,KU438,Lumparland
2012,19.4,KU440,Luoto
2012,19.3,KU441,Luumäki
2012,23.2,KU475,Maalahti
2012,27.8,KU478,Maarianhamina - Mariehamn
2012,18.7,KU480,Marttila
2012,30.1,KU481,Masku
2012,11.6,KU483,Merijärvi
2012,16.0,KU484,Merikarvia
2012,12.8,KU489,Miehikkälä
2012,27.7,KU491,Mikkeli
2012,23.7,KU494,Muhos
2012,15.7,KU495,Multia
2012,20.5,KU498,Muonio
2012,33.6,KU499,Mustasaari
2012,35.0,KU500,Muurame
2012,20.4,KU503,Mynämäki
2012,17.7,KU504,Myrskylä
2012,24.3,KU505,Mäntsälä
2012,19.0,KU508,Mänttä-Vilppula
2012,17.5,KU507,Mäntyharju
2012,31.8,KU529,Naantali
2012,21.9,KU531,Nakkila
2012,17.1,KU535,Nivala
2012,27.6,KU536,Nokia
2012,23.7,KU538,Nousiainen
2012,16.7,KU541,Nurmes
2012,31.1,KU543,Nurmijärvi
2012,19.9,KU545,Närpiö
2012,19.3,KU560,Orimattila
2012,17.0,KU561,Oripää
2012,22.7,KU562,Orivesi
2012,20.9,KU563,Oulainen
2012,34.2,KU564,Oulu
2012,16.6,KU309,Outokumpu
2012,16.4,KU576,Padasjoki
2012,29.0,KU577,Paimio
2012,16.2,KU578,Paltamo
2012,31.5,KU445,Parainen
2012,16.0,KU580,Parikkala
2012,17.5,KU581,Parkano
2012,20.5,KU599,Pedersören kunta
2012,18.6,KU583,Pelkosenniemi
2012,16.9,KU854,Pello
2012,13.0,KU584,Perho
2012,22.8,KU592,Petäjävesi
2012,21.3,KU593,Pieksämäki
2012,14.4,KU595,Pielavesi
2012,25.6,KU598,Pietarsaari
2012,13.4,KU601,Pihtipudas
2012,39.1,KU604,Pirkkala
2012,13.9,KU607,Polvijärvi
2012,16.9,KU608,Pomarkku
2012,25.4,KU609,Pori
2012,24.4,KU611,Pornainen
2012,30.1,KU638,Porvoo
2012,13.7,KU614,Posio
2012,13.8,KU615,Pudasjärvi
2012,19.2,KU616,Pukkila
2012,17.7,KU619,Punkalaidun
2012,13.9,KU620,Puolanka
2012,17.6,KU623,Puumala
2012,23.8,KU624,Pyhtää
2012,17.6,KU625,Pyhäjoki
2012,16.0,KU626,Pyhäjärvi
2012,15.0,KU630,Pyhäntä
2012,19.2,KU631,Pyhäranta
2012,22.1,KU635,Pälkäne
2012,18.7,KU636,Pöytyä
2012,21.1,KU678,Raahe
2012,25.9,KU710,Raasepori
2012,27.2,KU680,Raisio
2012,17.4,KU681,Rantasalmi
2012,14.7,KU683,Ranua
2012,26.9,KU684,Rauma
2012,17.8,KU686,Rautalampi
2012,11.4,KU687,Rautavaara
2012,14.7,KU689,Rautjärvi
2012,16.3,KU691,Reisjärvi
2012,27.0,KU694,Riihimäki
2012,17.8,KU697,Ristijärvi
2012,30.3,KU698,Rovaniemi
2012,20.6,KU700,Ruokolahti
2012,18.6,KU702,Ruovesi
2012,27.8,KU704,Rusko
2012,14.4,KU707,Rääkkylä
2012,19.1,KU729,Saarijärvi
2012,13.8,KU732,Salla
2012,24.4,KU734,Salo
2012,16.5,KU736,Saltvik
2012,21.0,KU790,Sastamala
2012,25.0,KU738,Sauvo
2012,17.0,KU739,Savitaipale
2012,23.5,KU740,Savonlinna
2012,17.9,KU742,Savukoski
2012,30.6,KU743,Seinäjoki
2012,15.3,KU746,Sievi
2012,13.1,KU747,Siikainen
2012,16.9,KU748,Siikajoki
2012,13.3,KU791,Siikalatva
2012,29.9,KU749,Siilinjärvi
2012,18.7,KU751,Simo
2012,33.7,KU753,Sipoo
2012,33.7,KU755,Siuntio
2012,20.9,KU758,Sodankylä
2012,14.6,KU759,Soini
2012,18.5,KU761,Somero
2012,14.6,KU762,Sonkajärvi
2012,22.3,KU765,Sotkamo
2012,25.3,KU766,Sottunga
2012,16.4,KU768,Sulkava
2012,16.2,KU771,Sund
2012,15.0,KU777,Suomussalmi
2012,19.4,KU778,Suonenjoki
2012,17.9,KU781,Sysmä
2012,22.0,KU783,Säkylä
2012,30.5,KU831,Taipalsaari
2012,14.3,KU832,Taivalkoski
2012,16.5,KU833,Taivassalo
2012,25.1,KU834,Tammela
2012,33.4,KU837,Tampere
2012,14.2,KU844,Tervo
2012,16.7,KU845,Tervola
2012,16.0,KU846,Teuva
2012,15.9,KU848,Tohmajärvi
2012,16.5,KU849,Toholampi
2012,21.7,KU850,Toivakka
2012,23.2,KU851,Tornio
2012,31.2,KU853,Turku
2012,15.9,KU857,Tuusniemi
2012,32.3,KU858,Tuusula
2012,21.5,KU859,Tyrnävä
2012,26.0,KU886,Ulvila
2012,17.1,KU887,Urjala
2012,14.1,KU889,Utajärvi
2012,22.3,KU890,Utsjoki
2012,21.5,KU892,Uurainen
2012,22.4,KU893,Uusikaarlepyy
2012,21.7,KU895,Uusikaupunki
2012,16.5,KU785,Vaala
2012,32.6,KU905,Vaasa
2012,25.3,KU908,Valkeakoski
2012,29.8,KU092,Vantaa
2012,23.7,KU915,Varkaus
2012,16.9,KU918,Vehmaa
2012,14.0,KU921,Vesanto
2012,29.1,KU922,Vesilahti
2012,19.4,KU924,Veteli
2012,16.0,KU925,Vieremä
2012,29.9,KU927,Vihti
2012,17.2,KU931,Viitasaari
2012,19.4,KU934,Vimpeli
2012,17.4,KU935,Virolahti
2012,19.7,KU936,Virrat
2012,19.9,KU941,Vårdö
2012,22.8,KU946,Vöyri
2012,15.8,KU976,Ylitornio
2012,24.4,KU977,Ylivieska
2012,29.0,KU980,Ylöjärvi
2012,18.2,KU981,Ypäjä
2012,20.0,KU989,Ähtäri
2012,19.6,KU992,Äänekoski
2012,28.7,,
2012,35.6,MK01,MK01 Uusimaa
2012,28.1,MK02,MK02 Varsinais-Suomi
2012,23.7,MK04,MK04 Satakunta
2012,26.1,MK05,MK05 Kanta-Häme
2012,29.4,MK06,MK06 Pirkanmaa
2012,24.4,MK07,MK07 Päijät-Häme
2012,23.7,MK08,MK08 Kymenlaakso
2012,24.3,MK09,MK09 Etelä-Karjala
2012,23.3,MK10,MK10 Etelä-Savo
2012,25.0,MK11,MK11 Pohjois-Savo
2012,23.1,MK12,MK12 Pohjois-Karjala
2012,27.2,MK13,MK13 Keski-Suomi
2012,22.9,MK14,MK14 Etelä-Pohjanmaa
2012,27.6,MK15,MK15 Pohjanmaa
2012,22.9,MK16,MK16 Keski-Pohjanmaa
2012,27.0,MK17,MK17 Pohjois-Pohjanmaa
2012,22.2,MK18,MK18 Kainuu
2012,23.7,MK19,MK19 Lappi
2012,22.7,,
2012,22.7,MK21,MK21 Ahvenanmaa
2013,29.3,SSS,KOKO MAA
2013,23.8,KU020,Akaa
2013,19.9,KU005,Alajärvi
2013,15.7,KU009,Alavieska
2013,17.5,KU010,Alavus
2013,24.3,KU016,Asikkala
2013,21.2,KU018,Askola
2013,21.7,KU019,Aura
2013,26.4,KU035,Brändö
2013,15.8,KU043,Eckerö
2013,16.6,KU046,Enonkoski
2013,17.9,KU047,Enontekiö
2013,45.0,KU049,Espoo
2013,20.1,KU050,Eura
2013,24.2,KU051,Eurajoki
2013,14.7,KU052,Evijärvi
2013,16.8,KU060,Finström
2013,21.3,KU061,Forssa
2013,15.9,KU062,Föglö
2013,11.1,KU065,Geta
2013,18.5,KU069,Haapajärvi
2013,16.2,KU071,Haapavesi
2013,28.4,KU072,Hailuoto
2013,15.1,KU074,Halsua
2013,23.4,KU075,Hamina
2013,16.4,KU076,Hammarland
2013,17.4,KU077,Hankasalmi
2013,20.9,KU078,Hanko
2013,21.8,KU079,Harjavalta
2013,15.7,KU081,Hartola
2013,29.6,KU082,Hattula
2013,23.2,KU086,Hausjärvi
2013,22.4,KU111,Heinola
2013,17.8,KU090,Heinävesi
2013,39.5,KU091,Helsinki
2013,16.6,KU097,Hirvensalmi
2013,28.0,KU098,Hollola
2013,21.2,KU102,Huittinen
2013,17.1,KU103,Humppila
2013,14.2,KU105,Hyrynsalmi
2013,29.1,KU106,Hyvinkää
2013,21.9,KU108,Hämeenkyrö
2013,29.9,KU109,Hämeenlinna
2013,21.1,KU139,Ii
2013,23.5,KU140,Iisalmi
2013,21.5,KU142,Iitti
2013,23.0,KU143,Ikaalinen
2013,23.8,KU145,Ilmajoki
2013,14.3,KU146,Ilomantsi
2013,21.3,KU153,Imatra
2013,20.8,KU148,Inari
2013,32.3,KU149,Inkoo
2013,13.0,KU151,Isojoki
2013,22.4,KU152,Isokyrö
2013,23.9,KU165,Janakkala
2013,29.2,KU167,Joensuu
2013,24.4,KU169,Jokioinen
2013,24.0,KU170,Jomala
2013,21.6,KU171,Joroinen
2013,17.1,KU172,Joutsa
2013,15.2,KU176,Juuka
2013,17.3,KU177,Juupajoki
2013,17.3,KU178,Juva
2013,34.3,KU179,Jyväskylä
2013,17.1,KU181,Jämijärvi
2013,21.9,KU182,Jämsä
2013,32.7,KU186,Järvenpää
2013,35.2,KU202,Kaarina
2013,12.2,KU204,Kaavi
2013,28.1,KU205,Kajaani
2013,19.7,KU208,Kalajoki
2013,33.1,KU211,Kangasala
2013,18.5,KU213,Kangasniemi
2013,20.8,KU214,Kankaanpää
2013,14.9,KU216,Kannonkoski
2013,19.3,KU217,Kannus
2013,11.5,KU218,Karijoki
2013,19.7,KU224,Karkkila
2013,17.8,KU226,Karstula
2013,11.7,KU230,Karvia
2013,22.9,KU231,Kaskinen
2013,19.1,KU232,Kauhajoki
2013,21.5,KU233,Kauhava
2013,57.0,KU235,Kauniainen
2013,21.5,KU236,Kaustinen
2013,15.0,KU239,Keitele
2013,22.9,KU240,Kemi
2013,20.5,KU320,Kemijärvi
2013,28.0,KU241,Keminmaa
2013,22.2,KU322,Kemiönsaari
2013,34.0,KU244,Kempele
2013,30.8,KU245,Kerava
2013,22.0,KU249,Keuruu
2013,13.8,KU250,Kihniö
2013,14.2,KU256,Kinnula
2013,38.8,KU257,Kirkkonummi
2013,17.4,KU260,Kitee
2013,20.7,KU261,Kittilä
2013,15.8,KU263,Kiuruvesi
2013,10.2,KU265,Kivijärvi
2013,19.6,KU271,Kokemäki
2013,25.8,KU272,Kokkola
2013,19.4,KU273,Kolari
2013,17.2,KU275,Konnevesi
2013,30.2,KU276,Kontiolahti
2013,20.7,KU280,Korsnäs
2013,18.5,KU284,Koski Tl
2013,25.8,KU285,Kotka
2013,23.8,KU286,Kouvola
2013,20.4,KU287,Kristiinankaupunki
2013,22.1,KU288,Kruunupyy
2013,16.5,KU290,Kuhmo
2013,18.1,KU291,Kuhmoinen
2013,16.9,KU295,Kumlinge
2013,30.6,KU297,Kuopio
2013,20.6,KU300,Kuortane
2013,18.4,KU301,Kurikka
2013,22.1,KU304,Kustavi
2013,19.6,KU305,Kuusamo
2013,13.8,KU312,Kyyjärvi
2013,17.7,KU316,Kärkölä
2013,13.1,KU317,Kärsämäki
2013,23.1,KU318,Kökar
2013,26.8,KU398,Lahti
2013,27.0,KU399,Laihia
2013,19.1,KU400,Laitila
2013,18.7,KU407,Lapinjärvi
2013,18.4,KU402,Lapinlahti
2013,19.6,KU403,Lappajärvi
2013,28.1,KU405,Lappeenranta
2013,26.5,KU408,Lapua
2013,26.0,KU410,Laukaa
2013,21.4,KU416,Lemi
2013,24.3,KU417,Lemland
2013,34.8,KU418,Lempäälä
2013,22.5,KU420,Leppävirta
2013,18.8,KU421,Lestijärvi
2013,16.4,KU422,Lieksa
2013,31.7,KU423,Lieto
2013,33.7,KU425,Liminka
2013,24.6,KU426,Liperi
2013,25.9,KU444,Lohja
2013,22.3,KU430,Loimaa
2013,21.2,KU433,Loppi
2013,22.6,KU434,Loviisa
2013,18.1,KU435,Luhanka
2013,19.2,KU436,Lumijoki
2013,22.9,KU438,Lumparland
2013,20.3,KU440,Luoto
2013,19.9,KU441,Luumäki
2013,24.0,KU475,Maalahti
2013,28.4,KU478,Maarianhamina - Mariehamn
2013,19.3,KU480,Marttila
2013,30.7,KU481,Masku
2013,11.3,KU483,Merijärvi
2013,16.7,KU484,Merikarvia
2013,13.0,KU489,Miehikkälä
2013,28.4,KU491,Mikkeli
2013,24.0,KU494,Muhos
2013,16.4,KU495,Multia
2013,21.3,KU498,Muonio
2013,34.3,KU499,Mustasaari
2013,35.1,KU500,Muurame
2013,20.6,KU503,Mynämäki
2013,18.2,KU504,Myrskylä
2013,24.8,KU505,Mäntsälä
2013,19.2,KU508,Mänttä-Vilppula
2013,18.0,KU507,Mäntyharju
2013,32.5,KU529,Naantali
2013,22.1,KU531,Nakkila
2013,17.6,KU535,Nivala
2013,28.2,KU536,Nokia
2013,24.5,KU538,Nousiainen
2013,17.2,KU541,Nurmes
2013,31.5,KU543,Nurmijärvi
2013,20.4,KU545,Närpiö
2013,19.8,KU560,Orimattila
2013,17.2,KU561,Oripää
2013,23.2,KU562,Orivesi
2013,21.5,KU563,Oulainen
2013,34.8,KU564,Oulu
2013,17.0,KU309,Outokumpu
2013,16.8,KU576,Padasjoki
2013,29.7,KU577,Paimio
2013,17.0,KU578,Paltamo
2013,31.9,KU445,Parainen
2013,16.5,KU580,Parikkala
2013,18.0,KU581,Parkano
2013,20.9,KU599,Pedersören kunta
2013,19.1,KU583,Pelkosenniemi
2013,17.4,KU854,Pello
2013,13.4,KU584,Perho
2013,23.4,KU592,Petäjävesi
2013,21.5,KU593,Pieksämäki
2013,14.9,KU595,Pielavesi
2013,26.3,KU598,Pietarsaari
2013,13.9,KU601,Pihtipudas
2013,39.4,KU604,Pirkkala
2013,15.1,KU607,Polvijärvi
2013,17.3,KU608,Pomarkku
2013,26.1,KU609,Pori
2013,24.9,KU611,Pornainen
2013,30.8,KU638,Porvoo
2013,14.3,KU614,Posio
2013,14.2,KU615,Pudasjärvi
2013,19.8,KU616,Pukkila
2013,18.5,KU619,Punkalaidun
2013,14.5,KU620,Puolanka
2013,18.2,KU623,Puumala
2013,24.8,KU624,Pyhtää
2013,18.3,KU625,Pyhäjoki
2013,16.6,KU626,Pyhäjärvi
2013,15.4,KU630,Pyhäntä
2013,19.8,KU631,Pyhäranta
2013,22.5,KU635,Pälkäne
2013,19.4,KU636,Pöytyä
2013,21.5,KU678,Raahe
2013,26.3,KU710,Raasepori
2013,27.5,KU680,Raisio
2013,18.2,KU681,Rantasalmi
2013,15.3,KU683,Ranua
2013,27.4,KU684,Rauma
2013,18.6,KU686,Rautalampi
2013,12.0,KU687,Rautavaara
2013,14.9,KU689,Rautjärvi
2013,16.8,KU691,Reisjärvi
2013,27.3,KU694,Riihimäki
2013,18.6,KU697,Ristijärvi
2013,30.9,KU698,Rovaniemi
2013,21.1,KU700,Ruokolahti
2013,19.2,KU702,Ruovesi
2013,28.1,KU704,Rusko
2013,14.7,KU707,Rääkkylä
2013,19.6,KU729,Saarijärvi
2013,14.3,KU732,Salla
2013,24.7,KU734,Salo
2013,17.4,KU736,Saltvik
2013,21.5,KU790,Sastamala
2013,25.2,KU738,Sauvo
2013,17.9,KU739,Savitaipale
2013,23.9,KU740,Savonlinna
2013,18.1,KU742,Savukoski
2013,31.1,KU743,Seinäjoki
2013,15.9,KU746,Sievi
2013,13.5,KU747,Siikainen
2013,17.3,KU748,Siikajoki
2013,13.6,KU791,Siikalatva
2013,30.3,KU749,Siilinjärvi
2013,19.5,KU751,Simo
2013,34.6,KU753,Sipoo
2013,34.1,KU755,Siuntio
2013,21.6,KU758,Sodankylä
2013,15.3,KU759,Soini
2013,18.9,KU761,Somero
2013,14.8,KU762,Sonkajärvi
2013,23.1,KU765,Sotkamo
2013,27.8,KU766,Sottunga
2013,16.7,KU768,Sulkava
2013,16.6,KU771,Sund
2013,15.4,KU777,Suomussalmi
2013,19.8,KU778,Suonenjoki
2013,18.1,KU781,Sysmä
2013,22.4,KU783,Säkylä
2013,31.3,KU831,Taipalsaari
2013,15.0,KU832,Taivalkoski
2013,17.7,KU833,Taivassalo
2013,25.6,KU834,Tammela
2013,34.3,KU837,Tampere
2013,14.1,KU844,Tervo
2013,16.8,KU845,Tervola
2013,16.2,KU846,Teuva
2013,16.2,KU848,Tohmajärvi
2013,16.8,KU849,Toholampi
2013,22.4,KU850,Toivakka
2013,23.6,KU851,Tornio
2013,31.9,KU853,Turku
2013,16.6,KU857,Tuusniemi
2013,32.6,KU858,Tuusula
2013,22.0,KU859,Tyrnävä
2013,26.4,KU886,Ulvila
2013,17.4,KU887,Urjala
2013,14.6,KU889,Utajärvi
2013,23.2,KU890,Utsjoki
2013,22.1,KU892,Uurainen
2013,23.0,KU893,Uusikaarlepyy
2013,22.2,KU895,Uusikaupunki
2013,16.8,KU785,Vaala
2013,33.5,KU905,Vaasa
2013,25.8,KU908,Valkeakoski
2013,30.2,KU092,Vantaa
2013,24.4,KU915,Varkaus
2013,17.6,KU918,Vehmaa
2013,14.6,KU921,Vesanto
2013,30.3,KU922,Vesilahti
2013,19.7,KU924,Veteli
2013,16.8,KU925,Vieremä
2013,30.3,KU927,Vihti
2013,17.5,KU931,Viitasaari
2013,20.2,KU934,Vimpeli
2013,17.7,KU935,Virolahti
2013,19.9,KU936,Virrat
2013,19.5,KU941,Vårdö
2013,23.6,KU946,Vöyri
2013,16.3,KU976,Ylitornio
2013,24.8,KU977,Ylivieska
2013,29.3,KU980,Ylöjärvi
2013,19.2,KU981,Ypäjä
2013,20.4,KU989,Ähtäri
2013,19.9,KU992,Äänekoski
2013,29.3,,
2013,36.3,MK01,MK01 Uusimaa
2013,28.7,MK02,MK02 Varsinais-Suomi
2013,24.2,MK04,MK04 Satakunta
2013,26.6,MK05,MK05 Kanta-Häme
2013,30.1,MK06,MK06 Pirkanmaa
2013,25.0,MK07,MK07 Päijät-Häme
2013,24.2,MK08,MK08 Kymenlaakso
2013,24.8,MK09,MK09 Etelä-Karjala
2013,23.8,MK10,MK10 Etelä-Savo
2013,25.7,MK11,MK11 Pohjois-Savo
2013,23.7,MK12,MK12 Pohjois-Karjala
2013,27.8,MK13,MK13 Keski-Suomi
2013,23.4,MK14,MK14 Etelä-Pohjanmaa
2013,28.3,MK15,MK15 Pohjanmaa
2013,23.5,MK16,MK16 Keski-Pohjanmaa
2013,27.6,MK17,MK17 Pohjois-Pohjanmaa
2013,22.8,MK18,MK18 Kainuu
2013,24.3,MK19,MK19 Lappi
2013,23.3,,
2013,23.3,MK21,MK21 Ahvenanmaa
2014,29.7,SSS,KOKO MAA
2014,24.0,KU020,Akaa
2014,20.2,KU005,Alajärvi
2014,16.1,KU009,Alavieska
2014,18.1,KU010,Alavus
2014,24.8,KU016,Asikkala
2014,21.4,KU018,Askola
2014,21.7,KU019,Aura
2014,27.7,KU035,Brändö
2014,15.7,KU043,Eckerö
2014,16.8,KU046,Enonkoski
2014,18.2,KU047,Enontekiö
2014,45.2,KU049,Espoo
2014,20.5,KU050,Eura
2014,24.5,KU051,Eurajoki
2014,15.4,KU052,Evijärvi
2014,16.2,KU060,Finström
2014,21.6,KU061,Forssa
2014,15.9,KU062,Föglö
2014,12.8,KU065,Geta
2014,18.8,KU069,Haapajärvi
2014,16.5,KU071,Haapavesi
2014,29.3,KU072,Hailuoto
2014,15.5,KU074,Halsua
2014,23.5,KU075,Hamina
2014,16.1,KU076,Hammarland
2014,17.8,KU077,Hankasalmi
2014,21.1,KU078,Hanko
2014,21.9,KU079,Harjavalta
2014,16.4,KU081,Hartola
2014,29.6,KU082,Hattula
2014,23.5,KU086,Hausjärvi
2014,22.6,KU111,Heinola
2014,18.1,KU090,Heinävesi
2014,40.1,KU091,Helsinki
2014,17.1,KU097,Hirvensalmi
2014,28.3,KU098,Hollola
2014,21.6,KU102,Huittinen
2014,17.3,KU103,Humppila
2014,14.6,KU105,Hyrynsalmi
2014,29.4,KU106,Hyvinkää
2014,22.5,KU108,Hämeenkyrö
2014,30.3,KU109,Hämeenlinna
2014,21.4,KU139,Ii
2014,23.7,KU140,Iisalmi
2014,22.0,KU142,Iitti
2014,23.6,KU143,Ikaalinen
2014,24.6,KU145,Ilmajoki
2014,14.5,KU146,Ilomantsi
2014,21.8,KU153,Imatra
2014,21.4,KU148,Inari
2014,32.7,KU149,Inkoo
2014,13.2,KU151,Isojoki
2014,22.7,KU152,Isokyrö
2014,24.0,KU165,Janakkala
2014,29.7,KU167,Joensuu
2014,24.3,KU169,Jokioinen
2014,24.4,KU170,Jomala
2014,21.8,KU171,Joroinen
2014,17.6,KU172,Joutsa
2014,15.5,KU176,Juuka
2014,17.4,KU177,Juupajoki
2014,17.5,KU178,Juva
2014,34.8,KU179,Jyväskylä
2014,17.1,KU181,Jämijärvi
2014,22.1,KU182,Jämsä
2014,32.8,KU186,Järvenpää
2014,35.7,KU202,Kaarina
2014,12.3,KU204,Kaavi
2014,28.5,KU205,Kajaani
2014,20.1,KU208,Kalajoki
2014,33.4,KU211,Kangasala
2014,19.0,KU213,Kangasniemi
2014,21.1,KU214,Kankaanpää
2014,15.0,KU216,Kannonkoski
2014,19.6,KU217,Kannus
2014,11.8,KU218,Karijoki
2014,19.8,KU224,Karkkila
2014,17.8,KU226,Karstula
2014,12.0,KU230,Karvia
2014,23.2,KU231,Kaskinen
2014,19.2,KU232,Kauhajoki
2014,21.7,KU233,Kauhava
2014,57.1,KU235,Kauniainen
2014,21.9,KU236,Kaustinen
2014,15.5,KU239,Keitele
2014,23.2,KU240,Kemi
2014,20.7,KU320,Kemijärvi
2014,28.2,KU241,Keminmaa
2014,22.3,KU322,Kemiönsaari
2014,34.5,KU244,Kempele
2014,30.9,KU245,Kerava
2014,22.2,KU249,Keuruu
2014,14.1,KU250,Kihniö
2014,14.6,KU256,Kinnula
2014,38.8,KU257,Kirkkonummi
2014,18.0,KU260,Kitee
2014,21.1,KU261,Kittilä
2014,16.3,KU263,Kiuruvesi
2014,10.3,KU265,Kivijärvi
2014,20.1,KU271,Kokemäki
2014,26.2,KU272,Kokkola
2014,19.5,KU273,Kolari
2014,17.4,KU275,Konnevesi
2014,30.2,KU276,Kontiolahti
2014,21.1,KU280,Korsnäs
2014,18.3,KU284,Koski Tl
2014,25.9,KU285,Kotka
2014,24.2,KU286,Kouvola
2014,20.9,KU287,Kristiinankaupunki
2014,22.6,KU288,Kruunupyy
2014,16.9,KU290,Kuhmo
2014,18.5,KU291,Kuhmoinen
2014,18.5,KU295,Kumlinge
2014,31.1,KU297,Kuopio
2014,20.9,KU300,Kuortane
2014,18.8,KU301,Kurikka
2014,22.1,KU304,Kustavi
2014,20.0,KU305,Kuusamo
2014,14.3,KU312,Kyyjärvi
2014,18.3,KU316,Kärkölä
2014,13.3,KU317,Kärsämäki
2014,22.0,KU318,Kökar
2014,27.2,KU398,Lahti
2014,27.8,KU399,Laihia
2014,19.4,KU400,Laitila
2014,18.5,KU407,Lapinjärvi
2014,18.9,KU402,Lapinlahti
2014,20.0,KU403,Lappajärvi
2014,28.4,KU405,Lappeenranta
2014,26.9,KU408,Lapua
2014,26.5,KU410,Laukaa
2014,22.1,KU416,Lemi
2014,24.1,KU417,Lemland
2014,35.2,KU418,Lempäälä
2014,22.9,KU420,Leppävirta
2014,19.1,KU421,Lestijärvi
2014,16.8,KU422,Lieksa
2014,32.5,KU423,Lieto
2014,33.7,KU425,Liminka
2014,25.0,KU426,Liperi
2014,26.1,KU444,Lohja
2014,22.4,KU430,Loimaa
2014,21.4,KU433,Loppi
2014,22.8,KU434,Loviisa
2014,19.2,KU435,Luhanka
2014,18.9,KU436,Lumijoki
2014,22.1,KU438,Lumparland
2014,20.8,KU440,Luoto
2014,20.1,KU441,Luumäki
2014,24.6,KU475,Maalahti
2014,28.5,KU478,Maarianhamina - Mariehamn
2014,19.8,KU480,Marttila
2014,31.2,KU481,Masku
2014,11.3,KU483,Merijärvi
2014,17.4,KU484,Merikarvia
2014,13.5,KU489,Miehikkälä
2014,28.8,KU491,Mikkeli
2014,24.5,KU494,Muhos
2014,17.4,KU495,Multia
2014,21.4,KU498,Muonio
2014,34.6,KU499,Mustasaari
2014,35.8,KU500,Muurame
2014,21.1,KU503,Mynämäki
2014,18.2,KU504,Myrskylä
2014,25.0,KU505,Mäntsälä
2014,19.4,KU508,Mänttä-Vilppula
2014,18.1,KU507,Mäntyharju
2014,32.9,KU529,Naantali
2014,22.4,KU531,Nakkila
2014,17.8,KU535,Nivala
2014,28.3,KU536,Nokia
2014,24.8,KU538,Nousiainen
2014,17.2,KU541,Nurmes
2014,31.6,KU543,Nurmijärvi
2014,20.7,KU545,Närpiö
2014,20.3,KU560,Orimattila
2014,17.3,KU561,Oripää
2014,23.5,KU562,Orivesi
2014,21.7,KU563,Oulainen
2014,35.2,KU564,Oulu
2014,17.1,KU309,Outokumpu
2014,17.2,KU576,Padasjoki
2014,30.3,KU577,Paimio
2014,17.3,KU578,Paltamo
2014,32.4,KU445,Parainen
2014,16.9,KU580,Parikkala
2014,18.2,KU581,Parkano
2014,21.5,KU599,Pedersören kunta
2014,20.3,KU583,Pelkosenniemi
2014,18.3,KU854,Pello
2014,13.3,KU584,Perho
2014,23.7,KU592,Petäjävesi
2014,22.0,KU593,Pieksämäki
2014,15.4,KU595,Pielavesi
2014,26.8,KU598,Pietarsaari
2014,14.4,KU601,Pihtipudas
2014,39.7,KU604,Pirkkala
2014,15.2,KU607,Polvijärvi
2014,17.5,KU608,Pomarkku
2014,26.4,KU609,Pori
2014,24.9,KU611,Pornainen
2014,31.1,KU638,Porvoo
2014,14.8,KU614,Posio
2014,14.6,KU615,Pudasjärvi
2014,19.0,KU616,Pukkila
2014,19.1,KU619,Punkalaidun
2014,14.6,KU620,Puolanka
2014,19.1,KU623,Puumala
2014,25.3,KU624,Pyhtää
2014,18.5,KU625,Pyhäjoki
2014,17.0,KU626,Pyhäjärvi
2014,16.2,KU630,Pyhäntä
2014,20.1,KU631,Pyhäranta
2014,22.9,KU635,Pälkäne
2014,19.6,KU636,Pöytyä
2014,22.0,KU678,Raahe
2014,26.8,KU710,Raasepori
2014,27.7,KU680,Raisio
2014,18.7,KU681,Rantasalmi
2014,15.5,KU683,Ranua
2014,27.6,KU684,Rauma
2014,19.0,KU686,Rautalampi
2014,12.5,KU687,Rautavaara
2014,15.0,KU689,Rautjärvi
2014,17.0,KU691,Reisjärvi
2014,27.5,KU694,Riihimäki
2014,19.1,KU697,Ristijärvi
2014,31.4,KU698,Rovaniemi
2014,21.2,KU700,Ruokolahti
2014,19.4,KU702,Ruovesi
2014,28.8,KU704,Rusko
2014,15.4,KU707,Rääkkylä
2014,19.9,KU729,Saarijärvi
2014,14.6,KU732,Salla
2014,24.9,KU734,Salo
2014,16.7,KU736,Saltvik
2014,21.7,KU790,Sastamala
2014,25.9,KU738,Sauvo
2014,18.1,KU739,Savitaipale
2014,24.4,KU740,Savonlinna
2014,18.5,KU742,Savukoski
2014,31.2,KU743,Seinäjoki
2014,16.4,KU746,Sievi
2014,14.0,KU747,Siikainen
2014,17.3,KU748,Siikajoki
2014,14.2,KU791,Siikalatva
2014,30.7,KU749,Siilinjärvi
2014,19.8,KU751,Simo
2014,34.8,KU753,Sipoo
2014,34.2,KU755,Siuntio
2014,22.0,KU758,Sodankylä
2014,15.9,KU759,Soini
2014,19.1,KU761,Somero
2014,15.6,KU762,Sonkajärvi
2014,23.6,KU765,Sotkamo
2014,29.9,KU766,Sottunga
2014,17.1,KU768,Sulkava
2014,17.2,KU771,Sund
2014,15.7,KU777,Suomussalmi
2014,20.0,KU778,Suonenjoki
2014,18.6,KU781,Sysmä
2014,22.7,KU783,Säkylä
2014,32.2,KU831,Taipalsaari
2014,15.4,KU832,Taivalkoski
2014,18.0,KU833,Taivassalo
2014,25.9,KU834,Tammela
2014,34.9,KU837,Tampere
2014,15.1,KU844,Tervo
2014,17.3,KU845,Tervola
2014,16.4,KU846,Teuva
2014,16.5,KU848,Tohmajärvi
2014,17.2,KU849,Toholampi
2014,23.2,KU850,Toivakka
2014,24.0,KU851,Tornio
2014,32.4,KU853,Turku
2014,17.2,KU857,Tuusniemi
2014,32.9,KU858,Tuusula
2014,22.3,KU859,Tyrnävä
2014,26.5,KU886,Ulvila
2014,17.6,KU887,Urjala
2014,14.5,KU889,Utajärvi
2014,22.7,KU890,Utsjoki
2014,22.1,KU892,Uurainen
2014,23.4,KU893,Uusikaarlepyy
2014,22.2,KU895,Uusikaupunki
2014,17.1,KU785,Vaala
2014,33.9,KU905,Vaasa
2014,26.1,KU908,Valkeakoski
2014,30.3,KU092,Vantaa
2014,24.8,KU915,Varkaus
2014,17.8,KU918,Vehmaa
2014,14.8,KU921,Vesanto
2014,31.0,KU922,Vesilahti
2014,20.1,KU924,Veteli
2014,17.1,KU925,Vieremä
2014,30.5,KU927,Vihti
2014,17.9,KU931,Viitasaari
2014,20.7,KU934,Vimpeli
2014,18.3,KU935,Virolahti
2014,20.3,KU936,Virrat
2014,19.1,KU941,Vårdö
2014,24.1,KU946,Vöyri
2014,16.8,KU976,Ylitornio
2014,25.2,KU977,Ylivieska
2014,29.6,KU980,Ylöjärvi
2014,19.0,KU981,Ypäjä
2014,20.8,KU989,Ähtäri
2014,20.0,KU992,Äänekoski
2014,29.7,,
2014,36.7,MK01,MK01 Uusimaa
2014,29.1,MK02,MK02 Varsinais-Suomi
2014,24.5,MK04,MK04 Satakunta
2014,26.9,MK05,MK05 Kanta-Häme
2014,30.6,MK06,MK06 Pirkanmaa
2014,25.4,MK07,MK07 Päijät-Häme
2014,24.5,MK08,MK08 Kymenlaakso
2014,25.2,MK09,MK09 Etelä-Karjala
2014,24.2,MK10,MK10 Etelä-Savo
2014,26.1,MK11,MK11 Pohjois-Savo
2014,24.1,MK12,MK12 Pohjois-Karjala
2014,28.2,MK13,MK13 Keski-Suomi
2014,23.8,MK14,MK14 Etelä-Pohjanmaa
2014,28.8,MK15,MK15 Pohjanmaa
2014,23.9,MK16,MK16 Keski-Pohjanmaa
2014,28.0,MK17,MK17 Pohjois-Pohjanmaa
2014,23.2,MK18,MK18 Kainuu
2014,24.8,MK19,MK19 Lappi
2014,23.4,,
2014,23.4,MK21,MK21 Ahvenanmaa
2015,30.0,SSS,KOKO MAA
2015,24.1,KU020,Akaa
2015,20.4,KU005,Alajärvi
2015,16.3,KU009,Alavieska
2015,18.2,KU010,Alavus
2015,25.0,KU016,Asikkala
2015,21.5,KU018,Askola
2015,21.9,KU019,Aura
2015,27.0,KU035,Brändö
2015,15.6,KU043,Eckerö
2015,17.0,KU046,Enonkoski
2015,18.6,KU047,Enontekiö
2015,45.2,KU049,Espoo
2015,20.9,KU050,Eura
2015,25.0,KU051,Eurajoki
2015,16.0,KU052,Evijärvi
2015,15.7,KU060,Finström
2015,21.8,KU061,Forssa
2015,15.3,KU062,Föglö
2015,13.0,KU065,Geta
2015,19.0,KU069,Haapajärvi
2015,16.7,KU071,Haapavesi
2015,30.0,KU072,Hailuoto
2015,15.8,KU074,Halsua
2015,23.6,KU075,Hamina
2015,16.3,KU076,Hammarland
2015,18.0,KU077,Hankasalmi
2015,21.0,KU078,Hanko
2015,22.0,KU079,Harjavalta
2015,16.8,KU081,Hartola
2015,29.8,KU082,Hattula
2015,23.9,KU086,Hausjärvi
2015,22.5,KU111,Heinola
2015,18.3,KU090,Heinävesi
2015,40.5,KU091,Helsinki
2015,17.4,KU097,Hirvensalmi
2015,28.5,KU098,Hollola
2015,21.8,KU102,Huittinen
2015,17.2,KU103,Humppila
2015,14.8,KU105,Hyrynsalmi
2015,29.7,KU106,Hyvinkää
2015,22.6,KU108,Hämeenkyrö
2015,30.3,KU109,Hämeenlinna
2015,21.5,KU139,Ii
2015,23.8,KU140,Iisalmi
2015,22.3,KU142,Iitti
2015,23.8,KU143,Ikaalinen
2015,24.8,KU145,Ilmajoki
2015,14.6,KU146,Ilomantsi
2015,22.1,KU153,Imatra
2015,21.6,KU148,Inari
2015,32.8,KU149,Inkoo
2015,13.4,KU151,Isojoki
2015,23.1,KU152,Isokyrö
2015,24.4,KU165,Janakkala
2015,30.2,KU167,Joensuu
2015,24.3,KU169,Jokioinen
2015,24.4,KU170,Jomala
2015,22.1,KU171,Joroinen
2015,17.9,KU172,Joutsa
2015,15.7,KU176,Juuka
2015,18.4,KU177,Juupajoki
2015,17.7,KU178,Juva
2015,35.0,KU179,Jyväskylä
2015,17.2,KU181,Jämijärvi
2015,22.2,KU182,Jämsä
2015,32.7,KU186,Järvenpää
2015,36.1,KU202,Kaarina
2015,12.4,KU204,Kaavi
2015,28.6,KU205,Kajaani
2015,20.6,KU208,Kalajoki
2015,33.7,KU211,Kangasala
2015,19.6,KU213,Kangasniemi
2015,21.0,KU214,Kankaanpää
2015,15.5,KU216,Kannonkoski
2015,19.5,KU217,Kannus
2015,11.6,KU218,Karijoki
2015,19.8,KU224,Karkkila
2015,18.2,KU226,Karstula
2015,12.1,KU230,Karvia
2015,22.9,KU231,Kaskinen
2015,19.3,KU232,Kauhajoki
2015,21.9,KU233,Kauhava
2015,57.1,KU235,Kauniainen
2015,22.3,KU236,Kaustinen
2015,15.9,KU239,Keitele
2015,23.4,KU240,Kemi
2015,21.0,KU320,Kemijärvi
2015,28.0,KU241,Keminmaa
2015,22.7,KU322,Kemiönsaari
2015,34.7,KU244,Kempele
2015,30.9,KU245,Kerava
2015,22.4,KU249,Keuruu
2015,14.1,KU250,Kihniö
2015,14.8,KU256,Kinnula
2015,38.8,KU257,Kirkkonummi
2015,18.3,KU260,Kitee
2015,20.8,KU261,Kittilä
2015,16.3,KU263,Kiuruvesi
2015,10.6,KU265,Kivijärvi
2015,20.2,KU271,Kokemäki
2015,26.6,KU272,Kokkola
2015,19.5,KU273,Kolari
2015,17.4,KU275,Konnevesi
2015,30.7,KU276,Kontiolahti
2015,21.4,KU280,Korsnäs
2015,19.0,KU284,Koski Tl
2015,26.0,KU285,Kotka
2015,24.4,KU286,Kouvola
2015,21.2,KU287,Kristiinankaupunki
2015,22.7,KU288,Kruunupyy
2015,17.0,KU290,Kuhmo
2015,18.5,KU291,Kuhmoinen
2015,18.6,KU295,Kumlinge
2015,31.5,KU297,Kuopio
2015,21.3,KU300,Kuortane
2015,19.0,KU301,Kurikka
2015,22.1,KU304,Kustavi
2015,20.3,KU305,Kuusamo
2015,14.5,KU312,Kyyjärvi
2015,18.2,KU316,Kärkölä
2015,13.3,KU317,Kärsämäki
2015,24.1,KU318,Kökar
2015,27.3,KU398,Lahti
2015,28.3,KU399,Laihia
2015,19.2,KU400,Laitila
2015,18.8,KU407,Lapinjärvi
2015,19.1,KU402,Lapinlahti
2015,20.5,KU403,Lappajärvi
2015,28.7,KU405,Lappeenranta
2015,27.2,KU408,Lapua
2015,26.7,KU410,Laukaa
2015,22.7,KU416,Lemi
2015,24.2,KU417,Lemland
2015,35.6,KU418,Lempäälä
2015,23.1,KU420,Leppävirta
2015,19.4,KU421,Lestijärvi
2015,17.2,KU422,Lieksa
2015,32.7,KU423,Lieto
2015,33.7,KU425,Liminka
2015,25.0,KU426,Liperi
2015,26.1,KU444,Lohja
2015,22.3,KU430,Loimaa
2015,21.2,KU433,Loppi
2015,23.2,KU434,Loviisa
2015,19.0,KU435,Luhanka
2015,19.2,KU436,Lumijoki
2015,21.6,KU438,Lumparland
2015,20.8,KU440,Luoto
2015,20.0,KU441,Luumäki
2015,25.3,KU475,Maalahti
2015,27.9,KU478,Maarianhamina - Mariehamn
2015,20.2,KU480,Marttila
2015,31.5,KU481,Masku
2015,11.4,KU483,Merijärvi
2015,17.6,KU484,Merikarvia
2015,13.8,KU489,Miehikkälä
2015,29.0,KU491,Mikkeli
2015,24.7,KU494,Muhos
2015,17.2,KU495,Multia
2015,22.3,KU498,Muonio
2015,35.0,KU499,Mustasaari
2015,35.9,KU500,Muurame
2015,21.3,KU503,Mynämäki
2015,18.2,KU504,Myrskylä
2015,24.8,KU505,Mäntsälä
2015,19.5,KU508,Mänttä-Vilppula
2015,18.3,KU507,Mäntyharju
2015,33.1,KU529,Naantali
2015,22.4,KU531,Nakkila
2015,18.0,KU535,Nivala
2015,28.6,KU536,Nokia
2015,25.1,KU538,Nousiainen
2015,17.4,KU541,Nurmes
2015,31.4,KU543,Nurmijärvi
2015,20.8,KU545,Närpiö
2015,20.4,KU560,Orimattila
2015,17.7,KU561,Oripää
2015,23.6,KU562,Orivesi
2015,21.9,KU563,Oulainen
2015,35.5,KU564,Oulu
2015,17.2,KU309,Outokumpu
2015,17.4,KU576,Padasjoki
2015,30.7,KU577,Paimio
2015,17.6,KU578,Paltamo
2015,32.6,KU445,Parainen
2015,17.2,KU580,Parikkala
2015,18.0,KU581,Parkano
2015,21.6,KU599,Pedersören kunta
2015,20.5,KU583,Pelkosenniemi
2015,18.7,KU854,Pello
2015,13.7,KU584,Perho
2015,24.3,KU592,Petäjävesi
2015,22.0,KU593,Pieksämäki
2015,15.5,KU595,Pielavesi
2015,27.2,KU598,Pietarsaari
2015,14.3,KU601,Pihtipudas
2015,39.6,KU604,Pirkkala
2015,15.5,KU607,Polvijärvi
2015,17.6,KU608,Pomarkku
2015,26.7,KU609,Pori
2015,24.8,KU611,Pornainen
2015,31.2,KU638,Porvoo
2015,15.2,KU614,Posio
2015,14.7,KU615,Pudasjärvi
2015,19.0,KU616,Pukkila
2015,18.9,KU619,Punkalaidun
2015,15.1,KU620,Puolanka
2015,19.5,KU623,Puumala
2015,25.4,KU624,Pyhtää
2015,18.5,KU625,Pyhäjoki
2015,17.3,KU626,Pyhäjärvi
2015,16.8,KU630,Pyhäntä
2015,20.2,KU631,Pyhäranta
2015,23.2,KU635,Pälkäne
2015,19.8,KU636,Pöytyä
2015,21.8,KU678,Raahe
2015,27.0,KU710,Raasepori
2015,27.9,KU680,Raisio
2015,19.3,KU681,Rantasalmi
2015,15.9,KU683,Ranua
2015,27.7,KU684,Rauma
2015,19.3,KU686,Rautalampi
2015,12.0,KU687,Rautavaara
2015,15.3,KU689,Rautjärvi
2015,17.3,KU691,Reisjärvi
2015,27.8,KU694,Riihimäki
2015,19.7,KU697,Ristijärvi
2015,31.7,KU698,Rovaniemi
2015,21.2,KU700,Ruokolahti
2015,20.1,KU702,Ruovesi
2015,29.1,KU704,Rusko
2015,15.4,KU707,Rääkkylä
2015,20.2,KU729,Saarijärvi
2015,15.1,KU732,Salla
2015,24.9,KU734,Salo
2015,16.5,KU736,Saltvik
2015,21.8,KU790,Sastamala
2015,26.6,KU738,Sauvo
2015,18.2,KU739,Savitaipale
2015,24.5,KU740,Savonlinna
2015,18.6,KU742,Savukoski
2015,31.4,KU743,Seinäjoki
2015,16.5,KU746,Sievi
2015,14.6,KU747,Siikainen
2015,17.8,KU748,Siikajoki
2015,14.5,KU791,Siikalatva
2015,30.8,KU749,Siilinjärvi
2015,19.9,KU751,Simo
2015,35.0,KU753,Sipoo
2015,34.4,KU755,Siuntio
2015,22.4,KU758,Sodankylä
2015,16.0,KU759,Soini
2015,19.3,KU761,Somero
2015,15.6,KU762,Sonkajärvi
2015,24.0,KU765,Sotkamo
2015,32.0,KU766,Sottunga
2015,17.8,KU768,Sulkava
2015,17.4,KU771,Sund
2015,16.0,KU777,Suomussalmi
2015,20.2,KU778,Suonenjoki
2015,18.4,KU781,Sysmä
2015,22.8,KU783,Säkylä
2015,32.6,KU831,Taipalsaari
2015,15.3,KU832,Taivalkoski
2015,18.8,KU833,Taivassalo
2015,26.3,KU834,Tammela
2015,35.4,KU837,Tampere
2015,15.7,KU844,Tervo
2015,17.1,KU845,Tervola
2015,16.3,KU846,Teuva
2015,16.7,KU848,Tohmajärvi
2015,17.6,KU849,Toholampi
2015,23.8,KU850,Toivakka
2015,24.2,KU851,Tornio
2015,32.8,KU853,Turku
2015,17.0,KU857,Tuusniemi
2015,32.8,KU858,Tuusula
2015,22.3,KU859,Tyrnävä
2015,26.6,KU886,Ulvila
2015,17.6,KU887,Urjala
2015,14.8,KU889,Utajärvi
2015,23.3,KU890,Utsjoki
2015,22.3,KU892,Uurainen
2015,23.5,KU893,Uusikaarlepyy
2015,22.3,KU895,Uusikaupunki
2015,17.2,KU785,Vaala
2015,34.1,KU905,Vaasa
2015,26.1,KU908,Valkeakoski
2015,30.3,KU092,Vantaa
2015,25.0,KU915,Varkaus
2015,18.1,KU918,Vehmaa
2015,15.1,KU921,Vesanto
2015,31.1,KU922,Vesilahti
2015,20.3,KU924,Veteli
2015,17.5,KU925,Vieremä
2015,30.4,KU927,Vihti
2015,18.0,KU931,Viitasaari
2015,20.9,KU934,Vimpeli
2015,18.5,KU935,Virolahti
2015,20.4,KU936,Virrat
2015,19.1,KU941,Vårdö
2015,24.7,KU946,Vöyri
2015,17.7,KU976,Ylitornio
2015,25.7,KU977,Ylivieska
2015,29.9,KU980,Ylöjärvi
2015,18.7,KU981,Ypäjä
2015,21.0,KU989,Ähtäri
2015,20.0,KU992,Äänekoski
2015,30.0,,
2015,36.9,MK01,MK01 Uusimaa
2015,29.4,MK02,MK02 Varsinais-Suomi
2015,24.7,MK04,MK04 Satakunta
2015,27.0,MK05,MK05 Kanta-Häme
2015,31.0,MK06,MK06 Pirkanmaa
2015,25.5,MK07,MK07 Päijät-Häme
2015,24.6,MK08,MK08 Kymenlaakso
2015,25.5,MK09,MK09 Etelä-Karjala
2015,24.5,MK10,MK10 Etelä-Savo
2015,26.4,MK11,MK11 Pohjois-Savo
2015,24.5,MK12,MK12 Pohjois-Karjala
2015,28.5,MK13,MK13 Keski-Suomi
2015,24.1,MK14,MK14 Etelä-Pohjanmaa
2015,29.1,MK15,MK15 Pohjanmaa
2015,24.3,MK16,MK16 Keski-Pohjanmaa
2015,28.4,MK17,MK17 Pohjois-Pohjanmaa
2015,23.5,MK18,MK18 Kainuu
2015,25.1,MK19,MK19 Lappi
2015,23.1,,
2015,23.1,MK21,MK21 Ahvenanmaa
2016,30.4,SSS,KOKO MAA
2016,24.4,KU020,Akaa
2016,20.8,KU005,Alajärvi
2016,17.1,KU009,Alavieska
2016,18.6,KU010,Alavus
2016,25.5,KU016,Asikkala
2016,21.6,KU018,Askola
2016,22.4,KU019,Aura
2016,27.8,KU035,Brändö
2016,16.0,KU043,Eckerö
2016,18.1,KU046,Enonkoski
2016,19.5,KU047,Enontekiö
2016,45.4,KU049,Espoo
2016,21.1,KU050,Eura
2016,25.3,KU051,Eurajoki
2016,16.6,KU052,Evijärvi
2016,15.7,KU060,Finström
2016,21.9,KU061,Forssa
2016,15.4,KU062,Föglö
2016,13.3,KU065,Geta
2016,19.4,KU069,Haapajärvi
2016,17.0,KU071,Haapavesi
2016,29.7,KU072,Hailuoto
2016,16.0,KU074,Halsua
2016,23.9,KU075,Hamina
2016,16.0,KU076,Hammarland
2016,18.4,KU077,Hankasalmi
2016,21.4,KU078,Hanko
2016,22.4,KU079,Harjavalta
2016,17.3,KU081,Hartola
2016,30.0,KU082,Hattula
2016,24.2,KU086,Hausjärvi
2016,22.6,KU111,Heinola
2016,18.5,KU090,Heinävesi
2016,41.3,KU091,Helsinki
2016,17.8,KU097,Hirvensalmi
2016,28.7,KU098,Hollola
2016,22.2,KU102,Huittinen
2016,17.6,KU103,Humppila
2016,14.7,KU105,Hyrynsalmi
2016,29.9,KU106,Hyvinkää
2016,22.8,KU108,Hämeenkyrö
2016,30.8,KU109,Hämeenlinna
2016,21.8,KU139,Ii
2016,24.0,KU140,Iisalmi
2016,22.5,KU142,Iitti
2016,24.1,KU143,Ikaalinen
2016,25.3,KU145,Ilmajoki
2016,14.6,KU146,Ilomantsi
2016,22.2,KU153,Imatra
2016,22.0,KU148,Inari
2016,33.1,KU149,Inkoo
2016,13.7,KU151,Isojoki
2016,23.6,KU152,Isokyrö
2016,24.6,KU165,Janakkala
2016,30.6,KU167,Joensuu
2016,24.7,KU169,Jokioinen
2016,24.4,KU170,Jomala
2016,22.4,KU171,Joroinen
2016,18.1,KU172,Joutsa
2016,15.9,KU176,Juuka
2016,18.2,KU177,Juupajoki
2016,18.2,KU178,Juva
2016,35.3,KU179,Jyväskylä
2016,17.5,KU181,Jämijärvi
2016,22.4,KU182,Jämsä
2016,33.1,KU186,Järvenpää
2016,36.7,KU202,Kaarina
2016,12.6,KU204,Kaavi
2016,28.9,KU205,Kajaani
2016,20.8,KU208,Kalajoki
2016,33.9,KU211,Kangasala
2016,20.1,KU213,Kangasniemi
2016,21.1,KU214,Kankaanpää
2016,15.8,KU216,Kannonkoski
2016,19.8,KU217,Kannus
2016,12.1,KU218,Karijoki
2016,19.9,KU224,Karkkila
2016,18.6,KU226,Karstula
2016,12.3,KU230,Karvia
2016,23.9,KU231,Kaskinen
2016,19.7,KU232,Kauhajoki
2016,22.3,KU233,Kauhava
2016,57.4,KU235,Kauniainen
2016,22.4,KU236,Kaustinen
2016,16.2,KU239,Keitele
2016,23.5,KU240,Kemi
2016,21.3,KU320,Kemijärvi
2016,28.6,KU241,Keminmaa
2016,23.3,KU322,Kemiönsaari
2016,35.1,KU244,Kempele
2016,31.1,KU245,Kerava
2016,22.7,KU249,Keuruu
2016,14.5,KU250,Kihniö
2016,15.7,KU256,Kinnula
2016,38.7,KU257,Kirkkonummi
2016,18.5,KU260,Kitee
2016,21.7,KU261,Kittilä
2016,16.6,KU263,Kiuruvesi
2016,11.1,KU265,Kivijärvi
2016,20.6,KU271,Kokemäki
2016,26.9,KU272,Kokkola
2016,20.6,KU273,Kolari
2016,17.7,KU275,Konnevesi
2016,31.1,KU276,Kontiolahti
2016,22.5,KU280,Korsnäs
2016,18.4,KU284,Koski Tl
2016,26.1,KU285,Kotka
2016,24.7,KU286,Kouvola
2016,21.7,KU287,Kristiinankaupunki
2016,23.0,KU288,Kruunupyy
2016,17.2,KU290,Kuhmo
2016,18.7,KU291,Kuhmoinen
2016,19.2,KU295,Kumlinge
2016,31.9,KU297,Kuopio
2016,21.3,KU300,Kuortane
2016,19.2,KU301,Kurikka
2016,22.4,KU304,Kustavi
2016,20.6,KU305,Kuusamo
2016,14.6,KU312,Kyyjärvi
2016,18.6,KU316,Kärkölä
2016,13.2,KU317,Kärsämäki
2016,25.0,KU318,Kökar
2016,27.7,KU398,Lahti
2016,28.9,KU399,Laihia
2016,19.5,KU400,Laitila
2016,18.8,KU407,Lapinjärvi
2016,19.6,KU402,Lapinlahti
2016,20.6,KU403,Lappajärvi
2016,29.1,KU405,Lappeenranta
2016,27.6,KU408,Lapua
2016,27.0,KU410,Laukaa
2016,23.3,KU416,Lemi
2016,24.6,KU417,Lemland
2016,36.3,KU418,Lempäälä
2016,23.7,KU420,Leppävirta
2016,18.9,KU421,Lestijärvi
2016,17.6,KU422,Lieksa
2016,33.2,KU423,Lieto
2016,33.8,KU425,Liminka
2016,25.4,KU426,Liperi
2016,26.4,KU444,Lohja
2016,22.6,KU430,Loimaa
2016,21.7,KU433,Loppi
2016,23.4,KU434,Loviisa
2016,19.6,KU435,Luhanka
2016,19.9,KU436,Lumijoki
2016,23.2,KU438,Lumparland
2016,21.3,KU440,Luoto
2016,20.5,KU441,Luumäki
2016,25.9,KU475,Maalahti
2016,28.3,KU478,Maarianhamina - Mariehamn
2016,20.3,KU480,Marttila
2016,31.6,KU481,Masku
2016,11.3,KU483,Merijärvi
2016,17.9,KU484,Merikarvia
2016,13.8,KU489,Miehikkälä
2016,29.3,KU491,Mikkeli
2016,24.9,KU494,Muhos
2016,17.2,KU495,Multia
2016,21.9,KU498,Muonio
2016,35.6,KU499,Mustasaari
2016,36.7,KU500,Muurame
2016,21.6,KU503,Mynämäki
2016,19.1,KU504,Myrskylä
2016,24.9,KU505,Mäntsälä
2016,20.0,KU508,Mänttä-Vilppula
2016,18.5,KU507,Mäntyharju
2016,33.5,KU529,Naantali
2016,22.7,KU531,Nakkila
2016,18.2,KU535,Nivala
2016,28.9,KU536,Nokia
2016,25.3,KU538,Nousiainen
2016,17.9,KU541,Nurmes
2016,31.5,KU543,Nurmijärvi
2016,20.8,KU545,Närpiö
2016,20.5,KU560,Orimattila
2016,17.7,KU561,Oripää
2016,23.9,KU562,Orivesi
2016,22.0,KU563,Oulainen
2016,35.9,KU564,Oulu
2016,17.5,KU309,Outokumpu
2016,17.4,KU576,Padasjoki
2016,30.7,KU577,Paimio
2016,17.6,KU578,Paltamo
2016,33.0,KU445,Parainen
2016,17.9,KU580,Parikkala
2016,18.1,KU581,Parkano
2016,21.7,KU599,Pedersören kunta
2016,21.2,KU583,Pelkosenniemi
2016,18.9,KU854,Pello
2016,13.9,KU584,Perho
2016,24.5,KU592,Petäjävesi
2016,22.2,KU593,Pieksämäki
2016,15.9,KU595,Pielavesi
2016,27.6,KU598,Pietarsaari
2016,14.4,KU601,Pihtipudas
2016,40.3,KU604,Pirkkala
2016,15.7,KU607,Polvijärvi
2016,18.1,KU608,Pomarkku
2016,26.9,KU609,Pori
2016,24.6,KU611,Pornainen
2016,31.6,KU638,Porvoo
2016,15.5,KU614,Posio
2016,14.9,KU615,Pudasjärvi
2016,18.8,KU616,Pukkila
2016,19.2,KU619,Punkalaidun
2016,15.6,KU620,Puolanka
2016,20.2,KU623,Puumala
2016,25.7,KU624,Pyhtää
2016,19.0,KU625,Pyhäjoki
2016,17.8,KU626,Pyhäjärvi
2016,17.0,KU630,Pyhäntä
2016,20.3,KU631,Pyhäranta
2016,23.4,KU635,Pälkäne
2016,20.1,KU636,Pöytyä
2016,21.9,KU678,Raahe
2016,27.4,KU710,Raasepori
2016,28.5,KU680,Raisio
2016,19.4,KU681,Rantasalmi
2016,15.7,KU683,Ranua
2016,28.0,KU684,Rauma
2016,19.4,KU686,Rautalampi
2016,12.1,KU687,Rautavaara
2016,16.0,KU689,Rautjärvi
2016,17.6,KU691,Reisjärvi
2016,27.8,KU694,Riihimäki
2016,20.7,KU697,Ristijärvi
2016,32.0,KU698,Rovaniemi
2016,21.7,KU700,Ruokolahti
2016,20.1,KU702,Ruovesi
2016,29.7,KU704,Rusko
2016,15.8,KU707,Rääkkylä
2016,20.4,KU729,Saarijärvi
2016,15.5,KU732,Salla
2016,25.1,KU734,Salo
2016,16.2,KU736,Saltvik
2016,22.2,KU790,Sastamala
2016,26.9,KU738,Sauvo
2016,18.5,KU739,Savitaipale
2016,24.7,KU740,Savonlinna
2016,19.3,KU742,Savukoski
2016,31.9,KU743,Seinäjoki
2016,16.6,KU746,Sievi
2016,14.4,KU747,Siikainen
2016,18.0,KU748,Siikajoki
2016,14.7,KU791,Siikalatva
2016,31.1,KU749,Siilinjärvi
2016,20.1,KU751,Simo
2016,35.5,KU753,Sipoo
2016,34.3,KU755,Siuntio
2016,22.6,KU758,Sodankylä
2016,16.5,KU759,Soini
2016,19.6,KU761,Somero
2016,15.7,KU762,Sonkajärvi
2016,24.5,KU765,Sotkamo
2016,30.1,KU766,Sottunga
2016,18.4,KU768,Sulkava
2016,17.7,KU771,Sund
2016,16.7,KU777,Suomussalmi
2016,20.5,KU778,Suonenjoki
2016,18.7,KU781,Sysmä
2016,23.0,KU783,Säkylä
2016,32.8,KU831,Taipalsaari
2016,15.8,KU832,Taivalkoski
2016,20.1,KU833,Taivassalo
2016,26.5,KU834,Tammela
2016,35.8,KU837,Tampere
2016,16.3,KU844,Tervo
2016,17.8,KU845,Tervola
2016,16.5,KU846,Teuva
2016,17.1,KU848,Tohmajärvi
2016,17.9,KU849,Toholampi
2016,23.7,KU850,Toivakka
2016,24.7,KU851,Tornio
2016,33.3,KU853,Turku
2016,17.1,KU857,Tuusniemi
2016,33.0,KU858,Tuusula
2016,22.4,KU859,Tyrnävä
2016,26.8,KU886,Ulvila
2016,17.8,KU887,Urjala
2016,15.1,KU889,Utajärvi
2016,25.5,KU890,Utsjoki
2016,22.5,KU892,Uurainen
2016,24.0,KU893,Uusikaarlepyy
2016,22.5,KU895,Uusikaupunki
2016,17.4,KU785,Vaala
2016,34.5,KU905,Vaasa
2016,26.7,KU908,Valkeakoski
2016,30.4,KU092,Vantaa
2016,25.2,KU915,Varkaus
2016,18.4,KU918,Vehmaa
2016,15.5,KU921,Vesanto
2016,31.2,KU922,Vesilahti
2016,20.9,KU924,Veteli
2016,17.8,KU925,Vieremä
2016,30.4,KU927,Vihti
2016,18.4,KU931,Viitasaari
2016,21.1,KU934,Vimpeli
2016,18.8,KU935,Virolahti
2016,20.6,KU936,Virrat
2016,19.8,KU941,Vårdö
2016,25.0,KU946,Vöyri
2016,18.2,KU976,Ylitornio
2016,26.0,KU977,Ylivieska
2016,30.1,KU980,Ylöjärvi
2016,18.5,KU981,Ypäjä
2016,21.2,KU989,Ähtäri
2016,20.2,KU992,Äänekoski
2016,30.4,,
2016,37.3,MK01,MK01 Uusimaa
2016,29.8,MK02,MK02 Varsinais-Suomi
2016,25.0,MK04,MK04 Satakunta
2016,27.3,MK05,MK05 Kanta-Häme
2016,31.4,MK06,MK06 Pirkanmaa
2016,25.8,MK07,MK07 Päijät-Häme
2016,24.8,MK08,MK08 Kymenlaakso
2016,25.9,MK09,MK09 Etelä-Karjala
2016,24.7,MK10,MK10 Etelä-Savo
2016,26.9,MK11,MK11 Pohjois-Savo
2016,25.0,MK12,MK12 Pohjois-Karjala
2016,28.9,MK13,MK13 Keski-Suomi
2016,24.5,MK14,MK14 Etelä-Pohjanmaa
2016,29.5,MK15,MK15 Pohjanmaa
2016,24.5,MK16,MK16 Keski-Pohjanmaa
2016,28.8,MK17,MK17 Pohjois-Pohjanmaa
2016,23.8,MK18,MK18 Kainuu
2016,25.5,MK19,MK19 Lappi
2016,23.4,,
2016,23.4,MK21,MK21 Ahvenanmaa
2017,31.0,SSS,KOKO MAA
2017,24.8,KU020,Akaa
2017,21.2,KU005,Alajärvi
2017,17.5,KU009,Alavieska
2017,18.9,KU010,Alavus
2017,26.0,KU016,Asikkala
2017,21.7,KU018,Askola
2017,22.8,KU019,Aura
2017,31.2,KU035,Brändö
2017,19.2,KU043,Eckerö
2017,18.2,KU046,Enonkoski
2017,20.6,KU047,Enontekiö
2017,45.9,KU049,Espoo
2017,21.4,KU050,Eura
2017,25.5,KU051,Eurajoki
2017,16.9,KU052,Evijärvi
2017,19.9,KU060,Finström
2017,22.2,KU061,Forssa
2017,17.4,KU062,Föglö
2017,18.7,KU065,Geta
2017,19.8,KU069,Haapajärvi
2017,17.0,KU071,Haapavesi
2017,31.0,KU072,Hailuoto
2017,16.2,KU074,Halsua
2017,24.1,KU075,Hamina
2017,19.3,KU076,Hammarland
2017,18.7,KU077,Hankasalmi
2017,21.8,KU078,Hanko
2017,22.9,KU079,Harjavalta
2017,17.6,KU081,Hartola
2017,30.5,KU082,Hattula
2017,24.5,KU086,Hausjärvi
2017,23.0,KU111,Heinola
2017,19.1,KU090,Heinävesi
2017,42.2,KU091,Helsinki
2017,18.8,KU097,Hirvensalmi
2017,29.1,KU098,Hollola
2017,22.5,KU102,Huittinen
2017,18.2,KU103,Humppila
2017,15.3,KU105,Hyrynsalmi
2017,30.2,KU106,Hyvinkää
2017,23.1,KU108,Hämeenkyrö
2017,31.2,KU109,Hämeenlinna
2017,22.0,KU139,Ii
2017,24.2,KU140,Iisalmi
2017,23.4,KU142,Iitti
2017,24.3,KU143,Ikaalinen
2017,25.4,KU145,Ilmajoki
2017,15.1,KU146,Ilomantsi
2017,22.6,KU153,Imatra
2017,22.8,KU148,Inari
2017,33.5,KU149,Inkoo
2017,13.9,KU151,Isojoki
2017,24.2,KU152,Isokyrö
2017,24.9,KU165,Janakkala
2017,31.0,KU167,Joensuu
2017,24.9,KU169,Jokioinen
2017,30.4,KU170,Jomala
2017,22.4,KU171,Joroinen
2017,18.5,KU172,Joutsa
2017,16.4,KU176,Juuka
2017,18.9,KU177,Juupajoki
2017,18.7,KU178,Juva
2017,35.9,KU179,Jyväskylä
2017,17.8,KU181,Jämijärvi
2017,22.6,KU182,Jämsä
2017,33.4,KU186,Järvenpää
2017,37.2,KU202,Kaarina
2017,13.2,KU204,Kaavi
2017,29.4,KU205,Kajaani
2017,21.2,KU208,Kalajoki
2017,34.2,KU211,Kangasala
2017,20.7,KU213,Kangasniemi
2017,21.3,KU214,Kankaanpää
2017,16.3,KU216,Kannonkoski
2017,20.0,KU217,Kannus
2017,12.1,KU218,Karijoki
2017,19.9,KU224,Karkkila
2017,19.1,KU226,Karstula
2017,12.5,KU230,Karvia
2017,24.2,KU231,Kaskinen
2017,20.2,KU232,Kauhajoki
2017,22.6,KU233,Kauhava
2017,57.6,KU235,Kauniainen
2017,23.0,KU236,Kaustinen
2017,16.6,KU239,Keitele
2017,24.0,KU240,Kemi
2017,21.5,KU320,Kemijärvi
2017,29.0,KU241,Keminmaa
2017,24.0,KU322,Kemiönsaari
2017,35.5,KU244,Kempele
2017,31.2,KU245,Kerava
2017,23.0,KU249,Keuruu
2017,14.7,KU250,Kihniö
2017,16.2,KU256,Kinnula
2017,39.0,KU257,Kirkkonummi
2017,18.9,KU260,Kitee
2017,22.7,KU261,Kittilä
2017,17.2,KU263,Kiuruvesi
2017,11.1,KU265,Kivijärvi
2017,20.8,KU271,Kokemäki
2017,27.3,KU272,Kokkola
2017,21.1,KU273,Kolari
2017,18.2,KU275,Konnevesi
2017,31.5,KU276,Kontiolahti
2017,23.0,KU280,Korsnäs
2017,19.2,KU284,Koski Tl
2017,26.5,KU285,Kotka
2017,25.1,KU286,Kouvola
2017,22.4,KU287,Kristiinankaupunki
2017,23.8,KU288,Kruunupyy
2017,17.6,KU290,Kuhmo
2017,19.2,KU291,Kuhmoinen
2017,22.9,KU295,Kumlinge
2017,32.6,KU297,Kuopio
2017,21.7,KU300,Kuortane
2017,19.6,KU301,Kurikka
2017,23.3,KU304,Kustavi
2017,21.0,KU305,Kuusamo
2017,15.0,KU312,Kyyjärvi
2017,18.8,KU316,Kärkölä
2017,13.7,KU317,Kärsämäki
2017,29.1,KU318,Kökar
2017,28.0,KU398,Lahti
2017,29.3,KU399,Laihia
2017,19.7,KU400,Laitila
2017,18.9,KU407,Lapinjärvi
2017,20.0,KU402,Lapinlahti
2017,20.4,KU403,Lappajärvi
2017,29.6,KU405,Lappeenranta
2017,27.7,KU408,Lapua
2017,27.2,KU410,Laukaa
2017,23.4,KU416,Lemi
2017,30.4,KU417,Lemland
2017,36.5,KU418,Lempäälä
2017,24.1,KU420,Leppävirta
2017,19.7,KU421,Lestijärvi
2017,17.8,KU422,Lieksa
2017,33.6,KU423,Lieto
2017,33.4,KU425,Liminka
2017,25.9,KU426,Liperi
2017,26.7,KU444,Lohja
2017,23.2,KU430,Loimaa
2017,22.0,KU433,Loppi
2017,23.9,KU434,Loviisa
2017,20.7,KU435,Luhanka
2017,20.4,KU436,Lumijoki
2017,27.7,KU438,Lumparland
2017,22.3,KU440,Luoto
2017,20.7,KU441,Luumäki
2017,27.0,KU475,Maalahti
2017,34.2,KU478,Maarianhamina - Mariehamn
2017,20.6,KU480,Marttila
2017,31.9,KU481,Masku
2017,11.9,KU483,Merijärvi
2017,18.8,KU484,Merikarvia
2017,13.9,KU489,Miehikkälä
2017,29.8,KU491,Mikkeli
2017,25.4,KU494,Muhos
2017,18.0,KU495,Multia
2017,22.6,KU498,Muonio
2017,36.5,KU499,Mustasaari
2017,37.0,KU500,Muurame
2017,21.9,KU503,Mynämäki
2017,19.6,KU504,Myrskylä
2017,25.1,KU505,Mäntsälä
2017,20.0,KU508,Mänttä-Vilppula
2017,19.2,KU507,Mäntyharju
2017,34.0,KU529,Naantali
2017,22.8,KU531,Nakkila
2017,18.3,KU535,Nivala
2017,29.2,KU536,Nokia
2017,25.9,KU538,Nousiainen
2017,18.2,KU541,Nurmes
2017,31.5,KU543,Nurmijärvi
2017,21.4,KU545,Närpiö
2017,20.9,KU560,Orimattila
2017,17.8,KU561,Oripää
2017,24.3,KU562,Orivesi
2017,22.0,KU563,Oulainen
2017,36.4,KU564,Oulu
2017,17.8,KU309,Outokumpu
2017,17.7,KU576,Padasjoki
2017,31.2,KU577,Paimio
2017,17.8,KU578,Paltamo
2017,33.7,KU445,Parainen
2017,18.3,KU580,Parikkala
2017,18.5,KU581,Parkano
2017,22.6,KU599,Pedersören kunta
2017,22.2,KU583,Pelkosenniemi
2017,19.3,KU854,Pello
2017,13.8,KU584,Perho
2017,25.0,KU592,Petäjävesi
2017,22.4,KU593,Pieksämäki
2017,16.2,KU595,Pielavesi
2017,28.3,KU598,Pietarsaari
2017,14.7,KU601,Pihtipudas
2017,40.8,KU604,Pirkkala
2017,16.1,KU607,Polvijärvi
2017,18.9,KU608,Pomarkku
2017,27.3,KU609,Pori
2017,24.9,KU611,Pornainen
2017,32.2,KU638,Porvoo
2017,16.0,KU614,Posio
2017,15.4,KU615,Pudasjärvi
2017,18.1,KU616,Pukkila
2017,19.7,KU619,Punkalaidun
2017,16.2,KU620,Puolanka
2017,20.9,KU623,Puumala
2017,26.7,KU624,Pyhtää
2017,20.0,KU625,Pyhäjoki
2017,18.0,KU626,Pyhäjärvi
2017,17.4,KU630,Pyhäntä
2017,20.9,KU631,Pyhäranta
2017,23.7,KU635,Pälkäne
2017,20.3,KU636,Pöytyä
2017,22.1,KU678,Raahe
2017,28.1,KU710,Raasepori
2017,28.9,KU680,Raisio
2017,19.8,KU681,Rantasalmi
2017,16.3,KU683,Ranua
2017,28.4,KU684,Rauma
2017,19.8,KU686,Rautalampi
2017,12.2,KU687,Rautavaara
2017,16.1,KU689,Rautjärvi
2017,17.7,KU691,Reisjärvi
2017,28.1,KU694,Riihimäki
2017,21.2,KU697,Ristijärvi
2017,32.6,KU698,Rovaniemi
2017,21.9,KU700,Ruokolahti
2017,20.8,KU702,Ruovesi
2017,30.4,KU704,Rusko
2017,15.3,KU707,Rääkkylä
2017,20.6,KU729,Saarijärvi
2017,15.9,KU732,Salla
2017,25.3,KU734,Salo
2017,19.7,KU736,Saltvik
2017,22.5,KU790,Sastamala
2017,27.0,KU738,Sauvo
2017,19.0,KU739,Savitaipale
2017,25.1,KU740,Savonlinna
2017,19.5,KU742,Savukoski
2017,32.2,KU743,Seinäjoki
2017,16.7,KU746,Sievi
2017,14.9,KU747,Siikainen
2017,18.6,KU748,Siikajoki
2017,14.8,KU791,Siikalatva
2017,31.6,KU749,Siilinjärvi
2017,20.0,KU751,Simo
2017,36.1,KU753,Sipoo
2017,34.5,KU755,Siuntio
2017,23.3,KU758,Sodankylä
2017,17.3,KU759,Soini
2017,20.0,KU761,Somero
2017,16.0,KU762,Sonkajärvi
2017,25.0,KU765,Sotkamo
2017,31.9,KU766,Sottunga
2017,18.9,KU768,Sulkava
2017,21.0,KU771,Sund
2017,17.0,KU777,Suomussalmi
2017,20.5,KU778,Suonenjoki
2017,18.8,KU781,Sysmä
2017,23.0,KU783,Säkylä
2017,33.7,KU831,Taipalsaari
2017,16.3,KU832,Taivalkoski
2017,20.0,KU833,Taivassalo
2017,26.8,KU834,Tammela
2017,36.3,KU837,Tampere
2017,16.9,KU844,Tervo
2017,17.8,KU845,Tervola
2017,16.6,KU846,Teuva
2017,17.4,KU848,Tohmajärvi
2017,18.0,KU849,Toholampi
2017,24.7,KU850,Toivakka
2017,25.4,KU851,Tornio
2017,34.0,KU853,Turku
2017,17.7,KU857,Tuusniemi
2017,33.2,KU858,Tuusula
2017,22.6,KU859,Tyrnävä
2017,27.2,KU886,Ulvila
2017,18.1,KU887,Urjala
2017,15.1,KU889,Utajärvi
2017,25.8,KU890,Utsjoki
2017,22.8,KU892,Uurainen
2017,24.5,KU893,Uusikaarlepyy
2017,22.5,KU895,Uusikaupunki
2017,17.8,KU785,Vaala
2017,35.0,KU905,Vaasa
2017,26.9,KU908,Valkeakoski
2017,30.6,KU092,Vantaa
2017,25.5,KU915,Varkaus
2017,18.3,KU918,Vehmaa
2017,15.8,KU921,Vesanto
2017,31.3,KU922,Vesilahti
2017,21.2,KU924,Veteli
2017,18.5,KU925,Vieremä
2017,30.6,KU927,Vihti
2017,18.7,KU931,Viitasaari
2017,21.2,KU934,Vimpeli
2017,19.1,KU935,Virolahti
2017,20.9,KU936,Virrat
2017,24.5,KU941,Vårdö
2017,25.8,KU946,Vöyri
2017,18.6,KU976,Ylitornio
2017,26.4,KU977,Ylivieska
2017,30.6,KU980,Ylöjärvi
2017,18.2,KU981,Ypäjä
2017,21.5,KU989,Ähtäri
2017,20.4,KU992,Äänekoski
2017,31.0,,
2017,37.9,MK01,MK01 Uusimaa
2017,30.4,MK02,MK02 Varsinais-Suomi
2017,25.3,MK04,MK04 Satakunta
2017,27.7,MK05,MK05 Kanta-Häme
2017,31.8,MK06,MK06 Pirkanmaa
2017,26.2,MK07,MK07 Päijät-Häme
2017,25.2,MK08,MK08 Kymenlaakso
2017,26.4,MK09,MK09 Etelä-Karjala
2017,25.2,MK10,MK10 Etelä-Savo
2017,27.4,MK11,MK11 Pohjois-Savo
2017,25.4,MK12,MK12 Pohjois-Karjala
2017,29.4,MK13,MK13 Keski-Suomi
2017,24.9,MK14,MK14 Etelä-Pohjanmaa
2017,30.2,MK15,MK15 Pohjanmaa
2017,24.9,MK16,MK16 Keski-Pohjanmaa
2017,29.2,MK17,MK17 Pohjois-Pohjanmaa
2017,24.3,MK18,MK18 Kainuu
2017,26.1,MK19,MK19 Lappi
2017,28.4,,
2017,28.4,MK21,MK21 Ahvenanmaa
2018,31.8,SSS,KOKO MAA
2018,25.1,KU020,Akaa
2018,21.5,KU005,Alajärvi
2018,17.3,KU009,Alavieska
2018,19.4,KU010,Alavus
2018,26.5,KU016,Asikkala
2018,21.7,KU018,Askola
2018,23.4,KU019,Aura
2018,30.9,KU035,Brändö
2018,20.2,KU043,Eckerö
2018,17.9,KU046,Enonkoski
2018,21.3,KU047,Enontekiö
2018,47.2,KU049,Espoo
2018,21.8,KU050,Eura
2018,26.4,KU051,Eurajoki
2018,17.2,KU052,Evijärvi
2018,20.5,KU060,Finström
2018,22.6,KU061,Forssa
2018,17.1,KU062,Föglö
2018,17.6,KU065,Geta
2018,20.3,KU069,Haapajärvi
2018,17.3,KU071,Haapavesi
2018,31.4,KU072,Hailuoto
2018,16.9,KU074,Halsua
2018,24.4,KU075,Hamina
2018,19.6,KU076,Hammarland
2018,19.3,KU077,Hankasalmi
2018,22.3,KU078,Hanko
2018,22.9,KU079,Harjavalta
2018,17.9,KU081,Hartola
2018,31.0,KU082,Hattula
2018,24.9,KU086,Hausjärvi
2018,23.4,KU111,Heinola
2018,19.9,KU090,Heinävesi
2018,43.7,KU091,Helsinki
2018,19.3,KU097,Hirvensalmi
2018,29.7,KU098,Hollola
2018,23.0,KU102,Huittinen
2018,18.8,KU103,Humppila
2018,15.3,KU105,Hyrynsalmi
2018,30.9,KU106,Hyvinkää
2018,23.6,KU108,Hämeenkyrö
2018,31.8,KU109,Hämeenlinna
2018,22.4,KU139,Ii
2018,24.6,KU140,Iisalmi
2018,23.6,KU142,Iitti
2018,24.8,KU143,Ikaalinen
2018,26.0,KU145,Ilmajoki
2018,15.5,KU146,Ilomantsi
2018,23.2,KU153,Imatra
2018,23.8,KU148,Inari
2018,34.1,KU149,Inkoo
2018,14.6,KU151,Isojoki
2018,24.4,KU152,Isokyrö
2018,25.1,KU165,Janakkala
2018,31.7,KU167,Joensuu
2018,25.2,KU169,Jokioinen
2018,30.4,KU170,Jomala
2018,23.2,KU171,Joroinen
2018,18.7,KU172,Joutsa
2018,16.6,KU176,Juuka
2018,19.1,KU177,Juupajoki
2018,19.4,KU178,Juva
2018,36.5,KU179,Jyväskylä
2018,18.1,KU181,Jämijärvi
2018,23.0,KU182,Jämsä
2018,33.8,KU186,Järvenpää
2018,38.1,KU202,Kaarina
2018,13.4,KU204,Kaavi
2018,29.9,KU205,Kajaani
2018,21.7,KU208,Kalajoki
2018,34.7,KU211,Kangasala
2018,21.3,KU213,Kangasniemi
2018,21.7,KU214,Kankaanpää
2018,16.2,KU216,Kannonkoski
2018,20.4,KU217,Kannus
2018,12.4,KU218,Karijoki
2018,20.4,KU224,Karkkila
2018,19.3,KU226,Karstula
2018,13.3,KU230,Karvia
2018,25.8,KU231,Kaskinen
2018,20.8,KU232,Kauhajoki
2018,22.9,KU233,Kauhava
2018,58.4,KU235,Kauniainen
2018,23.1,KU236,Kaustinen
2018,17.5,KU239,Keitele
2018,24.4,KU240,Kemi
2018,22.0,KU320,Kemijärvi
2018,29.5,KU241,Keminmaa
2018,24.9,KU322,Kemiönsaari
2018,36.0,KU244,Kempele
2018,31.2,KU245,Kerava
2018,23.1,KU249,Keuruu
2018,15.1,KU250,Kihniö
2018,16.5,KU256,Kinnula
2018,39.5,KU257,Kirkkonummi
2018,19.3,KU260,Kitee
2018,22.8,KU261,Kittilä
2018,17.4,KU263,Kiuruvesi
2018,11.9,KU265,Kivijärvi
2018,21.2,KU271,Kokemäki
2018,27.9,KU272,Kokkola
2018,21.9,KU273,Kolari
2018,19.0,KU275,Konnevesi
2018,32.0,KU276,Kontiolahti
2018,24.1,KU280,Korsnäs
2018,19.8,KU284,Koski Tl
2018,27.4,KU285,Kotka
2018,25.5,KU286,Kouvola
2018,23.1,KU287,Kristiinankaupunki
2018,24.6,KU288,Kruunupyy
2018,18.1,KU290,Kuhmo
2018,19.6,KU291,Kuhmoinen
2018,25.7,KU295,Kumlinge
2018,33.4,KU297,Kuopio
2018,22.4,KU300,Kuortane
2018,20.0,KU301,Kurikka
2018,25.3,KU304,Kustavi
2018,21.5,KU305,Kuusamo
2018,15.4,KU312,Kyyjärvi
2018,18.7,KU316,Kärkölä
2018,14.3,KU317,Kärsämäki
2018,26.7,KU318,Kökar
2018,28.6,KU398,Lahti
2018,29.6,KU399,Laihia
2018,20.0,KU400,Laitila
2018,19.9,KU407,Lapinjärvi
2018,20.5,KU402,Lapinlahti
2018,21.2,KU403,Lappajärvi
2018,30.6,KU405,Lappeenranta
2018,28.1,KU408,Lapua
2018,27.8,KU410,Laukaa
2018,23.7,KU416,Lemi
2018,31.4,KU417,Lemland
2018,37.3,KU418,Lempäälä
2018,24.2,KU420,Leppävirta
2018,19.5,KU421,Lestijärvi
2018,18.3,KU422,Lieksa
2018,34.2,KU423,Lieto
2018,33.6,KU425,Liminka
2018,26.4,KU426,Liperi
2018,27.0,KU444,Lohja
2018,23.5,KU430,Loimaa
2018,22.1,KU433,Loppi
2018,24.4,KU434,Loviisa
2018,21.7,KU435,Luhanka
2018,21.1,KU436,Lumijoki
2018,27.6,KU438,Lumparland
2018,22.8,KU440,Luoto
2018,21.6,KU441,Luumäki
2018,27.8,KU475,Maalahti
2018,34.5,KU478,Maarianhamina - Mariehamn
2018,21.4,KU480,Marttila
2018,32.6,KU481,Masku
2018,11.9,KU483,Merijärvi
2018,19.2,KU484,Merikarvia
2018,14.7,KU489,Miehikkälä
2018,30.3,KU491,Mikkeli
2018,25.8,KU494,Muhos
2018,18.2,KU495,Multia
2018,23.2,KU498,Muonio
2018,37.0,KU499,Mustasaari
2018,37.7,KU500,Muurame
2018,22.4,KU503,Mynämäki
2018,20.2,KU504,Myrskylä
2018,25.5,KU505,Mäntsälä
2018,20.2,KU508,Mänttä-Vilppula
2018,19.4,KU507,Mäntyharju
2018,34.4,KU529,Naantali
2018,23.3,KU531,Nakkila
2018,18.6,KU535,Nivala
2018,29.6,KU536,Nokia
2018,26.0,KU538,Nousiainen
2018,18.7,KU541,Nurmes
2018,31.5,KU543,Nurmijärvi
2018,22.5,KU545,Närpiö
2018,21.3,KU560,Orimattila
2018,18.2,KU561,Oripää
2018,24.8,KU562,Orivesi
2018,22.3,KU563,Oulainen
2018,37.1,KU564,Oulu
2018,18.2,KU309,Outokumpu
2018,17.7,KU576,Padasjoki
2018,31.6,KU577,Paimio
2018,18.5,KU578,Paltamo
2018,34.1,KU445,Parainen
2018,18.7,KU580,Parikkala
2018,18.5,KU581,Parkano
2018,23.1,KU599,Pedersören kunta
2018,23.3,KU583,Pelkosenniemi
2018,19.5,KU854,Pello
2018,14.0,KU584,Perho
2018,25.5,KU592,Petäjävesi
2018,22.7,KU593,Pieksämäki
2018,16.2,KU595,Pielavesi
2018,29.0,KU598,Pietarsaari
2018,15.3,KU601,Pihtipudas
2018,41.3,KU604,Pirkkala
2018,16.7,KU607,Polvijärvi
2018,19.2,KU608,Pomarkku
2018,27.9,KU609,Pori
2018,25.3,KU611,Pornainen
2018,32.8,KU638,Porvoo
2018,16.5,KU614,Posio
2018,15.7,KU615,Pudasjärvi
2018,19.4,KU616,Pukkila
2018,20.1,KU619,Punkalaidun
2018,17.0,KU620,Puolanka
2018,22.0,KU623,Puumala
2018,27.2,KU624,Pyhtää
2018,20.1,KU625,Pyhäjoki
2018,18.4,KU626,Pyhäjärvi
2018,18.0,KU630,Pyhäntä
2018,21.3,KU631,Pyhäranta
2018,24.2,KU635,Pälkäne
2018,20.9,KU636,Pöytyä
2018,22.6,KU678,Raahe
2018,28.7,KU710,Raasepori
2018,29.4,KU680,Raisio
2018,20.4,KU681,Rantasalmi
2018,16.7,KU683,Ranua
2018,29.0,KU684,Rauma
2018,20.1,KU686,Rautalampi
2018,12.7,KU687,Rautavaara
2018,16.5,KU689,Rautjärvi
2018,18.0,KU691,Reisjärvi
2018,28.5,KU694,Riihimäki
2018,22.1,KU697,Ristijärvi
2018,33.4,KU698,Rovaniemi
2018,22.6,KU700,Ruokolahti
2018,21.1,KU702,Ruovesi
2018,31.0,KU704,Rusko
2018,15.8,KU707,Rääkkylä
2018,20.7,KU729,Saarijärvi
2018,16.7,KU732,Salla
2018,25.9,KU734,Salo
2018,19.9,KU736,Saltvik
2018,22.8,KU790,Sastamala
2018,27.6,KU738,Sauvo
2018,19.8,KU739,Savitaipale
2018,25.5,KU740,Savonlinna
2018,19.1,KU742,Savukoski
2018,32.6,KU743,Seinäjoki
2018,17.4,KU746,Sievi
2018,15.2,KU747,Siikainen
2018,18.5,KU748,Siikajoki
2018,15.3,KU791,Siikalatva
2018,32.1,KU749,Siilinjärvi
2018,20.9,KU751,Simo
2018,36.1,KU753,Sipoo
2018,34.6,KU755,Siuntio
2018,23.9,KU758,Sodankylä
2018,17.4,KU759,Soini
2018,20.4,KU761,Somero
2018,16.3,KU762,Sonkajärvi
2018,25.7,KU765,Sotkamo
2018,31.5,KU766,Sottunga
2018,19.2,KU768,Sulkava
2018,21.1,KU771,Sund
2018,17.6,KU777,Suomussalmi
2018,20.5,KU778,Suonenjoki
2018,19.7,KU781,Sysmä
2018,23.2,KU783,Säkylä
2018,34.5,KU831,Taipalsaari
2018,16.8,KU832,Taivalkoski
2018,20.9,KU833,Taivassalo
2018,27.0,KU834,Tammela
2018,37.3,KU837,Tampere
2018,17.6,KU844,Tervo
2018,18.2,KU845,Tervola
2018,16.9,KU846,Teuva
2018,17.7,KU848,Tohmajärvi
2018,18.0,KU849,Toholampi
2018,25.1,KU850,Toivakka
2018,25.7,KU851,Tornio
2018,35.0,KU853,Turku
2018,18.5,KU857,Tuusniemi
2018,33.4,KU858,Tuusula
2018,22.7,KU859,Tyrnävä
2018,27.6,KU886,Ulvila
2018,18.5,KU887,Urjala
2018,15.2,KU889,Utajärvi
2018,26.8,KU890,Utsjoki
2018,23.0,KU892,Uurainen
2018,25.2,KU893,Uusikaarlepyy
2018,22.9,KU895,Uusikaupunki
2018,18.4,KU785,Vaala
2018,35.9,KU905,Vaasa
2018,27.3,KU908,Valkeakoski
2018,31.3,KU092,Vantaa
2018,25.6,KU915,Varkaus
2018,19.0,KU918,Vehmaa
2018,16.5,KU921,Vesanto
2018,31.1,KU922,Vesilahti
2018,21.3,KU924,Veteli
2018,18.8,KU925,Vieremä
2018,30.9,KU927,Vihti
2018,19.1,KU931,Viitasaari
2018,21.4,KU934,Vimpeli
2018,19.4,KU935,Virolahti
2018,21.1,KU936,Virrat
2018,25.7,KU941,Vårdö
2018,26.4,KU946,Vöyri
2018,18.9,KU976,Ylitornio
2018,26.7,KU977,Ylivieska
2018,31.1,KU980,Ylöjärvi
2018,19.0,KU981,Ypäjä
2018,22.3,KU989,Ähtäri
2018,20.6,KU992,Äänekoski
2018,31.8,,
2018,38.9,MK01,MK01 Uusimaa
2018,31.2,MK02,MK02 Varsinais-Suomi
2018,25.9,MK04,MK04 Satakunta
2018,28.1,MK05,MK05 Kanta-Häme
2018,32.6,MK06,MK06 Pirkanmaa
2018,26.7,MK07,MK07 Päijät-Häme
2018,25.8,MK08,MK08 Kymenlaakso
2018,27.2,MK09,MK09 Etelä-Karjala
2018,25.7,MK10,MK10 Etelä-Savo
2018,28.0,MK11,MK11 Pohjois-Savo
2018,26.1,MK12,MK12 Pohjois-Karjala
2018,30.0,MK13,MK13 Keski-Suomi
2018,25.4,MK14,MK14 Etelä-Pohjanmaa
2018,31.0,MK15,MK15 Pohjanmaa
2018,25.4,MK16,MK16 Keski-Pohjanmaa
2018,29.8,MK17,MK17 Pohjois-Pohjanmaa
2018,24.9,MK18,MK18 Kainuu
2018,26.7,MK19,MK19 Lappi
2018,28.8,,
2018,28.8,MK21,MK21 Ahvenanmaa
2019,32.2,SSS,KOKO MAA
2019,25.4,KU020,Akaa
2019,21.9,KU005,Alajärvi
2019,18.0,KU009,Alavieska
2019,19.7,KU010,Alavus
2019,26.4,KU016,Asikkala
2019,22.3,KU018,Askola
2019,23.5,KU019,Aura
2019,32.3,KU035,Brändö
2019,20.7,KU043,Eckerö
2019,18.0,KU046,Enonkoski
2019,22.4,KU047,Enontekiö
2019,47.3,KU049,Espoo
2019,22.0,KU050,Eura
2019,26.9,KU051,Eurajoki
2019,17.4,KU052,Evijärvi
2019,20.2,KU060,Finström
2019,22.8,KU061,Forssa
2019,17.5,KU062,Föglö
2019,18.6,KU065,Geta
2019,20.5,KU069,Haapajärvi
2019,17.5,KU071,Haapavesi
2019,31.7,KU072,Hailuoto
2019,17.5,KU074,Halsua
2019,24.8,KU075,Hamina
2019,20.2,KU076,Hammarland
2019,19.8,KU077,Hankasalmi
2019,22.5,KU078,Hanko
2019,23.1,KU079,Harjavalta
2019,18.2,KU081,Hartola
2019,31.3,KU082,Hattula
2019,24.8,KU086,Hausjärvi
2019,23.5,KU111,Heinola
2019,20.7,KU090,Heinävesi
2019,44.4,KU091,Helsinki
2019,19.9,KU097,Hirvensalmi
2019,30.0,KU098,Hollola
2019,23.3,KU102,Huittinen
2019,19.2,KU103,Humppila
2019,15.6,KU105,Hyrynsalmi
2019,31.1,KU106,Hyvinkää
2019,23.7,KU108,Hämeenkyrö
2019,32.1,KU109,Hämeenlinna
2019,22.6,KU139,Ii
2019,24.8,KU140,Iisalmi
2019,23.9,KU142,Iitti
2019,24.9,KU143,Ikaalinen
2019,26.3,KU145,Ilmajoki
2019,15.9,KU146,Ilomantsi
2019,23.4,KU153,Imatra
2019,24.4,KU148,Inari
2019,34.5,KU149,Inkoo
2019,15.3,KU151,Isojoki
2019,24.8,KU152,Isokyrö
2019,25.5,KU165,Janakkala
2019,32.2,KU167,Joensuu
2019,25.6,KU169,Jokioinen
2019,31.3,KU170,Jomala
2019,23.4,KU171,Joroinen
2019,19.3,KU172,Joutsa
2019,16.9,KU176,Juuka
2019,19.8,KU177,Juupajoki
2019,19.7,KU178,Juva
2019,36.7,KU179,Jyväskylä
2019,18.4,KU181,Jämijärvi
2019,23.2,KU182,Jämsä
2019,34.1,KU186,Järvenpää
2019,38.7,KU202,Kaarina
2019,14.0,KU204,Kaavi
2019,30.2,KU205,Kajaani
2019,22.1,KU208,Kalajoki
2019,35.0,KU211,Kangasala
2019,21.7,KU213,Kangasniemi
2019,21.8,KU214,Kankaanpää
2019,16.6,KU216,Kannonkoski
2019,20.7,KU217,Kannus
2019,13.2,KU218,Karijoki
2019,20.7,KU224,Karkkila
2019,19.5,KU226,Karstula
2019,13.5,KU230,Karvia
2019,26.2,KU231,Kaskinen
2019,20.9,KU232,Kauhajoki
2019,23.2,KU233,Kauhava
2019,58.6,KU235,Kauniainen
2019,23.1,KU236,Kaustinen
2019,17.4,KU239,Keitele
2019,24.5,KU240,Kemi
2019,22.3,KU320,Kemijärvi
2019,29.7,KU241,Keminmaa
2019,25.1,KU322,Kemiönsaari
2019,36.3,KU244,Kempele
2019,31.1,KU245,Kerava
2019,23.4,KU249,Keuruu
2019,15.5,KU250,Kihniö
2019,17.0,KU256,Kinnula
2019,39.5,KU257,Kirkkonummi
2019,19.8,KU260,Kitee
2019,23.1,KU261,Kittilä
2019,17.9,KU263,Kiuruvesi
2019,12.1,KU265,Kivijärvi
2019,21.4,KU271,Kokemäki
2019,28.3,KU272,Kokkola
2019,22.4,KU273,Kolari
2019,19.2,KU275,Konnevesi
2019,32.6,KU276,Kontiolahti
2019,24.2,KU280,Korsnäs
2019,20.0,KU284,Koski Tl
2019,27.7,KU285,Kotka
2019,25.9,KU286,Kouvola
2019,23.6,KU287,Kristiinankaupunki
2019,25.1,KU288,Kruunupyy
2019,18.3,KU290,Kuhmo
2019,20.1,KU291,Kuhmoinen
2019,27.3,KU295,Kumlinge
2019,33.9,KU297,Kuopio
2019,23.0,KU300,Kuortane
2019,20.3,KU301,Kurikka
2019,26.1,KU304,Kustavi
2019,21.8,KU305,Kuusamo
2019,15.3,KU312,Kyyjärvi
2019,19.1,KU316,Kärkölä
2019,13.9,KU317,Kärsämäki
2019,25.7,KU318,Kökar
2019,29.0,KU398,Lahti
2019,30.0,KU399,Laihia
2019,20.1,KU400,Laitila
2019,20.3,KU407,Lapinjärvi
2019,21.0,KU402,Lapinlahti
2019,21.7,KU403,Lappajärvi
2019,30.9,KU405,Lappeenranta
2019,28.2,KU408,Lapua
2019,28.1,KU410,Laukaa
2019,24.4,KU416,Lemi
2019,32.1,KU417,Lemland
2019,37.8,KU418,Lempäälä
2019,24.6,KU420,Leppävirta
2019,20.7,KU421,Lestijärvi
2019,18.6,KU422,Lieksa
2019,34.7,KU423,Lieto
2019,33.5,KU425,Liminka
2019,27.0,KU426,Liperi
2019,27.1,KU444,Lohja
2019,23.8,KU430,Loimaa
2019,22.6,KU433,Loppi
2019,24.8,KU434,Loviisa
2019,22.9,KU435,Luhanka
2019,21.1,KU436,Lumijoki
2019,28.4,KU438,Lumparland
2019,23.3,KU440,Luoto
2019,21.6,KU441,Luumäki
2019,28.5,KU475,Maalahti
2019,34.8,KU478,Maarianhamina - Mariehamn
2019,21.9,KU480,Marttila
2019,33.1,KU481,Masku
2019,12.5,KU483,Merijärvi
2019,19.7,KU484,Merikarvia
2019,15.5,KU489,Miehikkälä
2019,30.7,KU491,Mikkeli
2019,26.0,KU494,Muhos
2019,18.5,KU495,Multia
2019,23.3,KU498,Muonio
2019,37.7,KU499,Mustasaari
2019,38.4,KU500,Muurame
2019,22.9,KU503,Mynämäki
2019,20.3,KU504,Myrskylä
2019,25.6,KU505,Mäntsälä
2019,20.3,KU508,Mänttä-Vilppula
2019,20.0,KU507,Mäntyharju
2019,34.8,KU529,Naantali
2019,23.6,KU531,Nakkila
2019,18.7,KU535,Nivala
2019,30.1,KU536,Nokia
2019,26.8,KU538,Nousiainen
2019,18.9,KU541,Nurmes
2019,31.4,KU543,Nurmijärvi
2019,22.7,KU545,Närpiö
2019,21.4,KU560,Orimattila
2019,17.8,KU561,Oripää
2019,25.4,KU562,Orivesi
2019,22.4,KU563,Oulainen
2019,37.4,KU564,Oulu
2019,18.4,KU309,Outokumpu
2019,18.0,KU576,Padasjoki
2019,32.0,KU577,Paimio
2019,18.7,KU578,Paltamo
2019,34.4,KU445,Parainen
2019,19.1,KU580,Parikkala
2019,18.6,KU581,Parkano
2019,23.3,KU599,Pedersören kunta
2019,23.1,KU583,Pelkosenniemi
2019,20.3,KU854,Pello
2019,14.4,KU584,Perho
2019,26.0,KU592,Petäjävesi
2019,22.9,KU593,Pieksämäki
2019,16.2,KU595,Pielavesi
2019,29.2,KU598,Pietarsaari
2019,15.6,KU601,Pihtipudas
2019,41.4,KU604,Pirkkala
2019,16.7,KU607,Polvijärvi
2019,19.8,KU608,Pomarkku
2019,28.2,KU609,Pori
2019,25.2,KU611,Pornainen
2019,33.2,KU638,Porvoo
2019,16.9,KU614,Posio
2019,16.0,KU615,Pudasjärvi
2019,19.6,KU616,Pukkila
2019,20.4,KU619,Punkalaidun
2019,17.1,KU620,Puolanka
2019,22.5,KU623,Puumala
2019,27.8,KU624,Pyhtää
2019,20.4,KU625,Pyhäjoki
2019,18.6,KU626,Pyhäjärvi
2019,18.0,KU630,Pyhäntä
2019,21.8,KU631,Pyhäranta
2019,24.5,KU635,Pälkäne
2019,20.8,KU636,Pöytyä
2019,22.5,KU678,Raahe
2019,29.1,KU710,Raasepori
2019,30.0,KU680,Raisio
2019,20.8,KU681,Rantasalmi
2019,17.0,KU683,Ranua
2019,29.1,KU684,Rauma
2019,20.2,KU686,Rautalampi
2019,12.9,KU687,Rautavaara
2019,16.6,KU689,Rautjärvi
2019,17.9,KU691,Reisjärvi
2019,28.7,KU694,Riihimäki
2019,22.7,KU697,Ristijärvi
2019,33.9,KU698,Rovaniemi
2019,23.2,KU700,Ruokolahti
2019,21.2,KU702,Ruovesi
2019,31.5,KU704,Rusko
2019,16.3,KU707,Rääkkylä
2019,21.1,KU729,Saarijärvi
2019,16.9,KU732,Salla
2019,26.1,KU734,Salo
2019,20.8,KU736,Saltvik
2019,23.0,KU790,Sastamala
2019,27.7,KU738,Sauvo
2019,20.2,KU739,Savitaipale
2019,25.8,KU740,Savonlinna
2019,20.2,KU742,Savukoski
2019,33.1,KU743,Seinäjoki
2019,17.4,KU746,Sievi
2019,15.5,KU747,Siikainen
2019,18.7,KU748,Siikajoki
2019,15.6,KU791,Siikalatva
2019,32.5,KU749,Siilinjärvi
2019,21.6,KU751,Simo
2019,36.1,KU753,Sipoo
2019,35.2,KU755,Siuntio
2019,24.2,KU758,Sodankylä
2019,17.4,KU759,Soini
2019,20.6,KU761,Somero
2019,16.4,KU762,Sonkajärvi
2019,26.1,KU765,Sotkamo
2019,34.9,KU766,Sottunga
2019,19.4,KU768,Sulkava
2019,20.9,KU771,Sund
2019,17.7,KU777,Suomussalmi
2019,20.7,KU778,Suonenjoki
2019,19.8,KU781,Sysmä
2019,23.5,KU783,Säkylä
2019,34.4,KU831,Taipalsaari
2019,16.9,KU832,Taivalkoski
2019,21.5,KU833,Taivassalo
2019,27.4,KU834,Tammela
2019,37.8,KU837,Tampere
2019,17.9,KU844,Tervo
2019,19.0,KU845,Tervola
2019,17.0,KU846,Teuva
2019,18.0,KU848,Tohmajärvi
2019,18.5,KU849,Toholampi
2019,25.5,KU850,Toivakka
2019,26.0,KU851,Tornio
2019,35.5,KU853,Turku
2019,19.0,KU857,Tuusniemi
2019,33.4,KU858,Tuusula
2019,23.3,KU859,Tyrnävä
2019,27.8,KU886,Ulvila
2019,18.8,KU887,Urjala
2019,15.6,KU889,Utajärvi
2019,26.7,KU890,Utsjoki
2019,23.5,KU892,Uurainen
2019,25.7,KU893,Uusikaarlepyy
2019,23.1,KU895,Uusikaupunki
2019,18.8,KU785,Vaala
2019,36.2,KU905,Vaasa
2019,27.4,KU908,Valkeakoski
2019,31.4,KU092,Vantaa
2019,25.3,KU915,Varkaus
2019,19.0,KU918,Vehmaa
2019,16.6,KU921,Vesanto
2019,32.3,KU922,Vesilahti
2019,21.5,KU924,Veteli
2019,18.9,KU925,Vieremä
2019,31.0,KU927,Vihti
2019,19.5,KU931,Viitasaari
2019,22.0,KU934,Vimpeli
2019,19.9,KU935,Virolahti
2019,21.6,KU936,Virrat
2019,25.8,KU941,Vårdö
2019,26.9,KU946,Vöyri
2019,19.2,KU976,Ylitornio
2019,26.7,KU977,Ylivieska
2019,31.4,KU980,Ylöjärvi
2019,19.6,KU981,Ypäjä
2019,22.3,KU989,Ähtäri
2019,20.9,KU992,Äänekoski
2019,32.2,,
2019,39.3,MK01,MK01 Uusimaa
2019,31.6,MK02,MK02 Varsinais-Suomi
2019,26.2,MK04,MK04 Satakunta
2019,28.4,MK05,MK05 Kanta-Häme
2019,33.1,MK06,MK06 Pirkanmaa
2019,27.0,MK07,MK07 Päijät-Häme
2019,26.2,MK08,MK08 Kymenlaakso
2019,27.6,MK09,MK09 Etelä-Karjala
2019,26.0,MK10,MK10 Etelä-Savo
2019,28.4,MK11,MK11 Pohjois-Savo
2019,26.6,MK12,MK12 Pohjois-Karjala
2019,30.4,MK13,MK13 Keski-Suomi
2019,25.8,MK14,MK14 Etelä-Pohjanmaa
2019,31.3,MK15,MK15 Pohjanmaa
2019,25.8,MK16,MK16 Keski-Pohjanmaa
2019,30.2,MK17,MK17 Pohjois-Pohjanmaa
2019,25.2,MK18,MK18 Kainuu
2019,27.1,MK19,MK19 Lappi
2019,29.2,,
2019,29.2,MK21,MK21 Ahvenanmaa
2020,32.6,SSS,KOKO MAA
2020,25.5,KU020,Akaa
2020,22.3,KU005,Alajärvi
2020,18.7,KU009,Alavieska
2020,19.9,KU010,Alavus
2020,27.0,KU016,Asikkala
2020,22.7,KU018,Askola
2020,23.7,KU019,Aura
2020,32.0,KU035,Brändö
2020,21.1,KU043,Eckerö
2020,18.1,KU046,Enonkoski
2020,22.8,KU047,Enontekiö
2020,47.6,KU049,Espoo
2020,22.2,KU050,Eura
2020,27.3,KU051,Eurajoki
2020,17.7,KU052,Evijärvi
2020,20.5,KU060,Finström
2020,22.9,KU061,Forssa
2020,17.4,KU062,Föglö
2020,18.8,KU065,Geta
2020,20.9,KU069,Haapajärvi
2020,17.6,KU071,Haapavesi
2020,33.1,KU072,Hailuoto
2020,17.6,KU074,Halsua
2020,25.1,KU075,Hamina
2020,20.3,KU076,Hammarland
2020,20.2,KU077,Hankasalmi
2020,23.0,KU078,Hanko
2020,23.4,KU079,Harjavalta
2020,18.5,KU081,Hartola
2020,31.5,KU082,Hattula
2020,25.0,KU086,Hausjärvi
2020,23.7,KU111,Heinola
2020,21.5,KU090,Heinävesi
2020,45.1,KU091,Helsinki
2020,20.6,KU097,Hirvensalmi
2020,30.4,KU098,Hollola
2020,23.3,KU102,Huittinen
2020,19.7,KU103,Humppila
2020,16.1,KU105,Hyrynsalmi
2020,31.5,KU106,Hyvinkää
2020,24.0,KU108,Hämeenkyrö
2020,32.5,KU109,Hämeenlinna
2020,23.2,KU139,Ii
2020,25.1,KU140,Iisalmi
2020,24.2,KU142,Iitti
2020,25.0,KU143,Ikaalinen
2020,26.8,KU145,Ilmajoki
2020,16.0,KU146,Ilomantsi
2020,23.6,KU153,Imatra
2020,25.1,KU148,Inari
2020,35.0,KU149,Inkoo
2020,15.8,KU151,Isojoki
2020,24.9,KU152,Isokyrö
2020,25.8,KU165,Janakkala
2020,32.5,KU167,Joensuu
2020,26.1,KU169,Jokioinen
2020,31.7,KU170,Jomala
2020,23.4,KU171,Joroinen
2020,19.6,KU172,Joutsa
2020,17.2,KU176,Juuka
2020,20.3,KU177,Juupajoki
2020,20.2,KU178,Juva
2020,37.2,KU179,Jyväskylä
2020,18.9,KU181,Jämijärvi
2020,23.4,KU182,Jämsä
2020,34.4,KU186,Järvenpää
2020,39.6,KU202,Kaarina
2020,14.2,KU204,Kaavi
2020,30.5,KU205,Kajaani
2020,22.3,KU208,Kalajoki
2020,35.5,KU211,Kangasala
2020,22.0,KU213,Kangasniemi
2020,21.9,KU214,Kankaanpää
2020,16.8,KU216,Kannonkoski
2020,20.8,KU217,Kannus
2020,13.4,KU218,Karijoki
2020,20.9,KU224,Karkkila
2020,20.0,KU226,Karstula
2020,13.7,KU230,Karvia
2020,25.8,KU231,Kaskinen
2020,21.2,KU232,Kauhajoki
2020,23.5,KU233,Kauhava
2020,59.3,KU235,Kauniainen
2020,23.3,KU236,Kaustinen
2020,18.3,KU239,Keitele
2020,24.8,KU240,Kemi
2020,22.5,KU320,Kemijärvi
2020,29.9,KU241,Keminmaa
2020,26.1,KU322,Kemiönsaari
2020,36.8,KU244,Kempele
2020,31.4,KU245,Kerava
2020,23.7,KU249,Keuruu
2020,16.1,KU250,Kihniö
2020,17.1,KU256,Kinnula
2020,39.6,KU257,Kirkkonummi
2020,20.2,KU260,Kitee
2020,23.5,KU261,Kittilä
2020,18.4,KU263,Kiuruvesi
2020,12.6,KU265,Kivijärvi
2020,21.8,KU271,Kokemäki
2020,28.7,KU272,Kokkola
2020,23.2,KU273,Kolari
2020,19.7,KU275,Konnevesi
2020,33.1,KU276,Kontiolahti
2020,24.6,KU280,Korsnäs
2020,20.6,KU284,Koski Tl
2020,28.0,KU285,Kotka
2020,26.2,KU286,Kouvola
2020,23.6,KU287,Kristiinankaupunki
2020,25.0,KU288,Kruunupyy
2020,18.6,KU290,Kuhmo
2020,21.1,KU291,Kuhmoinen
2020,27.2,KU295,Kumlinge
2020,34.3,KU297,Kuopio
2020,23.4,KU300,Kuortane
2020,20.5,KU301,Kurikka
2020,28.5,KU304,Kustavi
2020,22.0,KU305,Kuusamo
2020,15.2,KU312,Kyyjärvi
2020,19.3,KU316,Kärkölä
2020,13.9,KU317,Kärsämäki
2020,24.3,KU318,Kökar
2020,29.3,KU398,Lahti
2020,30.7,KU399,Laihia
2020,20.4,KU400,Laitila
2020,20.8,KU407,Lapinjärvi
2020,21.0,KU402,Lapinlahti
2020,22.0,KU403,Lappajärvi
2020,31.5,KU405,Lappeenranta
2020,28.7,KU408,Lapua
2020,28.4,KU410,Laukaa
2020,24.8,KU416,Lemi
2020,31.6,KU417,Lemland
2020,38.3,KU418,Lempäälä
2020,25.0,KU420,Leppävirta
2020,21.2,KU421,Lestijärvi
2020,18.8,KU422,Lieksa
2020,35.3,KU423,Lieto
2020,33.4,KU425,Liminka
2020,27.4,KU426,Liperi
2020,27.4,KU444,Lohja
2020,24.0,KU430,Loimaa
2020,22.6,KU433,Loppi
2020,25.0,KU434,Loviisa
2020,23.0,KU435,Luhanka
2020,21.1,KU436,Lumijoki
2020,28.4,KU438,Lumparland
2020,23.8,KU440,Luoto
2020,22.5,KU441,Luumäki
2020,28.9,KU475,Maalahti
2020,34.5,KU478,Maarianhamina - Mariehamn
2020,22.2,KU480,Marttila
2020,33.1,KU481,Masku
2020,13.0,KU483,Merijärvi
2020,19.9,KU484,Merikarvia
2020,16.3,KU489,Miehikkälä
2020,31.1,KU491,Mikkeli
2020,26.2,KU494,Muhos
2020,19.3,KU495,Multia
2020,24.8,KU498,Muonio
2020,38.0,KU499,Mustasaari
2020,38.8,KU500,Muurame
2020,23.1,KU503,Mynämäki
2020,20.6,KU504,Myrskylä
2020,26.1,KU505,Mäntsälä
2020,20.6,KU508,Mänttä-Vilppula
2020,20.4,KU507,Mäntyharju
2020,35.6,KU529,Naantali
2020,23.9,KU531,Nakkila
2020,19.2,KU535,Nivala
2020,30.4,KU536,Nokia
2020,27.1,KU538,Nousiainen
2020,19.1,KU541,Nurmes
2020,31.5,KU543,Nurmijärvi
2020,22.8,KU545,Närpiö
2020,21.4,KU560,Orimattila
2020,18.0,KU561,Oripää
2020,25.6,KU562,Orivesi
2020,22.8,KU563,Oulainen
2020,37.7,KU564,Oulu
2020,19.0,KU309,Outokumpu
2020,18.4,KU576,Padasjoki
2020,32.5,KU577,Paimio
2020,19.1,KU578,Paltamo
2020,35.0,KU445,Parainen
2020,19.3,KU580,Parikkala
2020,19.0,KU581,Parkano
2020,23.6,KU599,Pedersören kunta
2020,24.0,KU583,Pelkosenniemi
2020,20.8,KU854,Pello
2020,14.6,KU584,Perho
2020,26.3,KU592,Petäjävesi
2020,23.1,KU593,Pieksämäki
2020,16.6,KU595,Pielavesi
2020,29.6,KU598,Pietarsaari
2020,16.0,KU601,Pihtipudas
2020,42.2,KU604,Pirkkala
2020,17.2,KU607,Polvijärvi
2020,19.6,KU608,Pomarkku
2020,28.6,KU609,Pori
2020,25.5,KU611,Pornainen
2020,33.6,KU638,Porvoo
2020,17.1,KU614,Posio
2020,16.5,KU615,Pudasjärvi
2020,20.1,KU616,Pukkila
2020,20.4,KU619,Punkalaidun
2020,17.6,KU620,Puolanka
2020,23.5,KU623,Puumala
2020,28.2,KU624,Pyhtää
2020,20.4,KU625,Pyhäjoki
2020,18.7,KU626,Pyhäjärvi
2020,18.0,KU630,Pyhäntä
2020,22.3,KU631,Pyhäranta
2020,25.0,KU635,Pälkäne
2020,21.1,KU636,Pöytyä
2020,22.7,KU678,Raahe
2020,29.4,KU710,Raasepori
2020,30.5,KU680,Raisio
2020,21.3,KU681,Rantasalmi
2020,17.5,KU683,Ranua
2020,29.3,KU684,Rauma
2020,21.0,KU686,Rautalampi
2020,12.9,KU687,Rautavaara
2020,16.9,KU689,Rautjärvi
2020,18.3,KU691,Reisjärvi
2020,29.0,KU694,Riihimäki
2020,23.1,KU697,Ristijärvi
2020,34.4,KU698,Rovaniemi
2020,23.3,KU700,Ruokolahti
2020,21.3,KU702,Ruovesi
2020,31.9,KU704,Rusko
2020,17.1,KU707,Rääkkylä
2020,21.3,KU729,Saarijärvi
2020,17.8,KU732,Salla
2020,26.4,KU734,Salo
2020,21.1,KU736,Saltvik
2020,23.5,KU790,Sastamala
2020,28.0,KU738,Sauvo
2020,20.3,KU739,Savitaipale
2020,25.9,KU740,Savonlinna
2020,21.4,KU742,Savukoski
2020,33.5,KU743,Seinäjoki
2020,18.0,KU746,Sievi
2020,15.6,KU747,Siikainen
2020,18.8,KU748,Siikajoki
2020,15.9,KU791,Siikalatva
2020,32.8,KU749,Siilinjärvi
2020,22.3,KU751,Simo
2020,36.4,KU753,Sipoo
2020,35.2,KU755,Siuntio
2020,24.7,KU758,Sodankylä
2020,18.0,KU759,Soini
2020,21.1,KU761,Somero
2020,16.7,KU762,Sonkajärvi
2020,26.9,KU765,Sotkamo
2020,34.4,KU766,Sottunga
2020,20.1,KU768,Sulkava
2020,20.8,KU771,Sund
2020,17.9,KU777,Suomussalmi
2020,21.0,KU778,Suonenjoki
2020,20.3,KU781,Sysmä
2020,23.6,KU783,Säkylä
2020,34.5,KU831,Taipalsaari
2020,17.6,KU832,Taivalkoski
2020,21.9,KU833,Taivassalo
2020,27.8,KU834,Tammela
2020,38.3,KU837,Tampere
2020,18.8,KU844,Tervo
2020,19.7,KU845,Tervola
2020,17.3,KU846,Teuva
2020,18.3,KU848,Tohmajärvi
2020,18.9,KU849,Toholampi
2020,25.7,KU850,Toivakka
2020,26.3,KU851,Tornio
2020,35.8,KU853,Turku
2020,19.2,KU857,Tuusniemi
2020,33.7,KU858,Tuusula
2020,23.4,KU859,Tyrnävä
2020,28.2,KU886,Ulvila
2020,19.4,KU887,Urjala
2020,16.0,KU889,Utajärvi
2020,27.7,KU890,Utsjoki
2020,24.5,KU892,Uurainen
2020,26.1,KU893,Uusikaarlepyy
2020,23.0,KU895,Uusikaupunki
2020,19.0,KU785,Vaala
2020,36.5,KU905,Vaasa
2020,27.6,KU908,Valkeakoski
2020,31.6,KU092,Vantaa
2020,25.6,KU915,Varkaus
2020,19.7,KU918,Vehmaa
2020,16.7,KU921,Vesanto
2020,32.9,KU922,Vesilahti
2020,22.0,KU924,Veteli
2020,19.5,KU925,Vieremä
2020,31.1,KU927,Vihti
2020,19.9,KU931,Viitasaari
2020,22.4,KU934,Vimpeli
2020,20.5,KU935,Virolahti
2020,21.8,KU936,Virrat
2020,25.3,KU941,Vårdö
2020,27.6,KU946,Vöyri
2020,19.8,KU976,Ylitornio
2020,26.9,KU977,Ylivieska
2020,32.2,KU980,Ylöjärvi
2020,20.2,KU981,Ypäjä
2020,22.4,KU989,Ähtäri
2020,21.2,KU992,Äänekoski
2020,32.6,,
2020,39.7,MK01,MK01 Uusimaa
2020,32.1,MK02,MK02 Varsinais-Suomi
2020,26.5,MK04,MK04 Satakunta
2020,28.8,MK05,MK05 Kanta-Häme
2020,33.6,MK06,MK06 Pirkanmaa
2020,27.4,MK07,MK07 Päijät-Häme
2020,26.5,MK08,MK08 Kymenlaakso
2020,28.0,MK09,MK09 Etelä-Karjala
2020,26.4,MK10,MK10 Etelä-Savo
2020,28.9,MK11,MK11 Pohjois-Savo
2020,27.0,MK12,MK12 Pohjois-Karjala
2020,30.8,MK13,MK13 Keski-Suomi
2020,26.2,MK14,MK14 Etelä-Pohjanmaa
2020,31.7,MK15,MK15 Pohjanmaa
2020,26.2,MK16,MK16 Keski-Pohjanmaa
2020,30.5,MK17,MK17 Pohjois-Pohjanmaa
2020,25.6,MK18,MK18 Kainuu
2020,27.6,MK19,MK19 Lappi
2020,29.2,,
2020,29.2,MK21,MK21 Ahvenanmaa
2021,33.0,SSS,KOKO MAA
2021,25.9,KU020,Akaa
2021,22.5,KU005,Alajärvi
2021,18.8,KU009,Alavieska
2021,20.1,KU010,Alavus
2021,27.6,KU016,Asikkala
2021,23.0,KU018,Askola
2021,23.7,KU019,Aura
2021,32.8,KU035,Brändö
2021,21.3,KU043,Eckerö
2021,18.8,KU046,Enonkoski
2021,22.6,KU047,Enontekiö
2021,47.7,KU049,Espoo
2021,22.6,KU050,Eura
2021,27.9,KU051,Eurajoki
2021,18.4,KU052,Evijärvi
2021,21.4,KU060,Finström
2021,23.2,KU061,Forssa
2021,17.4,KU062,Föglö
2021,18.1,KU065,Geta
2021,21.3,KU069,Haapajärvi
2021,17.6,KU071,Haapavesi
2021,34.4,KU072,Hailuoto
2021,18.2,KU074,Halsua
2021,25.7,KU075,Hamina
2021,20.7,KU076,Hammarland
2021,20.7,KU077,Hankasalmi
2021,23.5,KU078,Hanko
2021,23.2,KU079,Harjavalta
2021,18.6,KU081,Hartola
2021,31.9,KU082,Hattula
2021,25.3,KU086,Hausjärvi
2021,23.9,KU111,Heinola
2021,21.5,KU090,Heinävesi
2021,45.4,KU091,Helsinki
2021,21.3,KU097,Hirvensalmi
2021,30.9,KU098,Hollola
2021,23.4,KU102,Huittinen
2021,20.0,KU103,Humppila
2021,16.5,KU105,Hyrynsalmi
2021,31.7,KU106,Hyvinkää
2021,24.4,KU108,Hämeenkyrö
2021,32.9,KU109,Hämeenlinna
2021,23.5,KU139,Ii
2021,25.5,KU140,Iisalmi
2021,24.4,KU142,Iitti
2021,25.0,KU143,Ikaalinen
2021,27.1,KU145,Ilmajoki
2021,16.6,KU146,Ilomantsi
2021,23.9,KU153,Imatra
2021,25.9,KU148,Inari
2021,35.6,KU149,Inkoo
2021,16.2,KU151,Isojoki
2021,25.1,KU152,Isokyrö
2021,26.4,KU165,Janakkala
2021,32.7,KU167,Joensuu
2021,26.5,KU169,Jokioinen
2021,32.4,KU170,Jomala
2021,23.7,KU171,Joroinen
2021,20.2,KU172,Joutsa
2021,17.5,KU176,Juuka
2021,20.7,KU177,Juupajoki
2021,20.7,KU178,Juva
2021,37.4,KU179,Jyväskylä
2021,19.2,KU181,Jämijärvi
2021,23.8,KU182,Jämsä
2021,34.9,KU186,Järvenpää
2021,40.2,KU202,Kaarina
2021,14.7,KU204,Kaavi
2021,30.5,KU205,Kajaani
2021,22.7,KU208,Kalajoki
2021,36.1,KU211,Kangasala
2021,22.6,KU213,Kangasniemi
2021,22.1,KU214,Kankaanpää
2021,17.3,KU216,Kannonkoski
2021,21.1,KU217,Kannus
2021,14.1,KU218,Karijoki
2021,21.2,KU224,Karkkila
2021,20.5,KU226,Karstula
2021,14.2,KU230,Karvia
2021,25.3,KU231,Kaskinen
2021,21.3,KU232,Kauhajoki
2021,23.9,KU233,Kauhava
2021,59.9,KU235,Kauniainen
2021,23.5,KU236,Kaustinen
2021,19.0,KU239,Keitele
2021,24.9,KU240,Kemi
2021,23.0,KU320,Kemijärvi
2021,30.3,KU241,Keminmaa
2021,26.5,KU322,Kemiönsaari
2021,37.5,KU244,Kempele
2021,31.6,KU245,Kerava
2021,24.0,KU249,Keuruu
2021,16.4,KU250,Kihniö
2021,17.5,KU256,Kinnula
2021,40.2,KU257,Kirkkonummi
2021,20.3,KU260,Kitee
2021,24.2,KU261,Kittilä
2021,18.8,KU263,Kiuruvesi
2021,12.5,KU265,Kivijärvi
2021,22.1,KU271,Kokemäki
2021,29.3,KU272,Kokkola
2021,24.1,KU273,Kolari
2021,20.5,KU275,Konnevesi
2021,33.8,KU276,Kontiolahti
2021,24.9,KU280,Korsnäs
2021,20.6,KU284,Koski Tl
2021,28.4,KU285,Kotka
2021,26.6,KU286,Kouvola
2021,24.1,KU287,Kristiinankaupunki
2021,25.2,KU288,Kruunupyy
2021,18.9,KU290,Kuhmo
2021,21.8,KU291,Kuhmoinen
2021,25.6,KU295,Kumlinge
2021,35.0,KU297,Kuopio
2021,24.0,KU300,Kuortane
2021,21.0,KU301,Kurikka
2021,29.6,KU304,Kustavi
2021,22.7,KU305,Kuusamo
2021,16.0,KU312,Kyyjärvi
2021,19.5,KU316,Kärkölä
2021,14.1,KU317,Kärsämäki
2021,24.7,KU318,Kökar
2021,29.8,KU398,Lahti
2021,31.0,KU399,Laihia
2021,20.5,KU400,Laitila
2021,21.6,KU407,Lapinjärvi
2021,21.4,KU402,Lapinlahti
2021,22.8,KU403,Lappajärvi
2021,31.9,KU405,Lappeenranta
2021,29.1,KU408,Lapua
2021,28.8,KU410,Laukaa
2021,25.5,KU416,Lemi
2021,32.4,KU417,Lemland
2021,38.9,KU418,Lempäälä
2021,25.6,KU420,Leppävirta
2021,20.9,KU421,Lestijärvi
2021,19.3,KU422,Lieksa
2021,35.9,KU423,Lieto
2021,34.0,KU425,Liminka
2021,27.9,KU426,Liperi
2021,27.9,KU444,Lohja
2021,24.2,KU430,Loimaa
2021,23.0,KU433,Loppi
2021,25.6,KU434,Loviisa
2021,24.6,KU435,Luhanka
2021,21.5,KU436,Lumijoki
2021,29.5,KU438,Lumparland
2021,24.3,KU440,Luoto
2021,22.7,KU441,Luumäki
2021,29.4,KU475,Maalahti
2021,34.7,KU478,Maarianhamina - Mariehamn
2021,23.2,KU480,Marttila
2021,33.6,KU481,Masku
2021,13.0,KU483,Merijärvi
2021,20.7,KU484,Merikarvia
2021,16.6,KU489,Miehikkälä
2021,31.6,KU491,Mikkeli
2021,26.3,KU494,Muhos
2021,19.4,KU495,Multia
2021,25.8,KU498,Muonio
2021,38.6,KU499,Mustasaari
2021,39.4,KU500,Muurame
2021,23.6,KU503,Mynämäki
2021,20.2,KU504,Myrskylä
2021,26.4,KU505,Mäntsälä
2021,20.8,KU508,Mänttä-Vilppula
2021,20.8,KU507,Mäntyharju
2021,36.6,KU529,Naantali
2021,24.6,KU531,Nakkila
2021,19.4,KU535,Nivala
2021,31.0,KU536,Nokia
2021,27.1,KU538,Nousiainen
2021,19.4,KU541,Nurmes
2021,31.8,KU543,Nurmijärvi
2021,23.1,KU545,Närpiö
2021,21.7,KU560,Orimattila
2021,18.3,KU561,Oripää
2021,26.1,KU562,Orivesi
2021,23.0,KU563,Oulainen
2021,38.0,KU564,Oulu
2021,19.1,KU309,Outokumpu
2021,18.4,KU576,Padasjoki
2021,32.8,KU577,Paimio
2021,19.9,KU578,Paltamo
2021,35.5,KU445,Parainen
2021,19.4,KU580,Parikkala
2021,19.3,KU581,Parkano
2021,24.3,KU599,Pedersören kunta
2021,24.7,KU583,Pelkosenniemi
2021,21.1,KU854,Pello
2021,14.4,KU584,Perho
2021,27.5,KU592,Petäjävesi
2021,23.2,KU593,Pieksämäki
2021,17.1,KU595,Pielavesi
2021,29.9,KU598,Pietarsaari
2021,16.4,KU601,Pihtipudas
2021,43.0,KU604,Pirkkala
2021,17.4,KU607,Polvijärvi
2021,19.9,KU608,Pomarkku
2021,29.0,KU609,Pori
2021,26.0,KU611,Pornainen
2021,34.2,KU638,Porvoo
2021,18.2,KU614,Posio
2021,17.0,KU615,Pudasjärvi
2021,20.3,KU616,Pukkila
2021,21.1,KU619,Punkalaidun
2021,18.1,KU620,Puolanka
2021,24.6,KU623,Puumala
2021,28.4,KU624,Pyhtää
2021,20.7,KU625,Pyhäjoki
2021,19.1,KU626,Pyhäjärvi
2021,17.6,KU630,Pyhäntä
2021,22.7,KU631,Pyhäranta
2021,25.4,KU635,Pälkäne
2021,21.2,KU636,Pöytyä
2021,22.8,KU678,Raahe
2021,30.1,KU710,Raasepori
2021,30.9,KU680,Raisio
2021,21.7,KU681,Rantasalmi
2021,17.4,KU683,Ranua
2021,29.6,KU684,Rauma
2021,22.0,KU686,Rautalampi
2021,13.3,KU687,Rautavaara
2021,17.3,KU689,Rautjärvi
2021,18.7,KU691,Reisjärvi
2021,29.2,KU694,Riihimäki
2021,23.9,KU697,Ristijärvi
2021,34.7,KU698,Rovaniemi
2021,23.6,KU700,Ruokolahti
2021,21.7,KU702,Ruovesi
2021,32.7,KU704,Rusko
2021,17.5,KU707,Rääkkylä
2021,21.7,KU729,Saarijärvi
2021,18.6,KU732,Salla
2021,26.8,KU734,Salo
2021,21.8,KU736,Saltvik
2021,23.7,KU790,Sastamala
2021,28.6,KU738,Sauvo
2021,21.2,KU739,Savitaipale
2021,26.4,KU740,Savonlinna
2021,21.5,KU742,Savukoski
2021,33.8,KU743,Seinäjoki
2021,18.1,KU746,Sievi
2021,16.2,KU747,Siikainen
2021,18.9,KU748,Siikajoki
2021,16.0,KU791,Siikalatva
2021,33.1,KU749,Siilinjärvi
2021,23.0,KU751,Simo
2021,36.7,KU753,Sipoo
2021,36.1,KU755,Siuntio
2021,25.3,KU758,Sodankylä
2021,18.9,KU759,Soini
2021,21.3,KU761,Somero
2021,17.2,KU762,Sonkajärvi
2021,27.4,KU765,Sotkamo
2021,33.0,KU766,Sottunga
2021,20.7,KU768,Sulkava
2021,20.8,KU771,Sund
2021,18.5,KU777,Suomussalmi
2021,21.6,KU778,Suonenjoki
2021,20.4,KU781,Sysmä
2021,24.0,KU783,Säkylä
2021,35.4,KU831,Taipalsaari
2021,17.7,KU832,Taivalkoski
2021,22.7,KU833,Taivassalo
2021,28.3,KU834,Tammela
2021,38.7,KU837,Tampere
2021,19.2,KU844,Tervo
2021,20.4,KU845,Tervola
2021,17.3,KU846,Teuva
2021,19.0,KU848,Tohmajärvi
2021,19.2,KU849,Toholampi
2021,26.3,KU850,Toivakka
2021,26.6,KU851,Tornio
2021,36.1,KU853,Turku
2021,19.6,KU857,Tuusniemi
2021,33.7,KU858,Tuusula
2021,23.8,KU859,Tyrnävä
2021,28.6,KU886,Ulvila
2021,20.0,KU887,Urjala
2021,16.0,KU889,Utajärvi
2021,27.5,KU890,Utsjoki
2021,24.9,KU892,Uurainen
2021,26.4,KU893,Uusikaarlepyy
2021,23.1,KU895,Uusikaupunki
2021,19.6,KU785,Vaala
2021,36.5,KU905,Vaasa
2021,28.1,KU908,Valkeakoski
2021,31.6,KU092,Vantaa
2021,25.7,KU915,Varkaus
2021,20.3,KU918,Vehmaa
2021,17.0,KU921,Vesanto
2021,33.8,KU922,Vesilahti
2021,21.8,KU924,Veteli
2021,20.1,KU925,Vieremä
2021,31.3,KU927,Vihti
2021,20.3,KU931,Viitasaari
2021,22.9,KU934,Vimpeli
2021,21.3,KU935,Virolahti
2021,21.9,KU936,Virrat
2021,25.3,KU941,Vårdö
2021,27.8,KU946,Vöyri
2021,20.6,KU976,Ylitornio
2021,27.1,KU977,Ylivieska
2021,33.0,KU980,Ylöjärvi
2021,20.9,KU981,Ypäjä
2021,22.6,KU989,Ähtäri
2021,21.5,KU992,Äänekoski
2021,33.0,,
2021,40.0,MK01,MK01 Uusimaa
2021,32.4,MK02,MK02 Varsinais-Suomi
2021,26.8,MK04,MK04 Satakunta
2021,29.2,MK05,MK05 Kanta-Häme
2021,34.1,MK06,MK06 Pirkanmaa
2021,27.8,MK07,MK07 Päijät-Häme
2021,26.9,MK08,MK08 Kymenlaakso
2021,28.5,MK09,MK09 Etelä-Karjala
2021,26.8,MK10,MK10 Etelä-Savo
2021,29.4,MK11,MK11 Pohjois-Savo
2021,27.4,MK12,MK12 Pohjois-Karjala
2021,31.2,MK13,MK13 Keski-Suomi
2021,26.5,MK14,MK14 Etelä-Pohjanmaa
2021,31.9,MK15,MK15 Pohjanmaa
2021,26.7,MK16,MK16 Keski-Pohjanmaa
2021,30.9,MK17,MK17 Pohjois-Pohjanmaa
2021,25.9,MK18,MK18 Kainuu
2021,28.1,MK19,MK19 Lappi
2021,29.6,,
2021,29.6,MK21,MK21 Ahvenanmaa
2022,33.3,SSS,KOKO MAA
2022,26.4,KU020,Akaa
2022,23.0,KU005,Alajärvi
2022,18.6,KU009,Alavieska
2022,20.3,KU010,Alavus
2022,27.8,KU016,Asikkala
2022,23.8,KU018,Askola
2022,23.9,KU019,Aura
2022,34.5,KU035,Brändö
2022,21.3,KU043,Eckerö
2022,19.7,KU046,Enonkoski
2022,23.2,KU047,Enontekiö
2022,47.1,KU049,Espoo
2022,22.9,KU050,Eura
2022,28.3,KU051,Eurajoki
2022,18.8,KU052,Evijärvi
2022,21.5,KU060,Finström
2022,23.4,KU061,Forssa
2022,16.4,KU062,Föglö
2022,18.0,KU065,Geta
2022,21.2,KU069,Haapajärvi
2022,18.1,KU071,Haapavesi
2022,35.6,KU072,Hailuoto
2022,18.3,KU074,Halsua
2022,25.8,KU075,Hamina
2022,21.5,KU076,Hammarland
2022,20.8,KU077,Hankasalmi
2022,24.0,KU078,Hanko
2022,23.4,KU079,Harjavalta
2022,19.4,KU081,Hartola
2022,32.3,KU082,Hattula
2022,25.8,KU086,Hausjärvi
2022,24.1,KU111,Heinola
2022,22.1,KU090,Heinävesi
2022,45.3,KU091,Helsinki
2022,22.0,KU097,Hirvensalmi
2022,31.4,KU098,Hollola
2022,23.8,KU102,Huittinen
2022,20.7,KU103,Humppila
2022,16.4,KU105,Hyrynsalmi
2022,32.0,KU106,Hyvinkää
2022,24.7,KU108,Hämeenkyrö
2022,33.2,KU109,Hämeenlinna
2022,24.2,KU139,Ii
2022,25.6,KU140,Iisalmi
2022,24.9,KU142,Iitti
2022,25.6,KU143,Ikaalinen
2022,27.6,KU145,Ilmajoki
2022,16.8,KU146,Ilomantsi
2022,24.0,KU153,Imatra
2022,26.5,KU148,Inari
2022,36.4,KU149,Inkoo
2022,16.9,KU151,Isojoki
2022,25.6,KU152,Isokyrö
2022,26.4,KU165,Janakkala
2022,33.0,KU167,Joensuu
2022,26.7,KU169,Jokioinen
2022,32.8,KU170,Jomala
2022,24.1,KU171,Joroinen
2022,20.6,KU172,Joutsa
2022,17.5,KU176,Juuka
2022,21.6,KU177,Juupajoki
2022,21.3,KU178,Juva
2022,37.7,KU179,Jyväskylä
2022,20.1,KU181,Jämijärvi
2022,24.2,KU182,Jämsä
2022,35.6,KU186,Järvenpää
2022,41.1,KU202,Kaarina
2022,15.1,KU204,Kaavi
2022,30.5,KU205,Kajaani
2022,23.0,KU208,Kalajoki
2022,36.8,KU211,Kangasala
2022,23.0,KU213,Kangasniemi
2022,22.3,KU214,Kankaanpää
2022,17.4,KU216,Kannonkoski
2022,21.1,KU217,Kannus
2022,13.9,KU218,Karijoki
2022,21.2,KU224,Karkkila
2022,21.2,KU226,Karstula
2022,14.5,KU230,Karvia
2022,25.1,KU231,Kaskinen
2022,21.5,KU232,Kauhajoki
2022,24.0,KU233,Kauhava
2022,60.3,KU235,Kauniainen
2022,23.9,KU236,Kaustinen
2022,19.2,KU239,Keitele
2022,25.3,KU240,Kemi
2022,23.2,KU320,Kemijärvi
2022,30.8,KU241,Keminmaa
2022,27.1,KU322,Kemiönsaari
2022,37.7,KU244,Kempele
2022,31.5,KU245,Kerava
2022,24.4,KU249,Keuruu
2022,16.4,KU250,Kihniö
2022,17.5,KU256,Kinnula
2022,40.4,KU257,Kirkkonummi
2022,20.7,KU260,Kitee
2022,24.6,KU261,Kittilä
2022,19.2,KU263,Kiuruvesi
2022,12.7,KU265,Kivijärvi
2022,22.2,KU271,Kokemäki
2022,29.6,KU272,Kokkola
2022,24.6,KU273,Kolari
2022,21.0,KU275,Konnevesi
2022,34.5,KU276,Kontiolahti
2022,25.7,KU280,Korsnäs
2022,21.1,KU284,Koski Tl
2022,28.8,KU285,Kotka
2022,26.9,KU286,Kouvola
2022,24.6,KU287,Kristiinankaupunki
2022,25.6,KU288,Kruunupyy
2022,19.0,KU290,Kuhmo
2022,22.9,KU291,Kuhmoinen
2022,27.3,KU295,Kumlinge
2022,35.3,KU297,Kuopio
2022,24.2,KU300,Kuortane
2022,21.4,KU301,Kurikka
2022,30.2,KU304,Kustavi
2022,23.2,KU305,Kuusamo
2022,16.9,KU312,Kyyjärvi
2022,19.7,KU316,Kärkölä
2022,14.1,KU317,Kärsämäki
2022,26.5,KU318,Kökar
2022,30.1,KU398,Lahti
2022,31.5,KU399,Laihia
2022,20.7,KU400,Laitila
2022,22.2,KU407,Lapinjärvi
2022,21.6,KU402,Lapinlahti
2022,23.2,KU403,Lappajärvi
2022,32.0,KU405,Lappeenranta
2022,29.4,KU408,Lapua
2022,29.2,KU410,Laukaa
2022,26.2,KU416,Lemi
2022,32.6,KU417,Lemland
2022,39.2,KU418,Lempäälä
2022,26.0,KU420,Leppävirta
2022,21.7,KU421,Lestijärvi
2022,19.6,KU422,Lieksa
2022,36.6,KU423,Lieto
2022,34.3,KU425,Liminka
2022,28.2,KU426,Liperi
2022,28.2,KU444,Lohja
2022,24.5,KU430,Loimaa
2022,23.6,KU433,Loppi
2022,26.0,KU434,Loviisa
2022,25.8,KU435,Luhanka
2022,22.1,KU436,Lumijoki
2022,29.6,KU438,Lumparland
2022,24.2,KU440,Luoto
2022,23.0,KU441,Luumäki
2022,29.9,KU475,Maalahti
2022,34.2,KU478,Maarianhamina - Mariehamn
2022,23.7,KU480,Marttila
2022,34.5,KU481,Masku
2022,13.7,KU483,Merijärvi
2022,21.7,KU484,Merikarvia
2022,17.0,KU489,Miehikkälä
2022,31.9,KU491,Mikkeli
2022,26.9,KU494,Muhos
2022,19.8,KU495,Multia
2022,26.5,KU498,Muonio
2022,39.1,KU499,Mustasaari
2022,39.5,KU500,Muurame
2022,24.2,KU503,Mynämäki
2022,21.1,KU504,Myrskylä
2022,26.5,KU505,Mäntsälä
2022,21.1,KU508,Mänttä-Vilppula
2022,20.9,KU507,Mäntyharju
2022,37.5,KU529,Naantali
2022,24.9,KU531,Nakkila
2022,19.5,KU535,Nivala
2022,31.4,KU536,Nokia
2022,27.5,KU538,Nousiainen
2022,19.7,KU541,Nurmes
2022,32.1,KU543,Nurmijärvi
2022,23.1,KU545,Närpiö
2022,22.1,KU560,Orimattila
2022,19.5,KU561,Oripää
2022,26.5,KU562,Orivesi
2022,23.3,KU563,Oulainen
2022,38.2,KU564,Oulu
2022,19.0,KU309,Outokumpu
2022,19.1,KU576,Padasjoki
2022,33.3,KU577,Paimio
2022,20.5,KU578,Paltamo
2022,35.6,KU445,Parainen
2022,19.8,KU580,Parikkala
2022,19.5,KU581,Parkano
2022,24.7,KU599,Pedersören kunta
2022,24.6,KU583,Pelkosenniemi
2022,21.7,KU854,Pello
2022,14.3,KU584,Perho
2022,27.9,KU592,Petäjävesi
2022,23.6,KU593,Pieksämäki
2022,17.3,KU595,Pielavesi
2022,29.9,KU598,Pietarsaari
2022,16.8,KU601,Pihtipudas
2022,43.5,KU604,Pirkkala
2022,17.8,KU607,Polvijärvi
2022,19.9,KU608,Pomarkku
2022,29.3,KU609,Pori
2022,26.6,KU611,Pornainen
2022,34.7,KU638,Porvoo
2022,18.5,KU614,Posio
2022,17.2,KU615,Pudasjärvi
2022,20.5,KU616,Pukkila
2022,21.3,KU619,Punkalaidun
2022,18.8,KU620,Puolanka
2022,25.4,KU623,Puumala
2022,29.2,KU624,Pyhtää
2022,21.3,KU625,Pyhäjoki
2022,19.6,KU626,Pyhäjärvi
2022,17.9,KU630,Pyhäntä
2022,23.2,KU631,Pyhäranta
2022,26.0,KU635,Pälkäne
2022,21.2,KU636,Pöytyä
2022,23.0,KU678,Raahe
2022,30.5,KU710,Raasepori
2022,31.3,KU680,Raisio
2022,22.0,KU681,Rantasalmi
2022,18.0,KU683,Ranua
2022,29.7,KU684,Rauma
2022,22.3,KU686,Rautalampi
2022,13.5,KU687,Rautavaara
2022,17.6,KU689,Rautjärvi
2022,19.1,KU691,Reisjärvi
2022,29.4,KU694,Riihimäki
2022,25.0,KU697,Ristijärvi
2022,35.2,KU698,Rovaniemi
2022,23.9,KU700,Ruokolahti
2022,22.4,KU702,Ruovesi
2022,33.1,KU704,Rusko
2022,17.8,KU707,Rääkkylä
2022,21.6,KU729,Saarijärvi
2022,19.1,KU732,Salla
2022,27.1,KU734,Salo
2022,22.0,KU736,Saltvik
2022,24.2,KU790,Sastamala
2022,29.2,KU738,Sauvo
2022,21.9,KU739,Savitaipale
2022,26.7,KU740,Savonlinna
2022,21.7,KU742,Savukoski
2022,34.1,KU743,Seinäjoki
2022,18.0,KU746,Sievi
2022,16.7,KU747,Siikainen
2022,19.3,KU748,Siikajoki
2022,16.6,KU791,Siikalatva
2022,33.7,KU749,Siilinjärvi
2022,23.2,KU751,Simo
2022,37.0,KU753,Sipoo
2022,36.5,KU755,Siuntio
2022,25.6,KU758,Sodankylä
2022,19.1,KU759,Soini
2022,21.6,KU761,Somero
2022,17.8,KU762,Sonkajärvi
2022,28.0,KU765,Sotkamo
2022,34.1,KU766,Sottunga
2022,21.8,KU768,Sulkava
2022,20.9,KU771,Sund
2022,18.7,KU777,Suomussalmi
2022,22.2,KU778,Suonenjoki
2022,21.0,KU781,Sysmä
2022,24.5,KU783,Säkylä
2022,36.2,KU831,Taipalsaari
2022,18.1,KU832,Taivalkoski
2022,23.0,KU833,Taivassalo
2022,28.8,KU834,Tammela
2022,38.9,KU837,Tampere
2022,19.7,KU844,Tervo
2022,21.0,KU845,Tervola
2022,17.6,KU846,Teuva
2022,19.2,KU848,Tohmajärvi
2022,19.6,KU849,Toholampi
2022,26.5,KU850,Toivakka
2022,26.7,KU851,Tornio
2022,36.1,KU853,Turku
2022,20.4,KU857,Tuusniemi
2022,34.2,KU858,Tuusula
2022,23.8,KU859,Tyrnävä
2022,28.9,KU886,Ulvila
2022,20.7,KU887,Urjala
2022,16.3,KU889,Utajärvi
2022,28.3,KU890,Utsjoki
2022,25.4,KU892,Uurainen
2022,26.2,KU893,Uusikaarlepyy
2022,23.3,KU895,Uusikaupunki
2022,19.3,KU785,Vaala
2022,36.5,KU905,Vaasa
2022,28.3,KU908,Valkeakoski
2022,31.5,KU092,Vantaa
2022,26.0,KU915,Varkaus
2022,20.6,KU918,Vehmaa
2022,17.6,KU921,Vesanto
2022,35.4,KU922,Vesilahti
2022,22.3,KU924,Veteli
2022,20.7,KU925,Vieremä
2022,31.7,KU927,Vihti
2022,20.4,KU931,Viitasaari
2022,23.1,KU934,Vimpeli
2022,22.1,KU935,Virolahti
2022,22.2,KU936,Virrat
2022,26.6,KU941,Vårdö
2022,28.4,KU946,Vöyri
2022,20.6,KU976,Ylitornio
2022,27.2,KU977,Ylivieska
2022,33.5,KU980,Ylöjärvi
2022,21.1,KU981,Ypäjä
2022,22.7,KU989,Ähtäri
2022,21.6,KU992,Äänekoski
2022,33.3,,
2022,40.0,MK01,MK01 Uusimaa
2022,32.8,MK02,MK02 Varsinais-Suomi
2022,27.1,MK04,MK04 Satakunta
2022,29.4,MK05,MK05 Kanta-Häme
2022,34.5,MK06,MK06 Pirkanmaa
2022,28.1,MK07,MK07 Päijät-Häme
2022,27.2,MK08,MK08 Kymenlaakso
2022,28.7,MK09,MK09 Etelä-Karjala
2022,27.2,MK10,MK10 Etelä-Savo
2022,29.8,MK11,MK11 Pohjois-Savo
2022,27.8,MK12,MK12 Pohjois-Karjala
2022,31.6,MK13,MK13 Keski-Suomi
2022,26.9,MK14,MK14 Etelä-Pohjanmaa
2022,32.1,MK15,MK15 Pohjanmaa
2022,27.0,MK16,MK16 Keski-Pohjanmaa
2022,31.3,MK17,MK17 Pohjois-Pohjanmaa
2022,26.2,MK18,MK18 Kainuu
2022,28.5,MK19,MK19 Lappi
2022,29.7,,
2022,29.7,MK21,MK21 Ahvenanmaa
2023,33.8,SSS,KOKO MAA
2023,26.9,KU020,Akaa
2023,23.2,KU005,Alajärvi
2023,18.6,KU009,Alavieska
2023,20.7,KU010,Alavus
2023,28.0,KU016,Asikkala
2023,23.9,KU018,Askola
2023,24.5,KU019,Aura
2023,35.3,KU035,Brändö
2023,22.2,KU043,Eckerö
2023,20.4,KU046,Enonkoski
2023,24.2,KU047,Enontekiö
2023,47.7,KU049,Espoo
2023,23.3,KU050,Eura
2023,28.6,KU051,Eurajoki
2023,19.1,KU052,Evijärvi
2023,22.9,KU060,Finström
2023,23.7,KU061,Forssa
2023,17.8,KU062,Föglö
2023,20.4,KU065,Geta
2023,21.7,KU069,Haapajärvi
2023,18.4,KU071,Haapavesi
2023,34.7,KU072,Hailuoto
2023,18.8,KU074,Halsua
2023,26.0,KU075,Hamina
2023,24.4,KU076,Hammarland
2023,21.2,KU077,Hankasalmi
2023,24.4,KU078,Hanko
2023,23.5,KU079,Harjavalta
2023,19.2,KU081,Hartola
2023,32.7,KU082,Hattula
2023,25.9,KU086,Hausjärvi
2023,24.8,KU111,Heinola
2023,22.3,KU090,Heinävesi
2023,46.0,KU091,Helsinki
2023,22.5,KU097,Hirvensalmi
2023,31.9,KU098,Hollola
2023,24.2,KU102,Huittinen
2023,21.1,KU103,Humppila
2023,16.9,KU105,Hyrynsalmi
2023,32.1,KU106,Hyvinkää
2023,25.0,KU108,Hämeenkyrö
2023,33.5,KU109,Hämeenlinna
2023,24.8,KU139,Ii
2023,25.8,KU140,Iisalmi
2023,25.6,KU142,Iitti
2023,25.6,KU143,Ikaalinen
2023,28.1,KU145,Ilmajoki
2023,17.4,KU146,Ilomantsi
2023,24.3,KU153,Imatra
2023,27.2,KU148,Inari
2023,37.5,KU149,Inkoo
2023,17.2,KU151,Isojoki
2023,26.0,KU152,Isokyrö
2023,26.9,KU165,Janakkala
2023,33.5,KU167,Joensuu
2023,27.1,KU169,Jokioinen
2023,34.6,KU170,Jomala
2023,24.1,KU171,Joroinen
2023,21.1,KU172,Joutsa
2023,17.7,KU176,Juuka
2023,22.1,KU177,Juupajoki
2023,21.7,KU178,Juva
2023,38.2,KU179,Jyväskylä
2023,20.8,KU181,Jämijärvi
2023,24.2,KU182,Jämsä
2023,35.5,KU186,Järvenpää
2023,41.5,KU202,Kaarina
2023,15.6,KU204,Kaavi
2023,30.7,KU205,Kajaani
2023,23.3,KU208,Kalajoki
2023,37.2,KU211,Kangasala
2023,23.5,KU213,Kangasniemi
2023,22.7,KU214,Kankaanpää
2023,17.8,KU216,Kannonkoski
2023,21.5,KU217,Kannus
2023,14.1,KU218,Karijoki
2023,21.5,KU224,Karkkila
2023,21.4,KU226,Karstula
2023,15.6,KU230,Karvia
2023,27.0,KU231,Kaskinen
2023,21.9,KU232,Kauhajoki
2023,24.0,KU233,Kauhava
2023,60.6,KU235,Kauniainen
2023,24.3,KU236,Kaustinen
2023,19.3,KU239,Keitele
2023,25.2,KU240,Kemi
2023,23.8,KU320,Kemijärvi
2023,31.4,KU241,Keminmaa
2023,27.6,KU322,Kemiönsaari
2023,38.4,KU244,Kempele
2023,31.7,KU245,Kerava
2023,24.4,KU249,Keuruu
2023,17.9,KU250,Kihniö
2023,18.1,KU256,Kinnula
2023,40.7,KU257,Kirkkonummi
2023,21.2,KU260,Kitee
2023,25.2,KU261,Kittilä
2023,19.6,KU263,Kiuruvesi
2023,12.2,KU265,Kivijärvi
2023,22.7,KU271,Kokemäki
2023,30.0,KU272,Kokkola
2023,25.4,KU273,Kolari
2023,21.4,KU275,Konnevesi
2023,35.0,KU276,Kontiolahti
2023,26.1,KU280,Korsnäs
2023,21.7,KU284,Koski Tl
2023,29.1,KU285,Kotka
2023,27.3,KU286,Kouvola
2023,25.1,KU287,Kristiinankaupunki
2023,26.0,KU288,Kruunupyy
2023,19.5,KU290,Kuhmo
2023,23.9,KU291,Kuhmoinen
2023,31.7,KU295,Kumlinge
2023,35.9,KU297,Kuopio
2023,24.8,KU300,Kuortane
2023,21.4,KU301,Kurikka
2023,31.7,KU304,Kustavi
2023,23.7,KU305,Kuusamo
2023,17.3,KU312,Kyyjärvi
2023,20.3,KU316,Kärkölä
2023,14.8,KU317,Kärsämäki
2023,26.0,KU318,Kökar
2023,30.6,KU398,Lahti
2023,31.8,KU399,Laihia
2023,20.8,KU400,Laitila
2023,22.4,KU407,Lapinjärvi
2023,22.0,KU402,Lapinlahti
2023,23.4,KU403,Lappajärvi
2023,32.4,KU405,Lappeenranta
2023,29.4,KU408,Lapua
2023,29.4,KU410,Laukaa
2023,26.7,KU416,Lemi
2023,34.1,KU417,Lemland
2023,39.8,KU418,Lempäälä
2023,26.4,KU420,Leppävirta
2023,22.2,KU421,Lestijärvi
2023,20.2,KU422,Lieksa
2023,37.3,KU423,Lieto
2023,34.5,KU425,Liminka
2023,28.3,KU426,Liperi
2023,28.6,KU444,Lohja
2023,24.9,KU430,Loimaa
2023,24.4,KU433,Loppi
2023,26.4,KU434,Loviisa
2023,26.4,KU435,Luhanka
2023,21.9,KU436,Lumijoki
2023,32.0,KU438,Lumparland
2023,25.0,KU440,Luoto
2023,23.5,KU441,Luumäki
2023,30.2,KU475,Maalahti
2023,35.9,KU478,Maarianhamina - Mariehamn
2023,23.9,KU480,Marttila
2023,34.9,KU481,Masku
2023,14.2,KU483,Merijärvi
2023,21.8,KU484,Merikarvia
2023,16.9,KU489,Miehikkälä
2023,32.3,KU491,Mikkeli
2023,27.5,KU494,Muhos
2023,20.7,KU495,Multia
2023,27.8,KU498,Muonio
2023,39.5,KU499,Mustasaari
2023,40.2,KU500,Muurame
2023,24.5,KU503,Mynämäki
2023,21.9,KU504,Myrskylä
2023,26.8,KU505,Mäntsälä
2023,21.3,KU508,Mänttä-Vilppula
2023,21.1,KU507,Mäntyharju
2023,38.0,KU529,Naantali
2023,25.3,KU531,Nakkila
2023,19.7,KU535,Nivala
2023,31.7,KU536,Nokia
2023,28.0,KU538,Nousiainen
2023,20.1,KU541,Nurmes
2023,32.6,KU543,Nurmijärvi
2023,23.9,KU545,Närpiö
2023,22.6,KU560,Orimattila
2023,20.0,KU561,Oripää
2023,27.1,KU562,Orivesi
2023,23.3,KU563,Oulainen
2023,38.7,KU564,Oulu
2023,19.6,KU309,Outokumpu
2023,19.9,KU576,Padasjoki
2023,33.5,KU577,Paimio
2023,20.8,KU578,Paltamo
2023,36.0,KU445,Parainen
2023,20.2,KU580,Parikkala
2023,19.9,KU581,Parkano
2023,25.1,KU599,Pedersören kunta
2023,26.0,KU583,Pelkosenniemi
2023,21.9,KU854,Pello
2023,14.6,KU584,Perho
2023,28.1,KU592,Petäjävesi
2023,23.9,KU593,Pieksämäki
2023,17.6,KU595,Pielavesi
2023,30.2,KU598,Pietarsaari
2023,17.0,KU601,Pihtipudas
2023,43.8,KU604,Pirkkala
2023,18.2,KU607,Polvijärvi
2023,20.2,KU608,Pomarkku
2023,29.6,KU609,Pori
2023,27.2,KU611,Pornainen
2023,35.2,KU638,Porvoo
2023,18.8,KU614,Posio
2023,17.1,KU615,Pudasjärvi
2023,20.3,KU616,Pukkila
2023,21.5,KU619,Punkalaidun
2023,19.6,KU620,Puolanka
2023,25.9,KU623,Puumala
2023,29.5,KU624,Pyhtää
2023,21.8,KU625,Pyhäjoki
2023,19.8,KU626,Pyhäjärvi
2023,18.3,KU630,Pyhäntä
2023,23.7,KU631,Pyhäranta
2023,26.3,KU635,Pälkäne
2023,21.4,KU636,Pöytyä
2023,23.2,KU678,Raahe
2023,31.0,KU710,Raasepori
2023,31.6,KU680,Raisio
2023,22.3,KU681,Rantasalmi
2023,18.7,KU683,Ranua
2023,30.1,KU684,Rauma
2023,22.6,KU686,Rautalampi
2023,13.7,KU687,Rautavaara
2023,17.9,KU689,Rautjärvi
2023,19.7,KU691,Reisjärvi
2023,29.4,KU694,Riihimäki
2023,25.3,KU697,Ristijärvi
2023,35.5,KU698,Rovaniemi
2023,24.3,KU700,Ruokolahti
2023,22.6,KU702,Ruovesi
2023,33.9,KU704,Rusko
2023,17.9,KU707,Rääkkylä
2023,21.9,KU729,Saarijärvi
2023,19.6,KU732,Salla
2023,27.3,KU734,Salo
2023,23.7,KU736,Saltvik
2023,24.8,KU790,Sastamala
2023,28.9,KU738,Sauvo
2023,22.5,KU739,Savitaipale
2023,27.0,KU740,Savonlinna
2023,22.6,KU742,Savukoski
2023,34.4,KU743,Seinäjoki
2023,18.0,KU746,Sievi
2023,17.0,KU747,Siikainen
2023,19.6,KU748,Siikajoki
2023,16.8,KU791,Siikalatva
2023,33.8,KU749,Siilinjärvi
2023,23.5,KU751,Simo
2023,37.4,KU753,Sipoo
2023,37.5,KU755,Siuntio
2023,26.3,KU758,Sodankylä
2023,19.7,KU759,Soini
2023,22.1,KU761,Somero
2023,17.9,KU762,Sonkajärvi
2023,28.5,KU765,Sotkamo
2023,38.3,KU766,Sottunga
2023,22.6,KU768,Sulkava
2023,23.8,KU771,Sund
2023,19.1,KU777,Suomussalmi
2023,22.5,KU778,Suonenjoki
2023,21.6,KU781,Sysmä
2023,24.8,KU783,Säkylä
2023,36.2,KU831,Taipalsaari
2023,18.4,KU832,Taivalkoski
2023,23.0,KU833,Taivassalo
2023,29.2,KU834,Tammela
2023,39.6,KU837,Tampere
2023,20.4,KU844,Tervo
2023,21.5,KU845,Tervola
2023,18.0,KU846,Teuva
2023,19.4,KU848,Tohmajärvi
2023,20.0,KU849,Toholampi
2023,27.0,KU850,Toivakka
2023,27.2,KU851,Tornio
2023,36.4,KU853,Turku
2023,20.8,KU857,Tuusniemi
2023,34.3,KU858,Tuusula
2023,24.2,KU859,Tyrnävä
2023,29.2,KU886,Ulvila
2023,20.8,KU887,Urjala
2023,16.7,KU889,Utajärvi
2023,27.6,KU890,Utsjoki
2023,25.9,KU892,Uurainen
2023,26.4,KU893,Uusikaarlepyy
2023,23.9,KU895,Uusikaupunki
2023,19.8,KU785,Vaala
2023,37.0,KU905,Vaasa
2023,28.6,KU908,Valkeakoski
2023,31.6,KU092,Vantaa
2023,26.1,KU915,Varkaus
2023,20.7,KU918,Vehmaa
2023,17.8,KU921,Vesanto
2023,35.7,KU922,Vesilahti
2023,22.7,KU924,Veteli
2023,21.2,KU925,Vieremä
2023,31.8,KU927,Vihti
2023,20.7,KU931,Viitasaari
2023,24.0,KU934,Vimpeli
2023,22.4,KU935,Virolahti
2023,22.9,KU936,Virrat
2023,28.0,KU941,Vårdö
2023,28.8,KU946,Vöyri
2023,21.1,KU976,Ylitornio
2023,27.1,KU977,Ylivieska
2023,34.1,KU980,Ylöjärvi
2023,21.8,KU981,Ypäjä
2023,22.7,KU989,Ähtäri
2023,21.9,KU992,Äänekoski
2023,33.8,,
2023,40.5,MK01,MK01 Uusimaa
2023,33.2,MK02,MK02 Varsinais-Suomi
2023,27.5,MK04,MK04 Satakunta
2023,29.8,MK05,MK05 Kanta-Häme
2023,35.1,MK06,MK06 Pirkanmaa
2023,28.6,MK07,MK07 Päijät-Häme
2023,27.6,MK08,MK08 Kymenlaakso
2023,29.1,MK09,MK09 Etelä-Karjala
2023,27.6,MK10,MK10 Etelä-Savo
2023,30.3,MK11,MK11 Pohjois-Savo
2023,28.3,MK12,MK12 Pohjois-Karjala
2023,32.1,MK13,MK13 Keski-Suomi
2023,27.2,MK14,MK14 Etelä-Pohjanmaa
2023,32.6,MK15,MK15 Pohjanmaa
2023,27.4,MK16,MK16 Keski-Pohjanmaa
2023,31.8,MK17,MK17 Pohjois-Pohjanmaa
2023,26.5,MK18,MK18 Kainuu
2023,29.0,MK19,MK19 Lappi
2023,31.4,,
2023,31.4,MK21,MK21 Ahvenanmaa
2024,34.1,SSS,KOKO MAA
2024,27.3,KU020,Akaa
2024,23.4,KU005,Alajärvi
2024,19.0,KU009,Alavieska
2024,20.9,KU010,Alavus
2024,28.2,KU016,Asikkala
2024,23.7,KU018,Askola
2024,25.4,KU019,Aura
2024,34.2,KU035,Brändö
2024,22.0,KU043,Eckerö
2024,21.0,KU046,Enonkoski
2024,24.2,KU047,Enontekiö
2024,47.5,KU049,Espoo
2024,23.6,KU050,Eura
2024,29.0,KU051,Eurajoki
2024,19.4,KU052,Evijärvi
2024,23.5,KU060,Finström
2024,23.5,KU061,Forssa
2024,19.7,KU062,Föglö
2024,20.0,KU065,Geta
2024,21.4,KU069,Haapajärvi
2024,18.3,KU071,Haapavesi
2024,35.3,KU072,Hailuoto
2024,19.1,KU074,Halsua
2024,26.3,KU075,Hamina
2024,24.9,KU076,Hammarland
2024,21.4,KU077,Hankasalmi
2024,24.8,KU078,Hanko
2024,23.7,KU079,Harjavalta
2024,19.9,KU081,Hartola
2024,33.4,KU082,Hattula
2024,26.3,KU086,Hausjärvi
2024,25.2,KU111,Heinola
2024,22.7,KU090,Heinävesi
2024,46.2,KU091,Helsinki
2024,23.2,KU097,Hirvensalmi
2024,32.4,KU098,Hollola
2024,24.5,KU102,Huittinen
2024,21.4,KU103,Humppila
2024,17.2,KU105,Hyrynsalmi
2024,32.3,KU106,Hyvinkää
2024,25.4,KU108,Hämeenkyrö
2024,33.8,KU109,Hämeenlinna
2024,25.0,KU139,Ii
2024,26.1,KU140,Iisalmi
2024,26.1,KU142,Iitti
2024,25.7,KU143,Ikaalinen
2024,28.5,KU145,Ilmajoki
2024,17.4,KU146,Ilomantsi
2024,24.3,KU153,Imatra
2024,27.7,KU148,Inari
2024,38.1,KU149,Inkoo
2024,17.8,KU151,Isojoki
2024,26.5,KU152,Isokyrö
2024,27.2,KU165,Janakkala
2024,33.9,KU167,Joensuu
2024,27.4,KU169,Jokioinen
2024,34.6,KU170,Jomala
2024,24.2,KU171,Joroinen
2024,20.8,KU172,Joutsa
2024,18.0,KU176,Juuka
2024,22.7,KU177,Juupajoki
2024,21.7,KU178,Juva
2024,38.4,KU179,Jyväskylä
2024,21.4,KU181,Jämijärvi
2024,24.3,KU182,Jämsä
2024,35.5,KU186,Järvenpää
2024,42.1,KU202,Kaarina
2024,15.4,KU204,Kaavi
2024,30.8,KU205,Kajaani
2024,23.5,KU208,Kalajoki
2024,37.6,KU211,Kangasala
2024,24.0,KU213,Kangasniemi
2024,22.9,KU214,Kankaanpää
2024,18.3,KU216,Kannonkoski
2024,21.6,KU217,Kannus
2024,14.6,KU218,Karijoki
2024,21.6,KU224,Karkkila
2024,21.5,KU226,Karstula
2024,15.7,KU230,Karvia
2024,26.7,KU231,Kaskinen
2024,22.0,KU232,Kauhajoki
2024,24.2,KU233,Kauhava
2024,61.1,KU235,Kauniainen
2024,24.4,KU236,Kaustinen
2024,19.4,KU239,Keitele
2024,25.2,KU240,Kemi
2024,23.8,KU320,Kemijärvi
2024,31.5,KU241,Keminmaa
2024,28.0,KU322,Kemiönsaari
2024,38.9,KU244,Kempele
2024,31.6,KU245,Kerava
2024,24.5,KU249,Keuruu
2024,18.6,KU250,Kihniö
2024,18.5,KU256,Kinnula
2024,40.8,KU257,Kirkkonummi
2024,21.4,KU260,Kitee
2024,26.0,KU261,Kittilä
2024,19.9,KU263,Kiuruvesi
2024,12.5,KU265,Kivijärvi
2024,23.0,KU271,Kokemäki
2024,30.3,KU272,Kokkola
2024,26.1,KU273,Kolari
2024,22.1,KU275,Konnevesi
2024,35.7,KU276,Kontiolahti
2024,26.5,KU280,Korsnäs
2024,22.1,KU284,Koski Tl
2024,29.4,KU285,Kotka
2024,27.7,KU286,Kouvola
2024,25.0,KU287,Kristiinankaupunki
2024,26.4,KU288,Kruunupyy
2024,19.8,KU290,Kuhmo
2024,24.1,KU291,Kuhmoinen
2024,30.7,KU295,Kumlinge
2024,36.2,KU297,Kuopio
2024,25.3,KU300,Kuortane
2024,21.7,KU301,Kurikka
2024,32.8,KU304,Kustavi
2024,24.0,KU305,Kuusamo
2024,17.6,KU312,Kyyjärvi
2024,20.7,KU316,Kärkölä
2024,15.5,KU317,Kärsämäki
2024,26.5,KU318,Kökar
2024,30.8,KU398,Lahti
2024,31.8,KU399,Laihia
2024,20.8,KU400,Laitila
2024,22.4,KU407,Lapinjärvi
2024,22.6,KU402,Lapinlahti
2024,23.7,KU403,Lappajärvi
2024,32.6,KU405,Lappeenranta
2024,29.7,KU408,Lapua
2024,29.7,KU410,Laukaa
2024,27.4,KU416,Lemi
2024,34.5,KU417,Lemland
2024,40.1,KU418,Lempäälä
2024,26.9,KU420,Leppävirta
2024,22.3,KU421,Lestijärvi
2024,20.5,KU422,Lieksa
2024,37.9,KU423,Lieto
2024,34.5,KU425,Liminka
2024,28.8,KU426,Liperi
2024,28.9,KU444,Lohja
2024,25.3,KU430,Loimaa
2024,24.6,KU433,Loppi
2024,26.9,KU434,Loviisa
2024,26.3,KU435,Luhanka
2024,22.3,KU436,Lumijoki
2024,31.4,KU438,Lumparland
2024,25.4,KU440,Luoto
2024,23.5,KU441,Luumäki
2024,30.8,KU475,Maalahti
2024,35.8,KU478,Maarianhamina - Mariehamn
2024,23.9,KU480,Marttila
2024,35.4,KU481,Masku
2024,14.2,KU483,Merijärvi
2024,21.9,KU484,Merikarvia
2024,17.3,KU489,Miehikkälä
2024,32.4,KU491,Mikkeli
2024,28.1,KU494,Muhos
2024,21.2,KU495,Multia
2024,28.0,KU498,Muonio
2024,40.0,KU499,Mustasaari
2024,40.6,KU500,Muurame
2024,24.7,KU503,Mynämäki
2024,21.8,KU504,Myrskylä
2024,27.0,KU505,Mäntsälä
2024,21.4,KU508,Mänttä-Vilppula
2024,21.7,KU507,Mäntyharju
2024,38.3,KU529,Naantali
2024,25.5,KU531,Nakkila
2024,20.0,KU535,Nivala
2024,32.0,KU536,Nokia
2024,28.2,KU538,Nousiainen
2024,20.2,KU541,Nurmes
2024,32.8,KU543,Nurmijärvi
2024,24.0,KU545,Närpiö
2024,22.7,KU560,Orimattila
2024,20.0,KU561,Oripää
2024,27.5,KU562,Orivesi
2024,23.7,KU563,Oulainen
2024,39.0,KU564,Oulu
2024,19.6,KU309,Outokumpu
2024,20.1,KU576,Padasjoki
2024,33.8,KU577,Paimio
2024,21.1,KU578,Paltamo
2024,36.5,KU445,Parainen
2024,20.5,KU580,Parikkala
2024,20.0,KU581,Parkano
2024,25.2,KU599,Pedersören kunta
2024,24.9,KU583,Pelkosenniemi
2024,22.1,KU854,Pello
2024,14.4,KU584,Perho
2024,28.2,KU592,Petäjävesi
2024,23.7,KU593,Pieksämäki
2024,18.0,KU595,Pielavesi
2024,30.4,KU598,Pietarsaari
2024,17.2,KU601,Pihtipudas
2024,44.0,KU604,Pirkkala
2024,18.5,KU607,Polvijärvi
2024,20.1,KU608,Pomarkku
2024,29.9,KU609,Pori
2024,27.3,KU611,Pornainen
2024,35.4,KU638,Porvoo
2024,19.2,KU614,Posio
2024,17.4,KU615,Pudasjärvi
2024,20.5,KU616,Pukkila
2024,21.8,KU619,Punkalaidun
2024,20.2,KU620,Puolanka
2024,26.8,KU623,Puumala
2024,29.9,KU624,Pyhtää
2024,22.4,KU625,Pyhäjoki
2024,19.6,KU626,Pyhäjärvi
2024,18.2,KU630,Pyhäntä
2024,23.6,KU631,Pyhäranta
2024,26.7,KU635,Pälkäne
2024,21.6,KU636,Pöytyä
2024,23.3,KU678,Raahe
2024,31.3,KU710,Raasepori
2024,31.4,KU680,Raisio
2024,22.7,KU681,Rantasalmi
2024,19.2,KU683,Ranua
2024,30.1,KU684,Rauma
2024,22.8,KU686,Rautalampi
2024,13.7,KU687,Rautavaara
2024,18.4,KU689,Rautjärvi
2024,20.4,KU691,Reisjärvi
2024,29.4,KU694,Riihimäki
2024,25.1,KU697,Ristijärvi
2024,35.6,KU698,Rovaniemi
2024,24.6,KU700,Ruokolahti
2024,22.6,KU702,Ruovesi
2024,34.7,KU704,Rusko
2024,18.1,KU707,Rääkkylä
2024,22.1,KU729,Saarijärvi
2024,20.1,KU732,Salla
2024,27.5,KU734,Salo
2024,23.7,KU736,Saltvik
2024,24.9,KU790,Sastamala
2024,29.4,KU738,Sauvo
2024,22.8,KU739,Savitaipale
2024,27.4,KU740,Savonlinna
2024,22.9,KU742,Savukoski
2024,34.7,KU743,Seinäjoki
2024,18.3,KU746,Sievi
2024,17.3,KU747,Siikainen
2024,20.2,KU748,Siikajoki
2024,17.2,KU791,Siikalatva
2024,34.1,KU749,Siilinjärvi
2024,23.6,KU751,Simo
2024,37.6,KU753,Sipoo
2024,37.7,KU755,Siuntio
2024,26.3,KU758,Sodankylä
2024,20.1,KU759,Soini
2024,22.3,KU761,Somero
2024,18.2,KU762,Sonkajärvi
2024,28.8,KU765,Sotkamo
2024,40.5,KU766,Sottunga
2024,23.4,KU768,Sulkava
2024,24.0,KU771,Sund
2024,19.2,KU777,Suomussalmi
2024,22.7,KU778,Suonenjoki
2024,22.3,KU781,Sysmä
2024,25.2,KU783,Säkylä
2024,36.6,KU831,Taipalsaari
2024,18.9,KU832,Taivalkoski
2024,23.6,KU833,Taivassalo
2024,29.4,KU834,Tammela
2024,40.1,KU837,Tampere
2024,21.1,KU844,Tervo
2024,21.9,KU845,Tervola
2024,18.0,KU846,Teuva
2024,19.7,KU848,Tohmajärvi
2024,20.7,KU849,Toholampi
2024,26.5,KU850,Toivakka
2024,27.5,KU851,Tornio
2024,36.5,KU853,Turku
2024,21.1,KU857,Tuusniemi
2024,34.3,KU858,Tuusula
2024,24.6,KU859,Tyrnävä
2024,29.4,KU886,Ulvila
2024,21.2,KU887,Urjala
2024,17.3,KU889,Utajärvi
2024,27.5,KU890,Utsjoki
2024,25.8,KU892,Uurainen
2024,26.9,KU893,Uusikaarlepyy
2024,24.0,KU895,Uusikaupunki
2024,20.7,KU785,Vaala
2024,36.8,KU905,Vaasa
2024,28.6,KU908,Valkeakoski
2024,31.6,KU092,Vantaa
2024,26.1,KU915,Varkaus
2024,20.7,KU918,Vehmaa
2024,18.4,KU921,Vesanto
2024,35.6,KU922,Vesilahti
2024,22.9,KU924,Veteli
2024,21.6,KU925,Vieremä
2024,32.1,KU927,Vihti
2024,21.2,KU931,Viitasaari
2024,24.1,KU934,Vimpeli
2024,22.5,KU935,Virolahti
2024,23.2,KU936,Virrat
2024,28.2,KU941,Vårdö
2024,29.4,KU946,Vöyri
2024,21.0,KU976,Ylitornio
2024,27.4,KU977,Ylivieska
2024,34.6,KU980,Ylöjärvi
2024,22.0,KU981,Ypäjä
2024,22.9,KU989,Ähtäri
2024,22.1,KU992,Äänekoski
2024,34.1,,
2024,40.6,MK01,MK01 Uusimaa
2024,33.5,MK02,MK02 Varsinais-Suomi
2024,27.7,MK04,MK04 Satakunta
2024,30.0,MK05,MK05 Kanta-Häme
2024,35.6,MK06,MK06 Pirkanmaa
2024,29.0,MK07,MK07 Päijät-Häme
2024,27.9,MK08,MK08 Kymenlaakso
2024,29.3,MK09,MK09 Etelä-Karjala
2024,27.8,MK10,MK10 Etelä-Savo
2024,30.7,MK11,MK11 Pohjois-Savo
2024,28.7,MK12,MK12 Pohjois-Karjala
2024,32.3,MK13,MK13 Keski-Suomi
2024,27.5,MK14,MK14 Etelä-Pohjanmaa
2024,32.7,MK15,MK15 Pohjanmaa
2024,27.7,MK16,MK16 Keski-Pohjanmaa
2024,32.1,MK17,MK17 Pohjois-Pohjanmaa
2024,26.8,MK18,MK18 Kainuu
2024,29.2,MK19,MK19 Lappi
2024,31.5,,
2024,31.5,MK21,MK21 Ahvenanmaa
