year,value,region_code,region_name
1987,6.0,SSS,KOKO MAA
1988,5.2,SSS,KOKO MAA
1989,4.4,SSS,KOKO MAA
1990,5.7,SSS,KOKO MAA
1991,12.1,SSS,KOKO MAA
1992,18.0,SSS,KOKO MAA
1993,22.2,SSS,KOKO MAA
1994,20.4,SSS,KOKO MAA
1995,19.8,SSS,KOKO MAA
1996,19.4,SSS,KOKO MAA
1997,16.7,SSS,KOKO MAA
1998,15.1,SSS,KOKO MAA
1999,14.1,SSS,KOKO MAA
2000,12.6,SSS,KOKO MAA
2001,12.4,SSS,KOKO MAA
2002,12.0,SSS,KOKO MAA
2003,12.0,SSS,KOKO MAA
2004,11.8,SSS,KOKO MAA
2005,11.1,SSS,KOKO MAA
2006,9.7,SSS,KOKO MAA
2007,8.5,SSS,KOKO MAA
2008,9.0,SSS,KOKO MAA
2009,11.6,SSS,KOKO MAA
2010,10.4,SSS,KOKO MAA
2011,9.9,SSS,KOKO MAA
2012,10.8,SSS,KOKO MAA
2013,12.6,SSS,KOKO MAA
2014,13.9,SSS,KOKO MAA
2015,14.4,SSS,KOKO MAA
2016,13.6,SSS,KOKO MAA
2017,11.4,SSS,KOKO MAA
2018,9.8,SSS,KOKO MAA
2019,9.9,SSS,KOKO MAA
2020,13.5,SSS,KOKO MAA
2021,10.4,SSS,KOKO MAA
2022,9.8,SSS,KOKO MAA
2023,11.0,SSS,KOKO MAA
2024,11.9,SSS,KOKO MAA
1987,5.8,KU020,Akaa
1988,5.3,KU020,Akaa
1989,4.0,KU020,Akaa
1990,6.7,KU020,Akaa
1991,15.1,KU020,Akaa
1992,20.3,KU020,Akaa
1993,24.9,KU020,Akaa
1994,22.4,KU020,Akaa
1995,22.9,KU020,Akaa
1996,22.9,KU020,Akaa
1997,19.5,KU020,Akaa
1998,17.8,KU020,Akaa
1999,17.8,KU020,Akaa
2000,15.4,KU020,Akaa
2001,14.4,KU020,Akaa
2002,13.8,KU020,Akaa
2003,14.4,KU020,Akaa
2004,13.7,KU020,Akaa
2005,14.1,KU020,Akaa
2006,11.3,KU020,Akaa
2007,9.3,KU020,Akaa
2008,9.9,KU020,Akaa
2009,14.7,KU020,Akaa
2010,11.5,KU020,Akaa
2011,11.0,KU020,Akaa
2012,11.8,KU020,Akaa
2013,14.4,KU020,Akaa
2014,15.1,KU020,Akaa
2015,15.5,KU020,Akaa
2016,14.7,KU020,Akaa
2017,10.0,KU020,Akaa
2018,8.6,KU020,Akaa
2019,8.2,KU020,Akaa
2020,12.9,KU020,Akaa
2021,8.8,KU020,Akaa
2022,8.6,KU020,Akaa
2023,10.9,KU020,Akaa
2024,10.9,KU020,Akaa
1987,8.1,KU005,Alajärvi
1988,8.8,KU005,Alajärvi
1989,7.6,KU005,Alajärvi
1990,8.7,KU005,Alajärvi
1991,16.3,KU005,Alajärvi
1992,21.7,KU005,Alajärvi
1993,25.9,KU005,Alajärvi
1994,20.9,KU005,Alajärvi
1995,21.8,KU005,Alajärvi
1996,19.8,KU005,Alajärvi
1997,16.5,KU005,Alajärvi
1998,15.9,KU005,Alajärvi
1999,16.5,KU005,Alajärvi
2000,14.8,KU005,Alajärvi
2001,16.0,KU005,Alajärvi
2002,13.6,KU005,Alajärvi
2003,13.3,KU005,Alajärvi
2004,15.1,KU005,Alajärvi
2005,12.2,KU005,Alajärvi
2006,9.8,KU005,Alajärvi
2007,9.2,KU005,Alajärvi
2008,11.0,KU005,Alajärvi
2009,14.9,KU005,Alajärvi
2010,11.6,KU005,Alajärvi
2011,11.5,KU005,Alajärvi
2012,12.3,KU005,Alajärvi
2013,14.5,KU005,Alajärvi
2014,14.6,KU005,Alajärvi
2015,14.8,KU005,Alajärvi
2016,14.0,KU005,Alajärvi
2017,11.9,KU005,Alajärvi
2018,10.2,KU005,Alajärvi
2019,9.4,KU005,Alajärvi
2020,12.4,KU005,Alajärvi
2021,8.5,KU005,Alajärvi
2022,8.3,KU005,Alajärvi
2023,8.5,KU005,Alajärvi
2024,8.1,KU005,Alajärvi
1987,7.4,KU009,Alavieska
1988,5.8,KU009,Alavieska
1989,4.3,KU009,Alavieska
1990,6.4,KU009,Alavieska
1991,14.3,KU009,Alavieska
1992,20.2,KU009,Alavieska
1993,23.8,KU009,Alavieska
1994,20.0,KU009,Alavieska
1995,21.2,KU009,Alavieska
1996,20.8,KU009,Alavieska
1997,16.3,KU009,Alavieska
1998,16.0,KU009,Alavieska
1999,12.7,KU009,Alavieska
2000,11.7,KU009,Alavieska
2001,12.2,KU009,Alavieska
2002,11.7,KU009,Alavieska
2003,10.2,KU009,Alavieska
2004,12.5,KU009,Alavieska
2005,9.3,KU009,Alavieska
2006,9.1,KU009,Alavieska
2007,7.3,KU009,Alavieska
2008,11.4,KU009,Alavieska
2009,14.0,KU009,Alavieska
2010,11.8,KU009,Alavieska
2011,10.6,KU009,Alavieska
2012,12.3,KU009,Alavieska
2013,13.9,KU009,Alavieska
2014,14.3,KU009,Alavieska
2015,14.7,KU009,Alavieska
2016,11.0,KU009,Alavieska
2017,8.8,KU009,Alavieska
2018,7.8,KU009,Alavieska
2019,8.9,KU009,Alavieska
2020,11.5,KU009,Alavieska
2021,7.9,KU009,Alavieska
2022,10.1,KU009,Alavieska
2023,11.7,KU009,Alavieska
2024,9.5,KU009,Alavieska
1987,7.2,KU010,Alavus
1988,5.9,KU010,Alavus
1989,5.5,KU010,Alavus
1990,6.1,KU010,Alavus
1991,11.6,KU010,Alavus
1992,17.5,KU010,Alavus
1993,23.7,KU010,Alavus
1994,20.4,KU010,Alavus
1995,21.4,KU010,Alavus
1996,19.2,KU010,Alavus
1997,15.6,KU010,Alavus
1998,15.8,KU010,Alavus
1999,12.8,KU010,Alavus
2000,11.9,KU010,Alavus
2001,12.8,KU010,Alavus
2002,13.3,KU010,Alavus
2003,12.5,KU010,Alavus
2004,12.1,KU010,Alavus
2005,10.0,KU010,Alavus
2006,8.7,KU010,Alavus
2007,7.9,KU010,Alavus
2008,10.5,KU010,Alavus
2009,12.5,KU010,Alavus
2010,9.2,KU010,Alavus
2011,9.2,KU010,Alavus
2012,9.5,KU010,Alavus
2013,10.3,KU010,Alavus
2014,10.8,KU010,Alavus
2015,12.8,KU010,Alavus
2016,11.4,KU010,Alavus
2017,10.3,KU010,Alavus
2018,7.8,KU010,Alavus
2019,8.6,KU010,Alavus
2020,10.0,KU010,Alavus
2021,7.1,KU010,Alavus
2022,7.0,KU010,Alavus
2023,10.7,KU010,Alavus
2024,12.2,KU010,Alavus
1987,4.1,KU016,Asikkala
1988,2.9,KU016,Asikkala
1989,2.4,KU016,Asikkala
1990,4.4,KU016,Asikkala
1991,10.5,KU016,Asikkala
1992,15.0,KU016,Asikkala
1993,20.9,KU016,Asikkala
1994,18.6,KU016,Asikkala
1995,16.7,KU016,Asikkala
1996,17.6,KU016,Asikkala
1997,15.8,KU016,Asikkala
1998,14.4,KU016,Asikkala
1999,13.8,KU016,Asikkala
2000,12.3,KU016,Asikkala
2001,12.0,KU016,Asikkala
2002,11.5,KU016,Asikkala
2003,13.1,KU016,Asikkala
2004,13.8,KU016,Asikkala
2005,12.7,KU016,Asikkala
2006,11.1,KU016,Asikkala
2007,9.8,KU016,Asikkala
2008,9.5,KU016,Asikkala
2009,11.8,KU016,Asikkala
2010,10.0,KU016,Asikkala
2011,9.3,KU016,Asikkala
2012,10.1,KU016,Asikkala
2013,11.7,KU016,Asikkala
2014,13.9,KU016,Asikkala
2015,13.6,KU016,Asikkala
2016,12.2,KU016,Asikkala
2017,12.3,KU016,Asikkala
2018,10.4,KU016,Asikkala
2019,9.4,KU016,Asikkala
2020,12.4,KU016,Asikkala
2021,10.4,KU016,Asikkala
2022,8.9,KU016,Asikkala
2023,12.2,KU016,Asikkala
2024,12.1,KU016,Asikkala
1987,2.3,KU018,Askola
1988,2.1,KU018,Askola
1989,2.5,KU018,Askola
1990,2.5,KU018,Askola
1991,6.8,KU018,Askola
1992,14.9,KU018,Askola
1993,17.9,KU018,Askola
1994,15.7,KU018,Askola
1995,14.6,KU018,Askola
1996,13.3,KU018,Askola
1997,12.0,KU018,Askola
1998,9.7,KU018,Askola
1999,7.9,KU018,Askola
2000,6.6,KU018,Askola
2001,8.4,KU018,Askola
2002,7.1,KU018,Askola
2003,6.9,KU018,Askola
2004,6.9,KU018,Askola
2005,6.4,KU018,Askola
2006,5.7,KU018,Askola
2007,4.6,KU018,Askola
2008,5.4,KU018,Askola
2009,8.0,KU018,Askola
2010,7.1,KU018,Askola
2011,6.7,KU018,Askola
2012,7.0,KU018,Askola
2013,8.4,KU018,Askola
2014,9.6,KU018,Askola
2015,10.2,KU018,Askola
2016,8.8,KU018,Askola
2017,7.8,KU018,Askola
2018,7.2,KU018,Askola
2019,6.8,KU018,Askola
2020,10.0,KU018,Askola
2021,8.3,KU018,Askola
2022,6.8,KU018,Askola
2023,7.5,KU018,Askola
2024,7.7,KU018,Askola
1987,4.2,KU019,Aura
1988,2.6,KU019,Aura
1989,2.3,KU019,Aura
1990,4.0,KU019,Aura
1991,9.9,KU019,Aura
1992,17.3,KU019,Aura
1993,21.3,KU019,Aura
1994,16.9,KU019,Aura
1995,15.1,KU019,Aura
1996,14.2,KU019,Aura
1997,12.3,KU019,Aura
1998,10.0,KU019,Aura
1999,10.5,KU019,Aura
2000,8.5,KU019,Aura
2001,8.7,KU019,Aura
2002,8.5,KU019,Aura
2003,9.0,KU019,Aura
2004,7.6,KU019,Aura
2005,6.3,KU019,Aura
2006,6.4,KU019,Aura
2007,4.5,KU019,Aura
2008,6.0,KU019,Aura
2009,9.3,KU019,Aura
2010,7.7,KU019,Aura
2011,6.5,KU019,Aura
2012,7.7,KU019,Aura
2013,10.5,KU019,Aura
2014,11.1,KU019,Aura
2015,10.6,KU019,Aura
2016,9.7,KU019,Aura
2017,6.7,KU019,Aura
2018,6.4,KU019,Aura
2019,5.7,KU019,Aura
2020,9.4,KU019,Aura
2021,6.3,KU019,Aura
2022,5.5,KU019,Aura
2023,7.0,KU019,Aura
2024,7.4,KU019,Aura
1987,0.8,KU035,Brändö
1988,0.7,KU035,Brändö
1989,0.8,KU035,Brändö
1990,0.8,KU035,Brändö
1991,0.4,KU035,Brändö
1992,3.1,KU035,Brändö
1993,6.1,KU035,Brändö
1994,5.0,KU035,Brändö
1995,5.8,KU035,Brändö
1996,5.6,KU035,Brändö
1997,5.1,KU035,Brändö
1998,2.4,KU035,Brändö
1999,3.7,KU035,Brändö
2000,3.7,KU035,Brändö
2001,2.2,KU035,Brändö
2002,2.6,KU035,Brändö
2003,4.7,KU035,Brändö
2004,4.9,KU035,Brändö
2005,3.0,KU035,Brändö
2006,4.6,KU035,Brändö
2007,5.9,KU035,Brändö
2008,3.2,KU035,Brändö
2009,3.0,KU035,Brändö
2010,3.2,KU035,Brändö
2011,2.7,KU035,Brändö
2012,4.5,KU035,Brändö
2013,1.9,KU035,Brändö
2014,4.0,KU035,Brändö
2015,6.8,KU035,Brändö
2016,5.9,KU035,Brändö
2017,3.9,KU035,Brändö
2018,3.4,KU035,Brändö
2019,1.0,KU035,Brändö
2020,7.2,KU035,Brändö
2021,2.5,KU035,Brändö
2022,3.4,KU035,Brändö
2023,3.7,KU035,Brändö
2024,2.6,KU035,Brändö
1987,2.3,KU043,Eckerö
1988,1.1,KU043,Eckerö
1989,0.8,KU043,Eckerö
1990,3.4,KU043,Eckerö
1991,6.1,KU043,Eckerö
1992,10.0,KU043,Eckerö
1993,12.3,KU043,Eckerö
1994,9.9,KU043,Eckerö
1995,9.6,KU043,Eckerö
1996,12.1,KU043,Eckerö
1997,7.6,KU043,Eckerö
1998,4.8,KU043,Eckerö
1999,3.9,KU043,Eckerö
2000,2.0,KU043,Eckerö
2001,3.7,KU043,Eckerö
2002,2.4,KU043,Eckerö
2003,2.8,KU043,Eckerö
2004,3.5,KU043,Eckerö
2005,4.5,KU043,Eckerö
2006,3.8,KU043,Eckerö
2007,2.3,KU043,Eckerö
2008,2.5,KU043,Eckerö
2009,5.2,KU043,Eckerö
2010,5.9,KU043,Eckerö
2011,4.2,KU043,Eckerö
2012,4.6,KU043,Eckerö
2013,4.4,KU043,Eckerö
2014,6.3,KU043,Eckerö
2015,5.2,KU043,Eckerö
2016,5.2,KU043,Eckerö
2017,4.0,KU043,Eckerö
2018,4.2,KU043,Eckerö
2019,4.2,KU043,Eckerö
2020,12.9,KU043,Eckerö
2021,5.5,KU043,Eckerö
2022,4.4,KU043,Eckerö
2023,5.9,KU043,Eckerö
2024,5.8,KU043,Eckerö
1987,10.7,KU046,Enonkoski
1988,9.5,KU046,Enonkoski
1989,9.6,KU046,Enonkoski
1990,12.3,KU046,Enonkoski
1991,16.0,KU046,Enonkoski
1992,21.9,KU046,Enonkoski
1993,25.9,KU046,Enonkoski
1994,22.2,KU046,Enonkoski
1995,22.8,KU046,Enonkoski
1996,27.7,KU046,Enonkoski
1997,25.5,KU046,Enonkoski
1998,24.4,KU046,Enonkoski
1999,23.4,KU046,Enonkoski
2000,23.4,KU046,Enonkoski
2001,23.3,KU046,Enonkoski
2002,23.0,KU046,Enonkoski
2003,22.6,KU046,Enonkoski
2004,22.1,KU046,Enonkoski
2005,21.9,KU046,Enonkoski
2006,20.9,KU046,Enonkoski
2007,18.7,KU046,Enonkoski
2008,15.8,KU046,Enonkoski
2009,16.5,KU046,Enonkoski
2010,16.3,KU046,Enonkoski
2011,17.4,KU046,Enonkoski
2012,15.8,KU046,Enonkoski
2013,16.1,KU046,Enonkoski
2014,21.3,KU046,Enonkoski
2015,19.1,KU046,Enonkoski
2016,17.5,KU046,Enonkoski
2017,16.2,KU046,Enonkoski
2018,13.2,KU046,Enonkoski
2019,13.3,KU046,Enonkoski
2020,14.3,KU046,Enonkoski
2021,10.7,KU046,Enonkoski
2022,11.9,KU046,Enonkoski
2023,11.9,KU046,Enonkoski
2024,12.8,KU046,Enonkoski
1987,20.4,KU047,Enontekiö
1988,20.4,KU047,Enontekiö
1989,20.2,KU047,Enontekiö
1990,19.6,KU047,Enontekiö
1991,23.5,KU047,Enontekiö
1992,32.4,KU047,Enontekiö
1993,34.4,KU047,Enontekiö
1994,36.1,KU047,Enontekiö
1995,35.6,KU047,Enontekiö
1996,39.8,KU047,Enontekiö
1997,30.8,KU047,Enontekiö
1998,30.0,KU047,Enontekiö
1999,30.2,KU047,Enontekiö
2000,29.0,KU047,Enontekiö
2001,30.6,KU047,Enontekiö
2002,25.5,KU047,Enontekiö
2003,27.1,KU047,Enontekiö
2004,24.9,KU047,Enontekiö
2005,25.1,KU047,Enontekiö
2006,23.2,KU047,Enontekiö
2007,19.8,KU047,Enontekiö
2008,21.9,KU047,Enontekiö
2009,23.3,KU047,Enontekiö
2010,19.5,KU047,Enontekiö
2011,19.8,KU047,Enontekiö
2012,19.4,KU047,Enontekiö
2013,19.0,KU047,Enontekiö
2014,21.7,KU047,Enontekiö
2015,21.8,KU047,Enontekiö
2016,19.8,KU047,Enontekiö
2017,19.5,KU047,Enontekiö
2018,15.5,KU047,Enontekiö
2019,15.4,KU047,Enontekiö
2020,22.4,KU047,Enontekiö
2021,15.5,KU047,Enontekiö
2022,13.8,KU047,Enontekiö
2023,11.4,KU047,Enontekiö
2024,10.7,KU047,Enontekiö
1987,1.4,KU049,Espoo
1988,1.1,KU049,Espoo
1989,0.9,KU049,Espoo
1990,1.2,KU049,Espoo
1991,6.6,KU049,Espoo
1992,11.7,KU049,Espoo
1993,14.9,KU049,Espoo
1994,13.9,KU049,Espoo
1995,13.1,KU049,Espoo
1996,11.6,KU049,Espoo
1997,9.3,KU049,Espoo
1998,7.6,KU049,Espoo
1999,6.7,KU049,Espoo
2000,5.9,KU049,Espoo
2001,5.9,KU049,Espoo
2002,6.2,KU049,Espoo
2003,6.7,KU049,Espoo
2004,6.6,KU049,Espoo
2005,6.1,KU049,Espoo
2006,5.5,KU049,Espoo
2007,4.4,KU049,Espoo
2008,4.7,KU049,Espoo
2009,6.7,KU049,Espoo
2010,5.9,KU049,Espoo
2011,5.5,KU049,Espoo
2012,6.4,KU049,Espoo
2013,8.3,KU049,Espoo
2014,9.8,KU049,Espoo
2015,10.7,KU049,Espoo
2016,10.1,KU049,Espoo
2017,8.6,KU049,Espoo
2018,7.8,KU049,Espoo
2019,7.5,KU049,Espoo
2020,11.6,KU049,Espoo
2021,9.0,KU049,Espoo
2022,8.2,KU049,Espoo
2023,9.2,KU049,Espoo
2024,10.4,KU049,Espoo
1987,5.5,KU050,Eura
1988,4.0,KU050,Eura
1989,3.3,KU050,Eura
1990,4.5,KU050,Eura
1991,11.6,KU050,Eura
1992,17.1,KU050,Eura
1993,18.4,KU050,Eura
1994,15.6,KU050,Eura
1995,13.6,KU050,Eura
1996,14.1,KU050,Eura
1997,12.3,KU050,Eura
1998,11.7,KU050,Eura
1999,11.7,KU050,Eura
2000,10.5,KU050,Eura
2001,9.1,KU050,Eura
2002,9.9,KU050,Eura
2003,10.1,KU050,Eura
2004,11.3,KU050,Eura
2005,10.1,KU050,Eura
2006,8.1,KU050,Eura
2007,6.6,KU050,Eura
2008,6.6,KU050,Eura
2009,8.6,KU050,Eura
2010,8.1,KU050,Eura
2011,7.3,KU050,Eura
2012,8.2,KU050,Eura
2013,9.0,KU050,Eura
2014,10.1,KU050,Eura
2015,9.8,KU050,Eura
2016,10.1,KU050,Eura
2017,7.7,KU050,Eura
2018,6.8,KU050,Eura
2019,7.8,KU050,Eura
2020,11.3,KU050,Eura
2021,7.3,KU050,Eura
2022,7.8,KU050,Eura
2023,7.4,KU050,Eura
2024,7.8,KU050,Eura
1987,7.3,KU051,Eurajoki
1988,6.2,KU051,Eurajoki
1989,5.7,KU051,Eurajoki
1990,6.8,KU051,Eurajoki
1991,13.7,KU051,Eurajoki
1992,20.3,KU051,Eurajoki
1993,23.0,KU051,Eurajoki
1994,19.5,KU051,Eurajoki
1995,19.1,KU051,Eurajoki
1996,19.5,KU051,Eurajoki
1997,17.1,KU051,Eurajoki
1998,16.3,KU051,Eurajoki
1999,17.4,KU051,Eurajoki
2000,13.7,KU051,Eurajoki
2001,14.2,KU051,Eurajoki
2002,14.9,KU051,Eurajoki
2003,12.9,KU051,Eurajoki
2004,14.5,KU051,Eurajoki
2005,11.9,KU051,Eurajoki
2006,9.7,KU051,Eurajoki
2007,8.1,KU051,Eurajoki
2008,8.7,KU051,Eurajoki
2009,10.6,KU051,Eurajoki
2010,9.2,KU051,Eurajoki
2011,9.5,KU051,Eurajoki
2012,10.1,KU051,Eurajoki
2013,11.3,KU051,Eurajoki
2014,11.7,KU051,Eurajoki
2015,12.0,KU051,Eurajoki
2016,11.1,KU051,Eurajoki
2017,7.9,KU051,Eurajoki
2018,6.2,KU051,Eurajoki
2019,6.9,KU051,Eurajoki
2020,9.6,KU051,Eurajoki
2021,6.7,KU051,Eurajoki
2022,7.0,KU051,Eurajoki
2023,7.6,KU051,Eurajoki
2024,7.7,KU051,Eurajoki
1987,5.8,KU052,Evijärvi
1988,6.7,KU052,Evijärvi
1989,7.5,KU052,Evijärvi
1990,7.4,KU052,Evijärvi
1991,15.7,KU052,Evijärvi
1992,19.4,KU052,Evijärvi
1993,22.2,KU052,Evijärvi
1994,17.8,KU052,Evijärvi
1995,19.1,KU052,Evijärvi
1996,16.0,KU052,Evijärvi
1997,17.0,KU052,Evijärvi
1998,13.1,KU052,Evijärvi
1999,13.9,KU052,Evijärvi
2000,10.9,KU052,Evijärvi
2001,9.9,KU052,Evijärvi
2002,9.5,KU052,Evijärvi
2003,9.0,KU052,Evijärvi
2004,6.5,KU052,Evijärvi
2005,9.1,KU052,Evijärvi
2006,6.1,KU052,Evijärvi
2007,5.8,KU052,Evijärvi
2008,10.7,KU052,Evijärvi
2009,11.6,KU052,Evijärvi
2010,6.1,KU052,Evijärvi
2011,6.0,KU052,Evijärvi
2012,7.6,KU052,Evijärvi
2013,6.8,KU052,Evijärvi
2014,9.0,KU052,Evijärvi
2015,9.4,KU052,Evijärvi
2016,8.5,KU052,Evijärvi
2017,7.4,KU052,Evijärvi
2018,6.8,KU052,Evijärvi
2019,6.0,KU052,Evijärvi
2020,8.0,KU052,Evijärvi
2021,5.4,KU052,Evijärvi
2022,7.0,KU052,Evijärvi
2023,8.4,KU052,Evijärvi
2024,5.7,KU052,Evijärvi
1987,0.7,KU060,Finström
1988,0.5,KU060,Finström
1989,0.6,KU060,Finström
1990,1.1,KU060,Finström
1991,2.7,KU060,Finström
1992,3.9,KU060,Finström
1993,6.5,KU060,Finström
1994,7.3,KU060,Finström
1995,6.9,KU060,Finström
1996,5.6,KU060,Finström
1997,3.6,KU060,Finström
1998,2.1,KU060,Finström
1999,1.4,KU060,Finström
2000,1.1,KU060,Finström
2001,1.1,KU060,Finström
2002,1.0,KU060,Finström
2003,1.8,KU060,Finström
2004,1.9,KU060,Finström
2005,1.6,KU060,Finström
2006,1.9,KU060,Finström
2007,1.3,KU060,Finström
2008,2.0,KU060,Finström
2009,3.9,KU060,Finström
2010,3.2,KU060,Finström
2011,2.5,KU060,Finström
2012,3.2,KU060,Finström
2013,3.4,KU060,Finström
2014,4.0,KU060,Finström
2015,3.6,KU060,Finström
2016,3.1,KU060,Finström
2017,3.4,KU060,Finström
2018,3.8,KU060,Finström
2019,4.6,KU060,Finström
2020,8.4,KU060,Finström
2021,5.2,KU060,Finström
2022,4.1,KU060,Finström
2023,4.2,KU060,Finström
2024,3.8,KU060,Finström
1987,5.3,KU061,Forssa
1988,4.9,KU061,Forssa
1989,3.8,KU061,Forssa
1990,5.2,KU061,Forssa
1991,12.2,KU061,Forssa
1992,20.6,KU061,Forssa
1993,25.5,KU061,Forssa
1994,23.0,KU061,Forssa
1995,23.3,KU061,Forssa
1996,22.3,KU061,Forssa
1997,19.8,KU061,Forssa
1998,17.4,KU061,Forssa
1999,17.1,KU061,Forssa
2000,15.6,KU061,Forssa
2001,14.0,KU061,Forssa
2002,13.2,KU061,Forssa
2003,13.5,KU061,Forssa
2004,13.6,KU061,Forssa
2005,12.1,KU061,Forssa
2006,11.5,KU061,Forssa
2007,10.2,KU061,Forssa
2008,13.4,KU061,Forssa
2009,15.9,KU061,Forssa
2010,15.3,KU061,Forssa
2011,14.3,KU061,Forssa
2012,14.8,KU061,Forssa
2013,16.6,KU061,Forssa
2014,16.9,KU061,Forssa
2015,16.0,KU061,Forssa
2016,16.4,KU061,Forssa
2017,12.6,KU061,Forssa
2018,11.4,KU061,Forssa
2019,11.1,KU061,Forssa
2020,13.4,KU061,Forssa
2021,11.0,KU061,Forssa
2022,10.3,KU061,Forssa
2023,13.7,KU061,Forssa
2024,14.0,KU061,Forssa
1987,0.8,KU062,Föglö
1988,0.8,KU062,Föglö
1989,1.1,KU062,Föglö
1990,,KU062,Föglö
1991,1.9,KU062,Föglö
1992,6.0,KU062,Föglö
1993,6.0,KU062,Föglö
1994,5.7,KU062,Föglö
1995,6.0,KU062,Föglö
1996,3.5,KU062,Föglö
1997,4.2,KU062,Föglö
1998,2.3,KU062,Föglö
1999,2.2,KU062,Föglö
2000,1.8,KU062,Föglö
2001,2.1,KU062,Föglö
2002,2.4,KU062,Föglö
2003,2.8,KU062,Föglö
2004,2.1,KU062,Föglö
2005,1.1,KU062,Föglö
2006,2.6,KU062,Föglö
2007,1.8,KU062,Föglö
2008,0.7,KU062,Föglö
2009,2.4,KU062,Föglö
2010,2.6,KU062,Föglö
2011,4.0,KU062,Föglö
2012,4.3,KU062,Föglö
2013,3.3,KU062,Föglö
2014,2.3,KU062,Föglö
2015,1.2,KU062,Föglö
2016,0.8,KU062,Föglö
2017,1.7,KU062,Föglö
2018,1.2,KU062,Föglö
2019,2.5,KU062,Föglö
2020,4.0,KU062,Föglö
2021,1.0,KU062,Föglö
2022,2.4,KU062,Föglö
2023,2.4,KU062,Föglö
2024,2.7,KU062,Föglö
1987,,KU065,Geta
1988,0.5,KU065,Geta
1989,,KU065,Geta
1990,2.3,KU065,Geta
1991,2.7,KU065,Geta
1992,4.2,KU065,Geta
1993,4.8,KU065,Geta
1994,6.3,KU065,Geta
1995,4.0,KU065,Geta
1996,9.4,KU065,Geta
1997,2.0,KU065,Geta
1998,2.9,KU065,Geta
1999,1.9,KU065,Geta
2000,0.5,KU065,Geta
2001,2.8,KU065,Geta
2002,2.3,KU065,Geta
2003,2.4,KU065,Geta
2004,2.4,KU065,Geta
2005,1.5,KU065,Geta
2006,2.8,KU065,Geta
2007,3.7,KU065,Geta
2008,2.2,KU065,Geta
2009,3.8,KU065,Geta
2010,3.6,KU065,Geta
2011,4.8,KU065,Geta
2012,3.5,KU065,Geta
2013,5.4,KU065,Geta
2014,6.0,KU065,Geta
2015,5.0,KU065,Geta
2016,3.7,KU065,Geta
2017,6.1,KU065,Geta
2018,5.4,KU065,Geta
2019,4.2,KU065,Geta
2020,11.0,KU065,Geta
2021,6.5,KU065,Geta
2022,4.7,KU065,Geta
2023,4.5,KU065,Geta
2024,4.4,KU065,Geta
1987,8.3,KU069,Haapajärvi
1988,8.4,KU069,Haapajärvi
1989,7.5,KU069,Haapajärvi
1990,7.3,KU069,Haapajärvi
1991,13.1,KU069,Haapajärvi
1992,20.3,KU069,Haapajärvi
1993,22.9,KU069,Haapajärvi
1994,18.4,KU069,Haapajärvi
1995,21.6,KU069,Haapajärvi
1996,20.5,KU069,Haapajärvi
1997,18.2,KU069,Haapajärvi
1998,19.0,KU069,Haapajärvi
1999,16.4,KU069,Haapajärvi
2000,15.1,KU069,Haapajärvi
2001,14.8,KU069,Haapajärvi
2002,14.0,KU069,Haapajärvi
2003,11.8,KU069,Haapajärvi
2004,12.3,KU069,Haapajärvi
2005,10.0,KU069,Haapajärvi
2006,9.3,KU069,Haapajärvi
2007,7.5,KU069,Haapajärvi
2008,9.4,KU069,Haapajärvi
2009,10.9,KU069,Haapajärvi
2010,10.2,KU069,Haapajärvi
2011,9.1,KU069,Haapajärvi
2012,9.8,KU069,Haapajärvi
2013,10.7,KU069,Haapajärvi
2014,13.4,KU069,Haapajärvi
2015,14.0,KU069,Haapajärvi
2016,12.3,KU069,Haapajärvi
2017,9.9,KU069,Haapajärvi
2018,8.5,KU069,Haapajärvi
2019,10.0,KU069,Haapajärvi
2020,11.8,KU069,Haapajärvi
2021,8.0,KU069,Haapajärvi
2022,9.0,KU069,Haapajärvi
2023,9.8,KU069,Haapajärvi
2024,12.7,KU069,Haapajärvi
1987,6.0,KU071,Haapavesi
1988,7.3,KU071,Haapavesi
1989,4.6,KU071,Haapavesi
1990,8.3,KU071,Haapavesi
1991,14.5,KU071,Haapavesi
1992,19.3,KU071,Haapavesi
1993,22.8,KU071,Haapavesi
1994,19.7,KU071,Haapavesi
1995,21.0,KU071,Haapavesi
1996,21.8,KU071,Haapavesi
1997,20.6,KU071,Haapavesi
1998,18.1,KU071,Haapavesi
1999,18.4,KU071,Haapavesi
2000,15.0,KU071,Haapavesi
2001,15.1,KU071,Haapavesi
2002,11.7,KU071,Haapavesi
2003,13.0,KU071,Haapavesi
2004,12.9,KU071,Haapavesi
2005,12.4,KU071,Haapavesi
2006,9.4,KU071,Haapavesi
2007,7.4,KU071,Haapavesi
2008,10.1,KU071,Haapavesi
2009,12.4,KU071,Haapavesi
2010,9.3,KU071,Haapavesi
2011,9.8,KU071,Haapavesi
2012,11.9,KU071,Haapavesi
2013,13.1,KU071,Haapavesi
2014,15.2,KU071,Haapavesi
2015,15.4,KU071,Haapavesi
2016,14.3,KU071,Haapavesi
2017,12.0,KU071,Haapavesi
2018,9.4,KU071,Haapavesi
2019,9.5,KU071,Haapavesi
2020,13.4,KU071,Haapavesi
2021,8.3,KU071,Haapavesi
2022,8.3,KU071,Haapavesi
2023,11.1,KU071,Haapavesi
2024,10.9,KU071,Haapavesi
1987,8.5,KU072,Hailuoto
1988,11.5,KU072,Hailuoto
1989,8.1,KU072,Hailuoto
1990,11.1,KU072,Hailuoto
1991,16.4,KU072,Hailuoto
1992,21.1,KU072,Hailuoto
1993,23.9,KU072,Hailuoto
1994,19.8,KU072,Hailuoto
1995,22.8,KU072,Hailuoto
1996,18.6,KU072,Hailuoto
1997,18.5,KU072,Hailuoto
1998,13.5,KU072,Hailuoto
1999,16.6,KU072,Hailuoto
2000,15.3,KU072,Hailuoto
2001,13.5,KU072,Hailuoto
2002,12.1,KU072,Hailuoto
2003,13.3,KU072,Hailuoto
2004,15.3,KU072,Hailuoto
2005,12.6,KU072,Hailuoto
2006,12.3,KU072,Hailuoto
2007,13.0,KU072,Hailuoto
2008,13.0,KU072,Hailuoto
2009,13.6,KU072,Hailuoto
2010,14.5,KU072,Hailuoto
2011,12.8,KU072,Hailuoto
2012,12.9,KU072,Hailuoto
2013,11.2,KU072,Hailuoto
2014,14.7,KU072,Hailuoto
2015,14.8,KU072,Hailuoto
2016,11.9,KU072,Hailuoto
2017,9.9,KU072,Hailuoto
2018,7.6,KU072,Hailuoto
2019,7.1,KU072,Hailuoto
2020,10.1,KU072,Hailuoto
2021,9.1,KU072,Hailuoto
2022,9.8,KU072,Hailuoto
2023,10.7,KU072,Hailuoto
2024,12.8,KU072,Hailuoto
1987,4.5,KU074,Halsua
1988,5.1,KU074,Halsua
1989,6.1,KU074,Halsua
1990,6.6,KU074,Halsua
1991,10.8,KU074,Halsua
1992,16.0,KU074,Halsua
1993,20.5,KU074,Halsua
1994,20.2,KU074,Halsua
1995,19.8,KU074,Halsua
1996,18.7,KU074,Halsua
1997,17.3,KU074,Halsua
1998,14.7,KU074,Halsua
1999,13.8,KU074,Halsua
2000,13.1,KU074,Halsua
2001,13.3,KU074,Halsua
2002,9.5,KU074,Halsua
2003,10.1,KU074,Halsua
2004,11.0,KU074,Halsua
2005,11.9,KU074,Halsua
2006,9.1,KU074,Halsua
2007,7.4,KU074,Halsua
2008,11.0,KU074,Halsua
2009,10.5,KU074,Halsua
2010,10.1,KU074,Halsua
2011,10.5,KU074,Halsua
2012,8.9,KU074,Halsua
2013,9.8,KU074,Halsua
2014,7.8,KU074,Halsua
2015,10.1,KU074,Halsua
2016,8.8,KU074,Halsua
2017,8.0,KU074,Halsua
2018,6.5,KU074,Halsua
2019,8.9,KU074,Halsua
2020,11.1,KU074,Halsua
2021,7.6,KU074,Halsua
2022,9.5,KU074,Halsua
2023,10.2,KU074,Halsua
2024,9.3,KU074,Halsua
1987,7.8,KU075,Hamina
1988,7.0,KU075,Hamina
1989,6.3,KU075,Hamina
1990,7.6,KU075,Hamina
1991,11.8,KU075,Hamina
1992,16.5,KU075,Hamina
1993,21.1,KU075,Hamina
1994,19.2,KU075,Hamina
1995,18.3,KU075,Hamina
1996,18.4,KU075,Hamina
1997,16.6,KU075,Hamina
1998,16.4,KU075,Hamina
1999,15.0,KU075,Hamina
2000,15.0,KU075,Hamina
2001,14.3,KU075,Hamina
2002,13.2,KU075,Hamina
2003,12.2,KU075,Hamina
2004,12.5,KU075,Hamina
2005,12.4,KU075,Hamina
2006,10.8,KU075,Hamina
2007,10.3,KU075,Hamina
2008,12.3,KU075,Hamina
2009,15.2,KU075,Hamina
2010,13.5,KU075,Hamina
2011,13.9,KU075,Hamina
2012,13.4,KU075,Hamina
2013,14.9,KU075,Hamina
2014,16.0,KU075,Hamina
2015,16.9,KU075,Hamina
2016,16.4,KU075,Hamina
2017,14.3,KU075,Hamina
2018,11.5,KU075,Hamina
2019,12.1,KU075,Hamina
2020,14.6,KU075,Hamina
2021,12.5,KU075,Hamina
2022,11.8,KU075,Hamina
2023,13.1,KU075,Hamina
2024,14.6,KU075,Hamina
1987,1.0,KU076,Hammarland
1988,0.8,KU076,Hammarland
1989,0.5,KU076,Hammarland
1990,0.6,KU076,Hammarland
1991,3.0,KU076,Hammarland
1992,6.6,KU076,Hammarland
1993,6.1,KU076,Hammarland
1994,9.0,KU076,Hammarland
1995,6.5,KU076,Hammarland
1996,6.6,KU076,Hammarland
1997,5.3,KU076,Hammarland
1998,3.4,KU076,Hammarland
1999,1.7,KU076,Hammarland
2000,1.9,KU076,Hammarland
2001,1.6,KU076,Hammarland
2002,1.3,KU076,Hammarland
2003,1.8,KU076,Hammarland
2004,1.7,KU076,Hammarland
2005,3.0,KU076,Hammarland
2006,2.8,KU076,Hammarland
2007,1.3,KU076,Hammarland
2008,2.4,KU076,Hammarland
2009,2.2,KU076,Hammarland
2010,2.7,KU076,Hammarland
2011,2.8,KU076,Hammarland
2012,3.1,KU076,Hammarland
2013,5.0,KU076,Hammarland
2014,4.7,KU076,Hammarland
2015,3.1,KU076,Hammarland
2016,3.4,KU076,Hammarland
2017,4.3,KU076,Hammarland
2018,3.8,KU076,Hammarland
2019,4.8,KU076,Hammarland
2020,8.7,KU076,Hammarland
2021,5.5,KU076,Hammarland
2022,4.7,KU076,Hammarland
2023,5.0,KU076,Hammarland
2024,4.8,KU076,Hammarland
1987,8.2,KU077,Hankasalmi
1988,6.8,KU077,Hankasalmi
1989,7.6,KU077,Hankasalmi
1990,9.7,KU077,Hankasalmi
1991,16.9,KU077,Hankasalmi
1992,20.1,KU077,Hankasalmi
1993,26.5,KU077,Hankasalmi
1994,25.4,KU077,Hankasalmi
1995,25.0,KU077,Hankasalmi
1996,25.9,KU077,Hankasalmi
1997,24.0,KU077,Hankasalmi
1998,22.7,KU077,Hankasalmi
1999,21.0,KU077,Hankasalmi
2000,19.0,KU077,Hankasalmi
2001,20.5,KU077,Hankasalmi
2002,18.0,KU077,Hankasalmi
2003,17.3,KU077,Hankasalmi
2004,17.1,KU077,Hankasalmi
2005,16.0,KU077,Hankasalmi
2006,13.7,KU077,Hankasalmi
2007,11.9,KU077,Hankasalmi
2008,11.9,KU077,Hankasalmi
2009,15.0,KU077,Hankasalmi
2010,14.1,KU077,Hankasalmi
2011,14.9,KU077,Hankasalmi
2012,15.4,KU077,Hankasalmi
2013,15.7,KU077,Hankasalmi
2014,17.4,KU077,Hankasalmi
2015,17.8,KU077,Hankasalmi
2016,17.0,KU077,Hankasalmi
2017,12.9,KU077,Hankasalmi
2018,13.0,KU077,Hankasalmi
2019,12.3,KU077,Hankasalmi
2020,14.4,KU077,Hankasalmi
2021,11.9,KU077,Hankasalmi
2022,11.3,KU077,Hankasalmi
2023,13.7,KU077,Hankasalmi
2024,13.2,KU077,Hankasalmi
1987,4.5,KU078,Hanko
1988,3.4,KU078,Hanko
1989,2.6,KU078,Hanko
1990,3.6,KU078,Hanko
1991,8.3,KU078,Hanko
1992,14.2,KU078,Hanko
1993,17.5,KU078,Hanko
1994,17.1,KU078,Hanko
1995,17.2,KU078,Hanko
1996,15.9,KU078,Hanko
1997,14.3,KU078,Hanko
1998,13.2,KU078,Hanko
1999,12.1,KU078,Hanko
2000,11.1,KU078,Hanko
2001,10.6,KU078,Hanko
2002,10.1,KU078,Hanko
2003,10.7,KU078,Hanko
2004,10.0,KU078,Hanko
2005,9.1,KU078,Hanko
2006,7.6,KU078,Hanko
2007,5.6,KU078,Hanko
2008,7.8,KU078,Hanko
2009,14.8,KU078,Hanko
2010,11.3,KU078,Hanko
2011,9.6,KU078,Hanko
2012,13.8,KU078,Hanko
2013,15.7,KU078,Hanko
2014,16.1,KU078,Hanko
2015,15.2,KU078,Hanko
2016,13.8,KU078,Hanko
2017,11.1,KU078,Hanko
2018,10.7,KU078,Hanko
2019,10.9,KU078,Hanko
2020,13.5,KU078,Hanko
2021,10.9,KU078,Hanko
2022,10.1,KU078,Hanko
2023,11.3,KU078,Hanko
2024,10.8,KU078,Hanko
1987,5.8,KU079,Harjavalta
1988,6.2,KU079,Harjavalta
1989,3.7,KU079,Harjavalta
1990,5.0,KU079,Harjavalta
1991,10.1,KU079,Harjavalta
1992,14.6,KU079,Harjavalta
1993,18.3,KU079,Harjavalta
1994,15.8,KU079,Harjavalta
1995,15.4,KU079,Harjavalta
1996,17.1,KU079,Harjavalta
1997,15.3,KU079,Harjavalta
1998,15.1,KU079,Harjavalta
1999,14.8,KU079,Harjavalta
2000,14.3,KU079,Harjavalta
2001,14.3,KU079,Harjavalta
2002,14.3,KU079,Harjavalta
2003,14.2,KU079,Harjavalta
2004,14.2,KU079,Harjavalta
2005,14.4,KU079,Harjavalta
2006,12.5,KU079,Harjavalta
2007,9.5,KU079,Harjavalta
2008,9.8,KU079,Harjavalta
2009,13.0,KU079,Harjavalta
2010,12.4,KU079,Harjavalta
2011,11.4,KU079,Harjavalta
2012,11.2,KU079,Harjavalta
2013,13.5,KU079,Harjavalta
2014,13.8,KU079,Harjavalta
2015,14.2,KU079,Harjavalta
2016,14.1,KU079,Harjavalta
2017,13.1,KU079,Harjavalta
2018,11.3,KU079,Harjavalta
2019,11.5,KU079,Harjavalta
2020,14.0,KU079,Harjavalta
2021,10.6,KU079,Harjavalta
2022,10.2,KU079,Harjavalta
2023,12.4,KU079,Harjavalta
2024,12.7,KU079,Harjavalta
1987,4.9,KU081,Hartola
1988,4.2,KU081,Hartola
1989,3.1,KU081,Hartola
1990,4.4,KU081,Hartola
1991,9.8,KU081,Hartola
1992,15.8,KU081,Hartola
1993,19.6,KU081,Hartola
1994,16.2,KU081,Hartola
1995,18.6,KU081,Hartola
1996,19.2,KU081,Hartola
1997,18.5,KU081,Hartola
1998,16.6,KU081,Hartola
1999,13.1,KU081,Hartola
2000,14.8,KU081,Hartola
2001,14.1,KU081,Hartola
2002,12.9,KU081,Hartola
2003,12.7,KU081,Hartola
2004,12.4,KU081,Hartola
2005,12.5,KU081,Hartola
2006,10.6,KU081,Hartola
2007,10.6,KU081,Hartola
2008,14.1,KU081,Hartola
2009,13.7,KU081,Hartola
2010,12.2,KU081,Hartola
2011,12.2,KU081,Hartola
2012,13.6,KU081,Hartola
2013,13.0,KU081,Hartola
2014,18.4,KU081,Hartola
2015,16.7,KU081,Hartola
2016,14.7,KU081,Hartola
2017,13.4,KU081,Hartola
2018,12.9,KU081,Hartola
2019,13.2,KU081,Hartola
2020,14.2,KU081,Hartola
2021,11.5,KU081,Hartola
2022,15.7,KU081,Hartola
2023,14.6,KU081,Hartola
2024,14.2,KU081,Hartola
1987,4.4,KU082,Hattula
1988,3.7,KU082,Hattula
1989,2.6,KU082,Hattula
1990,3.5,KU082,Hattula
1991,9.7,KU082,Hattula
1992,16.2,KU082,Hattula
1993,20.4,KU082,Hattula
1994,18.1,KU082,Hattula
1995,18.5,KU082,Hattula
1996,17.4,KU082,Hattula
1997,15.2,KU082,Hattula
1998,14.0,KU082,Hattula
1999,12.6,KU082,Hattula
2000,12.1,KU082,Hattula
2001,10.5,KU082,Hattula
2002,10.4,KU082,Hattula
2003,9.7,KU082,Hattula
2004,9.8,KU082,Hattula
2005,8.9,KU082,Hattula
2006,7.3,KU082,Hattula
2007,6.3,KU082,Hattula
2008,7.1,KU082,Hattula
2009,9.3,KU082,Hattula
2010,8.6,KU082,Hattula
2011,7.3,KU082,Hattula
2012,8.0,KU082,Hattula
2013,9.0,KU082,Hattula
2014,10.4,KU082,Hattula
2015,10.7,KU082,Hattula
2016,9.7,KU082,Hattula
2017,8.0,KU082,Hattula
2018,6.9,KU082,Hattula
2019,7.0,KU082,Hattula
2020,9.4,KU082,Hattula
2021,7.3,KU082,Hattula
2022,5.9,KU082,Hattula
2023,7.7,KU082,Hattula
2024,7.8,KU082,Hattula
1987,4.0,KU086,Hausjärvi
1988,3.7,KU086,Hausjärvi
1989,3.3,KU086,Hausjärvi
1990,4.4,KU086,Hausjärvi
1991,11.2,KU086,Hausjärvi
1992,16.9,KU086,Hausjärvi
1993,22.0,KU086,Hausjärvi
1994,19.0,KU086,Hausjärvi
1995,19.4,KU086,Hausjärvi
1996,18.5,KU086,Hausjärvi
1997,15.6,KU086,Hausjärvi
1998,13.9,KU086,Hausjärvi
1999,11.5,KU086,Hausjärvi
2000,10.8,KU086,Hausjärvi
2001,10.0,KU086,Hausjärvi
2002,9.8,KU086,Hausjärvi
2003,9.1,KU086,Hausjärvi
2004,9.4,KU086,Hausjärvi
2005,8.5,KU086,Hausjärvi
2006,6.9,KU086,Hausjärvi
2007,5.6,KU086,Hausjärvi
2008,5.9,KU086,Hausjärvi
2009,8.5,KU086,Hausjärvi
2010,8.2,KU086,Hausjärvi
2011,7.3,KU086,Hausjärvi
2012,7.7,KU086,Hausjärvi
2013,8.8,KU086,Hausjärvi
2014,10.2,KU086,Hausjärvi
2015,9.5,KU086,Hausjärvi
2016,9.0,KU086,Hausjärvi
2017,7.6,KU086,Hausjärvi
2018,6.2,KU086,Hausjärvi
2019,5.7,KU086,Hausjärvi
2020,9.1,KU086,Hausjärvi
2021,8.3,KU086,Hausjärvi
2022,6.7,KU086,Hausjärvi
2023,8.3,KU086,Hausjärvi
2024,8.7,KU086,Hausjärvi
1987,10.1,KU111,Heinola
1988,6.1,KU111,Heinola
1989,4.6,KU111,Heinola
1990,6.9,KU111,Heinola
1991,14.2,KU111,Heinola
1992,19.7,KU111,Heinola
1993,24.1,KU111,Heinola
1994,23.0,KU111,Heinola
1995,22.5,KU111,Heinola
1996,23.1,KU111,Heinola
1997,20.0,KU111,Heinola
1998,18.6,KU111,Heinola
1999,18.4,KU111,Heinola
2000,15.9,KU111,Heinola
2001,16.0,KU111,Heinola
2002,14.5,KU111,Heinola
2003,15.4,KU111,Heinola
2004,15.7,KU111,Heinola
2005,15.0,KU111,Heinola
2006,13.2,KU111,Heinola
2007,11.1,KU111,Heinola
2008,11.8,KU111,Heinola
2009,18.0,KU111,Heinola
2010,15.7,KU111,Heinola
2011,14.3,KU111,Heinola
2012,15.4,KU111,Heinola
2013,17.1,KU111,Heinola
2014,19.5,KU111,Heinola
2015,19.6,KU111,Heinola
2016,17.6,KU111,Heinola
2017,14.8,KU111,Heinola
2018,14.6,KU111,Heinola
2019,15.4,KU111,Heinola
2020,18.3,KU111,Heinola
2021,14.9,KU111,Heinola
2022,15.2,KU111,Heinola
2023,15.6,KU111,Heinola
2024,17.6,KU111,Heinola
1987,8.8,KU090,Heinävesi
1988,8.6,KU090,Heinävesi
1989,6.4,KU090,Heinävesi
1990,7.6,KU090,Heinävesi
1991,13.3,KU090,Heinävesi
1992,21.5,KU090,Heinävesi
1993,24.8,KU090,Heinävesi
1994,21.1,KU090,Heinävesi
1995,22.2,KU090,Heinävesi
1996,21.7,KU090,Heinävesi
1997,18.6,KU090,Heinävesi
1998,16.2,KU090,Heinävesi
1999,15.5,KU090,Heinävesi
2000,15.1,KU090,Heinävesi
2001,13.7,KU090,Heinävesi
2002,11.2,KU090,Heinävesi
2003,10.2,KU090,Heinävesi
2004,11.0,KU090,Heinävesi
2005,11.6,KU090,Heinävesi
2006,11.3,KU090,Heinävesi
2007,10.5,KU090,Heinävesi
2008,10.5,KU090,Heinävesi
2009,15.3,KU090,Heinävesi
2010,13.2,KU090,Heinävesi
2011,13.7,KU090,Heinävesi
2012,13.9,KU090,Heinävesi
2013,14.9,KU090,Heinävesi
2014,17.8,KU090,Heinävesi
2015,18.7,KU090,Heinävesi
2016,17.5,KU090,Heinävesi
2017,16.6,KU090,Heinävesi
2018,14.6,KU090,Heinävesi
2019,14.1,KU090,Heinävesi
2020,16.5,KU090,Heinävesi
2021,15.3,KU090,Heinävesi
2022,13.3,KU090,Heinävesi
2023,14.3,KU090,Heinävesi
2024,13.3,KU090,Heinävesi
1987,2.3,KU091,Helsinki
1988,1.8,KU091,Helsinki
1989,1.4,KU091,Helsinki
1990,2.0,KU091,Helsinki
1991,9.1,KU091,Helsinki
1992,14.5,KU091,Helsinki
1993,18.7,KU091,Helsinki
1994,18.2,KU091,Helsinki
1995,17.6,KU091,Helsinki
1996,16.7,KU091,Helsinki
1997,13.7,KU091,Helsinki
1998,11.1,KU091,Helsinki
1999,10.0,KU091,Helsinki
2000,8.4,KU091,Helsinki
2001,8.6,KU091,Helsinki
2002,9.0,KU091,Helsinki
2003,9.7,KU091,Helsinki
2004,9.6,KU091,Helsinki
2005,9.1,KU091,Helsinki
2006,8.0,KU091,Helsinki
2007,6.3,KU091,Helsinki
2008,6.2,KU091,Helsinki
2009,8.4,KU091,Helsinki
2010,7.8,KU091,Helsinki
2011,7.6,KU091,Helsinki
2012,8.3,KU091,Helsinki
2013,10.1,KU091,Helsinki
2014,11.7,KU091,Helsinki
2015,12.4,KU091,Helsinki
2016,12.0,KU091,Helsinki
2017,10.4,KU091,Helsinki
2018,9.1,KU091,Helsinki
2019,9.0,KU091,Helsinki
2020,14.3,KU091,Helsinki
2021,11.0,KU091,Helsinki
2022,10.2,KU091,Helsinki
2023,11.2,KU091,Helsinki
2024,12.3,KU091,Helsinki
1987,7.1,KU097,Hirvensalmi
1988,7.2,KU097,Hirvensalmi
1989,5.7,KU097,Hirvensalmi
1990,8.5,KU097,Hirvensalmi
1991,15.4,KU097,Hirvensalmi
1992,19.3,KU097,Hirvensalmi
1993,24.7,KU097,Hirvensalmi
1994,22.9,KU097,Hirvensalmi
1995,24.0,KU097,Hirvensalmi
1996,23.9,KU097,Hirvensalmi
1997,22.9,KU097,Hirvensalmi
1998,22.0,KU097,Hirvensalmi
1999,22.0,KU097,Hirvensalmi
2000,20.8,KU097,Hirvensalmi
2001,20.0,KU097,Hirvensalmi
2002,18.2,KU097,Hirvensalmi
2003,16.0,KU097,Hirvensalmi
2004,16.3,KU097,Hirvensalmi
2005,14.1,KU097,Hirvensalmi
2006,11.7,KU097,Hirvensalmi
2007,10.8,KU097,Hirvensalmi
2008,13.7,KU097,Hirvensalmi
2009,13.9,KU097,Hirvensalmi
2010,13.5,KU097,Hirvensalmi
2011,12.2,KU097,Hirvensalmi
2012,12.2,KU097,Hirvensalmi
2013,16.6,KU097,Hirvensalmi
2014,16.5,KU097,Hirvensalmi
2015,15.9,KU097,Hirvensalmi
2016,16.6,KU097,Hirvensalmi
2017,16.2,KU097,Hirvensalmi
2018,14.8,KU097,Hirvensalmi
2019,12.4,KU097,Hirvensalmi
2020,15.0,KU097,Hirvensalmi
2021,12.1,KU097,Hirvensalmi
2022,11.8,KU097,Hirvensalmi
2023,14.7,KU097,Hirvensalmi
2024,12.0,KU097,Hirvensalmi
1987,4.2,KU098,Hollola
1988,3.1,KU098,Hollola
1989,2.6,KU098,Hollola
1990,4.4,KU098,Hollola
1991,12.6,KU098,Hollola
1992,18.6,KU098,Hollola
1993,23.4,KU098,Hollola
1994,21.3,KU098,Hollola
1995,19.9,KU098,Hollola
1996,19.0,KU098,Hollola
1997,15.4,KU098,Hollola
1998,14.0,KU098,Hollola
1999,13.9,KU098,Hollola
2000,12.5,KU098,Hollola
2001,11.7,KU098,Hollola
2002,11.7,KU098,Hollola
2003,11.1,KU098,Hollola
2004,10.9,KU098,Hollola
2005,11.0,KU098,Hollola
2006,9.5,KU098,Hollola
2007,7.6,KU098,Hollola
2008,8.3,KU098,Hollola
2009,11.6,KU098,Hollola
2010,10.2,KU098,Hollola
2011,9.2,KU098,Hollola
2012,9.7,KU098,Hollola
2013,11.2,KU098,Hollola
2014,13.4,KU098,Hollola
2015,13.2,KU098,Hollola
2016,12.1,KU098,Hollola
2017,10.5,KU098,Hollola
2018,9.0,KU098,Hollola
2019,9.1,KU098,Hollola
2020,12.9,KU098,Hollola
2021,9.3,KU098,Hollola
2022,8.0,KU098,Hollola
2023,9.0,KU098,Hollola
2024,9.6,KU098,Hollola
1987,5.3,KU102,Huittinen
1988,5.0,KU102,Huittinen
1989,4.0,KU102,Huittinen
1990,5.3,KU102,Huittinen
1991,10.1,KU102,Huittinen
1992,16.2,KU102,Huittinen
1993,20.4,KU102,Huittinen
1994,17.5,KU102,Huittinen
1995,17.2,KU102,Huittinen
1996,15.9,KU102,Huittinen
1997,13.3,KU102,Huittinen
1998,12.6,KU102,Huittinen
1999,11.9,KU102,Huittinen
2000,11.1,KU102,Huittinen
2001,12.7,KU102,Huittinen
2002,12.0,KU102,Huittinen
2003,11.0,KU102,Huittinen
2004,11.1,KU102,Huittinen
2005,10.0,KU102,Huittinen
2006,7.9,KU102,Huittinen
2007,7.4,KU102,Huittinen
2008,8.0,KU102,Huittinen
2009,9.9,KU102,Huittinen
2010,8.8,KU102,Huittinen
2011,8.6,KU102,Huittinen
2012,8.5,KU102,Huittinen
2013,8.6,KU102,Huittinen
2014,10.3,KU102,Huittinen
2015,10.9,KU102,Huittinen
2016,10.1,KU102,Huittinen
2017,8.7,KU102,Huittinen
2018,7.4,KU102,Huittinen
2019,7.5,KU102,Huittinen
2020,9.6,KU102,Huittinen
2021,7.4,KU102,Huittinen
2022,6.8,KU102,Huittinen
2023,8.4,KU102,Huittinen
2024,9.1,KU102,Huittinen
1987,3.7,KU103,Humppila
1988,3.3,KU103,Humppila
1989,2.6,KU103,Humppila
1990,3.6,KU103,Humppila
1991,9.9,KU103,Humppila
1992,19.8,KU103,Humppila
1993,23.6,KU103,Humppila
1994,20.9,KU103,Humppila
1995,21.3,KU103,Humppila
1996,19.3,KU103,Humppila
1997,14.9,KU103,Humppila
1998,13.9,KU103,Humppila
1999,14.2,KU103,Humppila
2000,12.2,KU103,Humppila
2001,12.1,KU103,Humppila
2002,13.5,KU103,Humppila
2003,13.0,KU103,Humppila
2004,12.7,KU103,Humppila
2005,10.2,KU103,Humppila
2006,10.5,KU103,Humppila
2007,8.5,KU103,Humppila
2008,11.3,KU103,Humppila
2009,14.9,KU103,Humppila
2010,11.9,KU103,Humppila
2011,10.9,KU103,Humppila
2012,10.2,KU103,Humppila
2013,15.9,KU103,Humppila
2014,15.0,KU103,Humppila
2015,17.1,KU103,Humppila
2016,13.4,KU103,Humppila
2017,10.0,KU103,Humppila
2018,10.4,KU103,Humppila
2019,10.0,KU103,Humppila
2020,11.8,KU103,Humppila
2021,11.1,KU103,Humppila
2022,10.5,KU103,Humppila
2023,12.6,KU103,Humppila
2024,10.7,KU103,Humppila
1987,22.0,KU105,Hyrynsalmi
1988,16.1,KU105,Hyrynsalmi
1989,11.1,KU105,Hyrynsalmi
1990,12.2,KU105,Hyrynsalmi
1991,19.5,KU105,Hyrynsalmi
1992,33.3,KU105,Hyrynsalmi
1993,33.8,KU105,Hyrynsalmi
1994,27.1,KU105,Hyrynsalmi
1995,31.3,KU105,Hyrynsalmi
1996,32.1,KU105,Hyrynsalmi
1997,26.6,KU105,Hyrynsalmi
1998,27.3,KU105,Hyrynsalmi
1999,29.2,KU105,Hyrynsalmi
2000,27.6,KU105,Hyrynsalmi
2001,29.5,KU105,Hyrynsalmi
2002,29.5,KU105,Hyrynsalmi
2003,25.7,KU105,Hyrynsalmi
2004,26.2,KU105,Hyrynsalmi
2005,25.7,KU105,Hyrynsalmi
2006,22.4,KU105,Hyrynsalmi
2007,20.0,KU105,Hyrynsalmi
2008,18.1,KU105,Hyrynsalmi
2009,19.6,KU105,Hyrynsalmi
2010,17.8,KU105,Hyrynsalmi
2011,17.9,KU105,Hyrynsalmi
2012,17.6,KU105,Hyrynsalmi
2013,20.4,KU105,Hyrynsalmi
2014,22.6,KU105,Hyrynsalmi
2015,23.2,KU105,Hyrynsalmi
2016,19.1,KU105,Hyrynsalmi
2017,18.5,KU105,Hyrynsalmi
2018,14.0,KU105,Hyrynsalmi
2019,12.7,KU105,Hyrynsalmi
2020,15.6,KU105,Hyrynsalmi
2021,13.6,KU105,Hyrynsalmi
2022,15.0,KU105,Hyrynsalmi
2023,13.9,KU105,Hyrynsalmi
2024,14.0,KU105,Hyrynsalmi
1987,3.1,KU106,Hyvinkää
1988,2.8,KU106,Hyvinkää
1989,2.3,KU106,Hyvinkää
1990,3.8,KU106,Hyvinkää
1991,10.2,KU106,Hyvinkää
1992,16.3,KU106,Hyvinkää
1993,20.3,KU106,Hyvinkää
1994,18.9,KU106,Hyvinkää
1995,18.0,KU106,Hyvinkää
1996,17.5,KU106,Hyvinkää
1997,14.6,KU106,Hyvinkää
1998,13.5,KU106,Hyvinkää
1999,12.4,KU106,Hyvinkää
2000,10.4,KU106,Hyvinkää
2001,9.4,KU106,Hyvinkää
2002,9.4,KU106,Hyvinkää
2003,9.8,KU106,Hyvinkää
2004,10.1,KU106,Hyvinkää
2005,9.5,KU106,Hyvinkää
2006,7.9,KU106,Hyvinkää
2007,6.5,KU106,Hyvinkää
2008,6.9,KU106,Hyvinkää
2009,9.4,KU106,Hyvinkää
2010,8.6,KU106,Hyvinkää
2011,8.0,KU106,Hyvinkää
2012,8.8,KU106,Hyvinkää
2013,11.1,KU106,Hyvinkää
2014,12.0,KU106,Hyvinkää
2015,12.8,KU106,Hyvinkää
2016,11.3,KU106,Hyvinkää
2017,9.9,KU106,Hyvinkää
2018,8.4,KU106,Hyvinkää
2019,8.6,KU106,Hyvinkää
2020,13.0,KU106,Hyvinkää
2021,10.0,KU106,Hyvinkää
2022,9.6,KU106,Hyvinkää
2023,10.5,KU106,Hyvinkää
2024,11.5,KU106,Hyvinkää
1987,6.8,KU108,Hämeenkyrö
1988,5.9,KU108,Hämeenkyrö
1989,5.1,KU108,Hämeenkyrö
1990,5.9,KU108,Hämeenkyrö
1991,14.0,KU108,Hämeenkyrö
1992,17.5,KU108,Hämeenkyrö
1993,21.0,KU108,Hämeenkyrö
1994,16.7,KU108,Hämeenkyrö
1995,17.0,KU108,Hämeenkyrö
1996,18.6,KU108,Hämeenkyrö
1997,15.4,KU108,Hämeenkyrö
1998,14.2,KU108,Hämeenkyrö
1999,14.0,KU108,Hämeenkyrö
2000,12.7,KU108,Hämeenkyrö
2001,12.8,KU108,Hämeenkyrö
2002,13.1,KU108,Hämeenkyrö
2003,13.8,KU108,Hämeenkyrö
2004,13.4,KU108,Hämeenkyrö
2005,12.2,KU108,Hämeenkyrö
2006,9.3,KU108,Hämeenkyrö
2007,8.6,KU108,Hämeenkyrö
2008,9.3,KU108,Hämeenkyrö
2009,14.2,KU108,Hämeenkyrö
2010,9.9,KU108,Hämeenkyrö
2011,8.5,KU108,Hämeenkyrö
2012,9.8,KU108,Hämeenkyrö
2013,13.7,KU108,Hämeenkyrö
2014,15.2,KU108,Hämeenkyrö
2015,14.4,KU108,Hämeenkyrö
2016,12.9,KU108,Hämeenkyrö
2017,9.9,KU108,Hämeenkyrö
2018,7.9,KU108,Hämeenkyrö
2019,8.2,KU108,Hämeenkyrö
2020,11.4,KU108,Hämeenkyrö
2021,8.7,KU108,Hämeenkyrö
2022,8.2,KU108,Hämeenkyrö
2023,10.6,KU108,Hämeenkyrö
2024,12.4,KU108,Hämeenkyrö
1987,5.2,KU109,Hämeenlinna
1988,4.5,KU109,Hämeenlinna
1989,2.8,KU109,Hämeenlinna
1990,4.8,KU109,Hämeenlinna
1991,11.8,KU109,Hämeenlinna
1992,17.8,KU109,Hämeenlinna
1993,22.4,KU109,Hämeenlinna
1994,20.8,KU109,Hämeenlinna
1995,20.0,KU109,Hämeenlinna
1996,20.0,KU109,Hämeenlinna
1997,17.1,KU109,Hämeenlinna
1998,15.8,KU109,Hämeenlinna
1999,14.5,KU109,Hämeenlinna
2000,13.4,KU109,Hämeenlinna
2001,12.3,KU109,Hämeenlinna
2002,11.2,KU109,Hämeenlinna
2003,11.5,KU109,Hämeenlinna
2004,11.2,KU109,Hämeenlinna
2005,10.6,KU109,Hämeenlinna
2006,8.7,KU109,Hämeenlinna
2007,7.4,KU109,Hämeenlinna
2008,8.4,KU109,Hämeenlinna
2009,11.2,KU109,Hämeenlinna
2010,10.6,KU109,Hämeenlinna
2011,9.2,KU109,Hämeenlinna
2012,10.1,KU109,Hämeenlinna
2013,11.8,KU109,Hämeenlinna
2014,12.9,KU109,Hämeenlinna
2015,13.6,KU109,Hämeenlinna
2016,13.7,KU109,Hämeenlinna
2017,11.8,KU109,Hämeenlinna
2018,10.8,KU109,Hämeenlinna
2019,10.4,KU109,Hämeenlinna
2020,13.4,KU109,Hämeenlinna
2021,11.4,KU109,Hämeenlinna
2022,10.2,KU109,Hämeenlinna
2023,11.8,KU109,Hämeenlinna
2024,11.9,KU109,Hämeenlinna
1987,15.1,KU139,Ii
1988,11.7,KU139,Ii
1989,10.2,KU139,Ii
1990,12.5,KU139,Ii
1991,20.0,KU139,Ii
1992,27.5,KU139,Ii
1993,31.7,KU139,Ii
1994,30.3,KU139,Ii
1995,28.8,KU139,Ii
1996,28.9,KU139,Ii
1997,26.4,KU139,Ii
1998,24.2,KU139,Ii
1999,20.5,KU139,Ii
2000,18.4,KU139,Ii
2001,19.8,KU139,Ii
2002,19.2,KU139,Ii
2003,17.4,KU139,Ii
2004,18.6,KU139,Ii
2005,17.1,KU139,Ii
2006,14.6,KU139,Ii
2007,12.4,KU139,Ii
2008,14.9,KU139,Ii
2009,16.5,KU139,Ii
2010,14.7,KU139,Ii
2011,14.2,KU139,Ii
2012,15.9,KU139,Ii
2013,18.0,KU139,Ii
2014,19.9,KU139,Ii
2015,19.8,KU139,Ii
2016,18.6,KU139,Ii
2017,15.1,KU139,Ii
2018,12.2,KU139,Ii
2019,12.9,KU139,Ii
2020,14.9,KU139,Ii
2021,12.2,KU139,Ii
2022,12.0,KU139,Ii
2023,14.2,KU139,Ii
2024,14.8,KU139,Ii
1987,8.8,KU140,Iisalmi
1988,8.1,KU140,Iisalmi
1989,6.3,KU140,Iisalmi
1990,9.8,KU140,Iisalmi
1991,14.8,KU140,Iisalmi
1992,20.0,KU140,Iisalmi
1993,24.6,KU140,Iisalmi
1994,23.0,KU140,Iisalmi
1995,23.5,KU140,Iisalmi
1996,23.7,KU140,Iisalmi
1997,21.0,KU140,Iisalmi
1998,18.9,KU140,Iisalmi
1999,19.5,KU140,Iisalmi
2000,19.9,KU140,Iisalmi
2001,18.7,KU140,Iisalmi
2002,17.3,KU140,Iisalmi
2003,17.3,KU140,Iisalmi
2004,16.4,KU140,Iisalmi
2005,16.0,KU140,Iisalmi
2006,14.1,KU140,Iisalmi
2007,12.6,KU140,Iisalmi
2008,13.0,KU140,Iisalmi
2009,17.4,KU140,Iisalmi
2010,13.4,KU140,Iisalmi
2011,12.0,KU140,Iisalmi
2012,13.8,KU140,Iisalmi
2013,16.0,KU140,Iisalmi
2014,17.3,KU140,Iisalmi
2015,17.4,KU140,Iisalmi
2016,15.3,KU140,Iisalmi
2017,13.4,KU140,Iisalmi
2018,12.4,KU140,Iisalmi
2019,12.4,KU140,Iisalmi
2020,16.9,KU140,Iisalmi
2021,12.3,KU140,Iisalmi
2022,12.3,KU140,Iisalmi
2023,13.8,KU140,Iisalmi
2024,14.6,KU140,Iisalmi
1987,5.6,KU142,Iitti
1988,4.6,KU142,Iitti
1989,3.8,KU142,Iitti
1990,6.2,KU142,Iitti
1991,14.0,KU142,Iitti
1992,19.9,KU142,Iitti
1993,22.4,KU142,Iitti
1994,21.8,KU142,Iitti
1995,19.8,KU142,Iitti
1996,22.3,KU142,Iitti
1997,19.6,KU142,Iitti
1998,16.6,KU142,Iitti
1999,16.3,KU142,Iitti
2000,14.6,KU142,Iitti
2001,15.6,KU142,Iitti
2002,15.3,KU142,Iitti
2003,14.7,KU142,Iitti
2004,13.1,KU142,Iitti
2005,12.9,KU142,Iitti
2006,12.0,KU142,Iitti
2007,11.1,KU142,Iitti
2008,11.4,KU142,Iitti
2009,13.7,KU142,Iitti
2010,12.0,KU142,Iitti
2011,11.8,KU142,Iitti
2012,11.8,KU142,Iitti
2013,12.6,KU142,Iitti
2014,15.0,KU142,Iitti
2015,15.7,KU142,Iitti
2016,13.5,KU142,Iitti
2017,12.3,KU142,Iitti
2018,10.5,KU142,Iitti
2019,9.9,KU142,Iitti
2020,12.0,KU142,Iitti
2021,10.7,KU142,Iitti
2022,10.2,KU142,Iitti
2023,12.0,KU142,Iitti
2024,13.0,KU142,Iitti
1987,5.6,KU143,Ikaalinen
1988,5.0,KU143,Ikaalinen
1989,4.5,KU143,Ikaalinen
1990,6.2,KU143,Ikaalinen
1991,13.4,KU143,Ikaalinen
1992,17.7,KU143,Ikaalinen
1993,20.8,KU143,Ikaalinen
1994,17.9,KU143,Ikaalinen
1995,17.2,KU143,Ikaalinen
1996,18.8,KU143,Ikaalinen
1997,15.9,KU143,Ikaalinen
1998,14.4,KU143,Ikaalinen
1999,12.8,KU143,Ikaalinen
2000,11.3,KU143,Ikaalinen
2001,11.8,KU143,Ikaalinen
2002,11.8,KU143,Ikaalinen
2003,11.9,KU143,Ikaalinen
2004,12.6,KU143,Ikaalinen
2005,10.5,KU143,Ikaalinen
2006,8.3,KU143,Ikaalinen
2007,6.7,KU143,Ikaalinen
2008,9.2,KU143,Ikaalinen
2009,11.5,KU143,Ikaalinen
2010,9.9,KU143,Ikaalinen
2011,7.1,KU143,Ikaalinen
2012,10.2,KU143,Ikaalinen
2013,15.2,KU143,Ikaalinen
2014,17.2,KU143,Ikaalinen
2015,17.3,KU143,Ikaalinen
2016,16.0,KU143,Ikaalinen
2017,11.5,KU143,Ikaalinen
2018,9.1,KU143,Ikaalinen
2019,10.4,KU143,Ikaalinen
2020,15.8,KU143,Ikaalinen
2021,10.7,KU143,Ikaalinen
2022,10.0,KU143,Ikaalinen
2023,13.1,KU143,Ikaalinen
2024,13.1,KU143,Ikaalinen
1987,5.6,KU145,Ilmajoki
1988,5.7,KU145,Ilmajoki
1989,5.5,KU145,Ilmajoki
1990,6.8,KU145,Ilmajoki
1991,13.4,KU145,Ilmajoki
1992,19.8,KU145,Ilmajoki
1993,23.4,KU145,Ilmajoki
1994,21.4,KU145,Ilmajoki
1995,21.4,KU145,Ilmajoki
1996,20.8,KU145,Ilmajoki
1997,16.0,KU145,Ilmajoki
1998,14.8,KU145,Ilmajoki
1999,13.7,KU145,Ilmajoki
2000,12.5,KU145,Ilmajoki
2001,12.8,KU145,Ilmajoki
2002,10.7,KU145,Ilmajoki
2003,10.0,KU145,Ilmajoki
2004,9.8,KU145,Ilmajoki
2005,9.4,KU145,Ilmajoki
2006,8.6,KU145,Ilmajoki
2007,6.9,KU145,Ilmajoki
2008,7.8,KU145,Ilmajoki
2009,10.6,KU145,Ilmajoki
2010,8.5,KU145,Ilmajoki
2011,7.9,KU145,Ilmajoki
2012,8.5,KU145,Ilmajoki
2013,9.1,KU145,Ilmajoki
2014,11.2,KU145,Ilmajoki
2015,11.5,KU145,Ilmajoki
2016,10.3,KU145,Ilmajoki
2017,7.8,KU145,Ilmajoki
2018,6.6,KU145,Ilmajoki
2019,6.4,KU145,Ilmajoki
2020,8.5,KU145,Ilmajoki
2021,5.5,KU145,Ilmajoki
2022,6.0,KU145,Ilmajoki
2023,6.6,KU145,Ilmajoki
2024,7.0,KU145,Ilmajoki
1987,12.0,KU146,Ilomantsi
1988,10.3,KU146,Ilomantsi
1989,9.6,KU146,Ilomantsi
1990,12.9,KU146,Ilomantsi
1991,16.4,KU146,Ilomantsi
1992,21.3,KU146,Ilomantsi
1993,26.0,KU146,Ilomantsi
1994,25.1,KU146,Ilomantsi
1995,30.0,KU146,Ilomantsi
1996,29.8,KU146,Ilomantsi
1997,28.0,KU146,Ilomantsi
1998,25.4,KU146,Ilomantsi
1999,24.8,KU146,Ilomantsi
2000,23.6,KU146,Ilomantsi
2001,25.2,KU146,Ilomantsi
2002,23.9,KU146,Ilomantsi
2003,25.6,KU146,Ilomantsi
2004,24.1,KU146,Ilomantsi
2005,21.7,KU146,Ilomantsi
2006,18.1,KU146,Ilomantsi
2007,18.6,KU146,Ilomantsi
2008,17.4,KU146,Ilomantsi
2009,18.2,KU146,Ilomantsi
2010,16.8,KU146,Ilomantsi
2011,15.4,KU146,Ilomantsi
2012,16.9,KU146,Ilomantsi
2013,19.5,KU146,Ilomantsi
2014,19.2,KU146,Ilomantsi
2015,22.8,KU146,Ilomantsi
2016,22.4,KU146,Ilomantsi
2017,20.9,KU146,Ilomantsi
2018,18.4,KU146,Ilomantsi
2019,18.3,KU146,Ilomantsi
2020,22.1,KU146,Ilomantsi
2021,16.5,KU146,Ilomantsi
2022,15.5,KU146,Ilomantsi
2023,16.9,KU146,Ilomantsi
2024,19.3,KU146,Ilomantsi
1987,9.0,KU153,Imatra
1988,7.8,KU153,Imatra
1989,6.9,KU153,Imatra
1990,8.4,KU153,Imatra
1991,17.0,KU153,Imatra
1992,22.9,KU153,Imatra
1993,28.2,KU153,Imatra
1994,26.4,KU153,Imatra
1995,25.9,KU153,Imatra
1996,26.5,KU153,Imatra
1997,22.9,KU153,Imatra
1998,20.6,KU153,Imatra
1999,19.7,KU153,Imatra
2000,16.8,KU153,Imatra
2001,18.4,KU153,Imatra
2002,17.5,KU153,Imatra
2003,17.5,KU153,Imatra
2004,17.4,KU153,Imatra
2005,16.7,KU153,Imatra
2006,15.5,KU153,Imatra
2007,13.7,KU153,Imatra
2008,14.1,KU153,Imatra
2009,17.3,KU153,Imatra
2010,15.4,KU153,Imatra
2011,14.5,KU153,Imatra
2012,15.5,KU153,Imatra
2013,15.8,KU153,Imatra
2014,18.2,KU153,Imatra
2015,19.8,KU153,Imatra
2016,19.5,KU153,Imatra
2017,16.9,KU153,Imatra
2018,14.5,KU153,Imatra
2019,17.7,KU153,Imatra
2020,20.9,KU153,Imatra
2021,14.8,KU153,Imatra
2022,14.7,KU153,Imatra
2023,18.8,KU153,Imatra
2024,18.5,KU153,Imatra
1987,11.9,KU148,Inari
1988,10.0,KU148,Inari
1989,7.3,KU148,Inari
1990,13.8,KU148,Inari
1991,16.6,KU148,Inari
1992,25.0,KU148,Inari
1993,30.4,KU148,Inari
1994,30.7,KU148,Inari
1995,29.5,KU148,Inari
1996,30.5,KU148,Inari
1997,27.0,KU148,Inari
1998,25.9,KU148,Inari
1999,23.6,KU148,Inari
2000,23.5,KU148,Inari
2001,22.6,KU148,Inari
2002,19.9,KU148,Inari
2003,19.2,KU148,Inari
2004,17.1,KU148,Inari
2005,16.7,KU148,Inari
2006,15.3,KU148,Inari
2007,12.0,KU148,Inari
2008,14.3,KU148,Inari
2009,14.3,KU148,Inari
2010,13.6,KU148,Inari
2011,13.9,KU148,Inari
2012,14.8,KU148,Inari
2013,16.0,KU148,Inari
2014,16.2,KU148,Inari
2015,15.5,KU148,Inari
2016,13.8,KU148,Inari
2017,11.4,KU148,Inari
2018,9.3,KU148,Inari
2019,8.8,KU148,Inari
2020,17.8,KU148,Inari
2021,10.6,KU148,Inari
2022,8.3,KU148,Inari
2023,7.7,KU148,Inari
2024,7.9,KU148,Inari
1987,1.5,KU149,Inkoo
1988,2.2,KU149,Inkoo
1989,1.7,KU149,Inkoo
1990,2.7,KU149,Inkoo
1991,6.2,KU149,Inkoo
1992,10.5,KU149,Inkoo
1993,15.5,KU149,Inkoo
1994,15.3,KU149,Inkoo
1995,14.2,KU149,Inkoo
1996,14.3,KU149,Inkoo
1997,11.1,KU149,Inkoo
1998,10.2,KU149,Inkoo
1999,9.1,KU149,Inkoo
2000,7.6,KU149,Inkoo
2001,7.7,KU149,Inkoo
2002,7.4,KU149,Inkoo
2003,7.0,KU149,Inkoo
2004,7.5,KU149,Inkoo
2005,7.0,KU149,Inkoo
2006,6.4,KU149,Inkoo
2007,5.0,KU149,Inkoo
2008,4.4,KU149,Inkoo
2009,5.9,KU149,Inkoo
2010,5.4,KU149,Inkoo
2011,5.4,KU149,Inkoo
2012,6.0,KU149,Inkoo
2013,6.3,KU149,Inkoo
2014,8.0,KU149,Inkoo
2015,9.1,KU149,Inkoo
2016,8.1,KU149,Inkoo
2017,7.4,KU149,Inkoo
2018,6.0,KU149,Inkoo
2019,6.2,KU149,Inkoo
2020,9.6,KU149,Inkoo
2021,6.9,KU149,Inkoo
2022,6.4,KU149,Inkoo
2023,6.2,KU149,Inkoo
2024,5.7,KU149,Inkoo
1987,7.0,KU151,Isojoki
1988,7.4,KU151,Isojoki
1989,8.1,KU151,Isojoki
1990,7.8,KU151,Isojoki
1991,15.7,KU151,Isojoki
1992,19.0,KU151,Isojoki
1993,23.9,KU151,Isojoki
1994,19.4,KU151,Isojoki
1995,20.4,KU151,Isojoki
1996,21.0,KU151,Isojoki
1997,18.1,KU151,Isojoki
1998,15.4,KU151,Isojoki
1999,14.0,KU151,Isojoki
2000,13.3,KU151,Isojoki
2001,12.6,KU151,Isojoki
2002,9.5,KU151,Isojoki
2003,10.5,KU151,Isojoki
2004,9.6,KU151,Isojoki
2005,11.2,KU151,Isojoki
2006,8.7,KU151,Isojoki
2007,8.1,KU151,Isojoki
2008,7.5,KU151,Isojoki
2009,7.7,KU151,Isojoki
2010,6.7,KU151,Isojoki
2011,8.1,KU151,Isojoki
2012,11.1,KU151,Isojoki
2013,8.6,KU151,Isojoki
2014,10.3,KU151,Isojoki
2015,10.3,KU151,Isojoki
2016,10.6,KU151,Isojoki
2017,7.9,KU151,Isojoki
2018,5.8,KU151,Isojoki
2019,5.4,KU151,Isojoki
2020,6.2,KU151,Isojoki
2021,6.6,KU151,Isojoki
2022,6.5,KU151,Isojoki
2023,5.9,KU151,Isojoki
2024,6.2,KU151,Isojoki
1987,4.8,KU152,Isokyrö
1988,4.1,KU152,Isokyrö
1989,3.8,KU152,Isokyrö
1990,4.8,KU152,Isokyrö
1991,10.8,KU152,Isokyrö
1992,18.1,KU152,Isokyrö
1993,18.5,KU152,Isokyrö
1994,18.5,KU152,Isokyrö
1995,18.9,KU152,Isokyrö
1996,16.1,KU152,Isokyrö
1997,14.3,KU152,Isokyrö
1998,13.2,KU152,Isokyrö
1999,13.9,KU152,Isokyrö
2000,9.8,KU152,Isokyrö
2001,9.8,KU152,Isokyrö
2002,9.1,KU152,Isokyrö
2003,9.5,KU152,Isokyrö
2004,9.2,KU152,Isokyrö
2005,8.0,KU152,Isokyrö
2006,6.1,KU152,Isokyrö
2007,5.8,KU152,Isokyrö
2008,5.7,KU152,Isokyrö
2009,8.1,KU152,Isokyrö
2010,6.3,KU152,Isokyrö
2011,5.8,KU152,Isokyrö
2012,7.7,KU152,Isokyrö
2013,9.6,KU152,Isokyrö
2014,10.9,KU152,Isokyrö
2015,11.9,KU152,Isokyrö
2016,11.7,KU152,Isokyrö
2017,9.0,KU152,Isokyrö
2018,6.6,KU152,Isokyrö
2019,7.6,KU152,Isokyrö
2020,11.0,KU152,Isokyrö
2021,6.9,KU152,Isokyrö
2022,5.6,KU152,Isokyrö
2023,7.2,KU152,Isokyrö
2024,7.4,KU152,Isokyrö
1987,4.3,KU165,Janakkala
1988,3.7,KU165,Janakkala
1989,2.1,KU165,Janakkala
1990,4.1,KU165,Janakkala
1991,11.4,KU165,Janakkala
1992,17.9,KU165,Janakkala
1993,20.6,KU165,Janakkala
1994,18.6,KU165,Janakkala
1995,18.9,KU165,Janakkala
1996,17.6,KU165,Janakkala
1997,15.0,KU165,Janakkala
1998,13.7,KU165,Janakkala
1999,12.8,KU165,Janakkala
2000,11.4,KU165,Janakkala
2001,10.2,KU165,Janakkala
2002,10.0,KU165,Janakkala
2003,9.9,KU165,Janakkala
2004,10.6,KU165,Janakkala
2005,9.5,KU165,Janakkala
2006,8.3,KU165,Janakkala
2007,6.9,KU165,Janakkala
2008,7.6,KU165,Janakkala
2009,10.3,KU165,Janakkala
2010,9.5,KU165,Janakkala
2011,8.4,KU165,Janakkala
2012,8.5,KU165,Janakkala
2013,9.8,KU165,Janakkala
2014,10.7,KU165,Janakkala
2015,11.9,KU165,Janakkala
2016,11.8,KU165,Janakkala
2017,9.5,KU165,Janakkala
2018,8.1,KU165,Janakkala
2019,8.4,KU165,Janakkala
2020,12.2,KU165,Janakkala
2021,9.3,KU165,Janakkala
2022,8.0,KU165,Janakkala
2023,9.2,KU165,Janakkala
2024,8.8,KU165,Janakkala
1987,8.6,KU167,Joensuu
1988,7.7,KU167,Joensuu
1989,7.3,KU167,Joensuu
1990,8.9,KU167,Joensuu
1991,14.2,KU167,Joensuu
1992,20.6,KU167,Joensuu
1993,24.9,KU167,Joensuu
1994,24.4,KU167,Joensuu
1995,24.8,KU167,Joensuu
1996,25.4,KU167,Joensuu
1997,23.0,KU167,Joensuu
1998,21.5,KU167,Joensuu
1999,19.6,KU167,Joensuu
2000,18.3,KU167,Joensuu
2001,18.4,KU167,Joensuu
2002,17.5,KU167,Joensuu
2003,17.6,KU167,Joensuu
2004,17.0,KU167,Joensuu
2005,16.0,KU167,Joensuu
2006,15.1,KU167,Joensuu
2007,14.6,KU167,Joensuu
2008,15.6,KU167,Joensuu
2009,16.8,KU167,Joensuu
2010,14.5,KU167,Joensuu
2011,15.0,KU167,Joensuu
2012,15.9,KU167,Joensuu
2013,16.9,KU167,Joensuu
2014,17.6,KU167,Joensuu
2015,18.9,KU167,Joensuu
2016,18.8,KU167,Joensuu
2017,16.4,KU167,Joensuu
2018,14.3,KU167,Joensuu
2019,14.3,KU167,Joensuu
2020,17.2,KU167,Joensuu
2021,14.1,KU167,Joensuu
2022,13.6,KU167,Joensuu
2023,15.1,KU167,Joensuu
2024,16.0,KU167,Joensuu
1987,4.4,KU169,Jokioinen
1988,3.3,KU169,Jokioinen
1989,2.3,KU169,Jokioinen
1990,2.9,KU169,Jokioinen
1991,7.7,KU169,Jokioinen
1992,15.0,KU169,Jokioinen
1993,20.3,KU169,Jokioinen
1994,16.9,KU169,Jokioinen
1995,18.0,KU169,Jokioinen
1996,18.9,KU169,Jokioinen
1997,15.1,KU169,Jokioinen
1998,11.8,KU169,Jokioinen
1999,11.6,KU169,Jokioinen
2000,10.3,KU169,Jokioinen
2001,9.5,KU169,Jokioinen
2002,9.3,KU169,Jokioinen
2003,10.2,KU169,Jokioinen
2004,9.7,KU169,Jokioinen
2005,9.5,KU169,Jokioinen
2006,8.4,KU169,Jokioinen
2007,7.9,KU169,Jokioinen
2008,9.6,KU169,Jokioinen
2009,11.5,KU169,Jokioinen
2010,11.0,KU169,Jokioinen
2011,9.6,KU169,Jokioinen
2012,10.2,KU169,Jokioinen
2013,11.8,KU169,Jokioinen
2014,12.4,KU169,Jokioinen
2015,13.3,KU169,Jokioinen
2016,12.6,KU169,Jokioinen
2017,10.0,KU169,Jokioinen
2018,9.0,KU169,Jokioinen
2019,8.5,KU169,Jokioinen
2020,9.7,KU169,Jokioinen
2021,7.4,KU169,Jokioinen
2022,8.4,KU169,Jokioinen
2023,9.6,KU169,Jokioinen
2024,9.6,KU169,Jokioinen
1987,1.0,KU170,Jomala
1988,0.8,KU170,Jomala
1989,0.4,KU170,Jomala
1990,0.9,KU170,Jomala
1991,2.1,KU170,Jomala
1992,4.9,KU170,Jomala
1993,6.7,KU170,Jomala
1994,7.5,KU170,Jomala
1995,4.9,KU170,Jomala
1996,4.5,KU170,Jomala
1997,3.0,KU170,Jomala
1998,1.9,KU170,Jomala
1999,1.4,KU170,Jomala
2000,1.5,KU170,Jomala
2001,1.6,KU170,Jomala
2002,1.5,KU170,Jomala
2003,1.5,KU170,Jomala
2004,2.0,KU170,Jomala
2005,1.3,KU170,Jomala
2006,1.3,KU170,Jomala
2007,1.4,KU170,Jomala
2008,1.4,KU170,Jomala
2009,2.1,KU170,Jomala
2010,2.0,KU170,Jomala
2011,1.7,KU170,Jomala
2012,2.5,KU170,Jomala
2013,2.3,KU170,Jomala
2014,2.8,KU170,Jomala
2015,2.9,KU170,Jomala
2016,2.6,KU170,Jomala
2017,2.9,KU170,Jomala
2018,2.3,KU170,Jomala
2019,1.7,KU170,Jomala
2020,7.2,KU170,Jomala
2021,3.8,KU170,Jomala
2022,2.7,KU170,Jomala
2023,2.6,KU170,Jomala
2024,3.6,KU170,Jomala
1987,8.4,KU171,Joroinen
1988,6.7,KU171,Joroinen
1989,5.4,KU171,Joroinen
1990,8.2,KU171,Joroinen
1991,14.4,KU171,Joroinen
1992,20.0,KU171,Joroinen
1993,23.8,KU171,Joroinen
1994,22.4,KU171,Joroinen
1995,21.3,KU171,Joroinen
1996,19.9,KU171,Joroinen
1997,17.4,KU171,Joroinen
1998,15.4,KU171,Joroinen
1999,14.1,KU171,Joroinen
2000,14.7,KU171,Joroinen
2001,13.2,KU171,Joroinen
2002,13.5,KU171,Joroinen
2003,12.8,KU171,Joroinen
2004,13.0,KU171,Joroinen
2005,12.4,KU171,Joroinen
2006,11.4,KU171,Joroinen
2007,10.4,KU171,Joroinen
2008,11.4,KU171,Joroinen
2009,14.2,KU171,Joroinen
2010,13.6,KU171,Joroinen
2011,13.8,KU171,Joroinen
2012,13.4,KU171,Joroinen
2013,14.6,KU171,Joroinen
2014,14.3,KU171,Joroinen
2015,16.0,KU171,Joroinen
2016,13.5,KU171,Joroinen
2017,12.1,KU171,Joroinen
2018,9.9,KU171,Joroinen
2019,10.0,KU171,Joroinen
2020,11.6,KU171,Joroinen
2021,9.2,KU171,Joroinen
2022,9.3,KU171,Joroinen
2023,10.6,KU171,Joroinen
2024,11.8,KU171,Joroinen
1987,5.9,KU172,Joutsa
1988,5.3,KU172,Joutsa
1989,4.2,KU172,Joutsa
1990,4.5,KU172,Joutsa
1991,12.6,KU172,Joutsa
1992,15.6,KU172,Joutsa
1993,22.3,KU172,Joutsa
1994,20.7,KU172,Joutsa
1995,21.1,KU172,Joutsa
1996,21.4,KU172,Joutsa
1997,20.4,KU172,Joutsa
1998,19.0,KU172,Joutsa
1999,16.9,KU172,Joutsa
2000,17.1,KU172,Joutsa
2001,15.4,KU172,Joutsa
2002,14.3,KU172,Joutsa
2003,14.4,KU172,Joutsa
2004,14.3,KU172,Joutsa
2005,13.4,KU172,Joutsa
2006,11.1,KU172,Joutsa
2007,9.4,KU172,Joutsa
2008,13.0,KU172,Joutsa
2009,15.0,KU172,Joutsa
2010,14.1,KU172,Joutsa
2011,13.5,KU172,Joutsa
2012,14.1,KU172,Joutsa
2013,17.1,KU172,Joutsa
2014,18.0,KU172,Joutsa
2015,18.0,KU172,Joutsa
2016,18.4,KU172,Joutsa
2017,15.0,KU172,Joutsa
2018,12.5,KU172,Joutsa
2019,11.3,KU172,Joutsa
2020,14.1,KU172,Joutsa
2021,10.8,KU172,Joutsa
2022,13.6,KU172,Joutsa
2023,12.9,KU172,Joutsa
2024,14.3,KU172,Joutsa
1987,14.7,KU176,Juuka
1988,13.6,KU176,Juuka
1989,9.6,KU176,Juuka
1990,11.6,KU176,Juuka
1991,17.9,KU176,Juuka
1992,24.3,KU176,Juuka
1993,27.5,KU176,Juuka
1994,26.1,KU176,Juuka
1995,26.8,KU176,Juuka
1996,26.9,KU176,Juuka
1997,25.7,KU176,Juuka
1998,24.1,KU176,Juuka
1999,24.1,KU176,Juuka
2000,23.0,KU176,Juuka
2001,22.1,KU176,Juuka
2002,20.5,KU176,Juuka
2003,19.2,KU176,Juuka
2004,20.9,KU176,Juuka
2005,17.7,KU176,Juuka
2006,15.2,KU176,Juuka
2007,16.1,KU176,Juuka
2008,15.2,KU176,Juuka
2009,18.1,KU176,Juuka
2010,17.1,KU176,Juuka
2011,15.5,KU176,Juuka
2012,16.4,KU176,Juuka
2013,20.1,KU176,Juuka
2014,22.6,KU176,Juuka
2015,20.3,KU176,Juuka
2016,21.4,KU176,Juuka
2017,19.2,KU176,Juuka
2018,18.6,KU176,Juuka
2019,19.5,KU176,Juuka
2020,20.6,KU176,Juuka
2021,16.9,KU176,Juuka
2022,17.1,KU176,Juuka
2023,19.0,KU176,Juuka
2024,21.4,KU176,Juuka
1987,5.5,KU177,Juupajoki
1988,6.4,KU177,Juupajoki
1989,3.3,KU177,Juupajoki
1990,5.9,KU177,Juupajoki
1991,12.0,KU177,Juupajoki
1992,18.0,KU177,Juupajoki
1993,23.9,KU177,Juupajoki
1994,21.1,KU177,Juupajoki
1995,21.8,KU177,Juupajoki
1996,24.5,KU177,Juupajoki
1997,21.1,KU177,Juupajoki
1998,18.4,KU177,Juupajoki
1999,17.1,KU177,Juupajoki
2000,16.0,KU177,Juupajoki
2001,16.1,KU177,Juupajoki
2002,15.0,KU177,Juupajoki
2003,13.5,KU177,Juupajoki
2004,13.3,KU177,Juupajoki
2005,12.8,KU177,Juupajoki
2006,10.5,KU177,Juupajoki
2007,9.4,KU177,Juupajoki
2008,12.4,KU177,Juupajoki
2009,13.5,KU177,Juupajoki
2010,10.0,KU177,Juupajoki
2011,11.4,KU177,Juupajoki
2012,8.7,KU177,Juupajoki
2013,12.5,KU177,Juupajoki
2014,15.0,KU177,Juupajoki
2015,14.4,KU177,Juupajoki
2016,14.3,KU177,Juupajoki
2017,12.0,KU177,Juupajoki
2018,6.9,KU177,Juupajoki
2019,7.7,KU177,Juupajoki
2020,8.1,KU177,Juupajoki
2021,8.2,KU177,Juupajoki
2022,6.8,KU177,Juupajoki
2023,8.3,KU177,Juupajoki
2024,9.1,KU177,Juupajoki
1987,7.2,KU178,Juva
1988,6.5,KU178,Juva
1989,5.6,KU178,Juva
1990,5.5,KU178,Juva
1991,11.3,KU178,Juva
1992,17.7,KU178,Juva
1993,21.9,KU178,Juva
1994,19.8,KU178,Juva
1995,18.8,KU178,Juva
1996,20.6,KU178,Juva
1997,18.1,KU178,Juva
1998,15.6,KU178,Juva
1999,14.3,KU178,Juva
2000,13.2,KU178,Juva
2001,12.6,KU178,Juva
2002,10.8,KU178,Juva
2003,11.9,KU178,Juva
2004,12.7,KU178,Juva
2005,13.8,KU178,Juva
2006,11.2,KU178,Juva
2007,9.0,KU178,Juva
2008,8.9,KU178,Juva
2009,10.7,KU178,Juva
2010,8.7,KU178,Juva
2011,9.3,KU178,Juva
2012,9.9,KU178,Juva
2013,11.7,KU178,Juva
2014,11.8,KU178,Juva
2015,12.7,KU178,Juva
2016,12.9,KU178,Juva
2017,11.5,KU178,Juva
2018,9.9,KU178,Juva
2019,9.4,KU178,Juva
2020,11.3,KU178,Juva
2021,9.9,KU178,Juva
2022,8.7,KU178,Juva
2023,9.6,KU178,Juva
2024,10.1,KU178,Juva
1987,6.3,KU179,Jyväskylä
1988,5.7,KU179,Jyväskylä
1989,4.6,KU179,Jyväskylä
1990,6.7,KU179,Jyväskylä
1991,12.6,KU179,Jyväskylä
1992,19.2,KU179,Jyväskylä
1993,24.8,KU179,Jyväskylä
1994,23.3,KU179,Jyväskylä
1995,22.4,KU179,Jyväskylä
1996,21.9,KU179,Jyväskylä
1997,20.0,KU179,Jyväskylä
1998,18.6,KU179,Jyväskylä
1999,17.3,KU179,Jyväskylä
2000,15.5,KU179,Jyväskylä
2001,15.1,KU179,Jyväskylä
2002,14.5,KU179,Jyväskylä
2003,14.3,KU179,Jyväskylä
2004,13.9,KU179,Jyväskylä
2005,14.0,KU179,Jyväskylä
2006,12.7,KU179,Jyväskylä
2007,11.5,KU179,Jyväskylä
2008,11.5,KU179,Jyväskylä
2009,14.2,KU179,Jyväskylä
2010,13.1,KU179,Jyväskylä
2011,12.9,KU179,Jyväskylä
2012,14.5,KU179,Jyväskylä
2013,16.9,KU179,Jyväskylä
2014,17.6,KU179,Jyväskylä
2015,17.7,KU179,Jyväskylä
2016,16.8,KU179,Jyväskylä
2017,14.2,KU179,Jyväskylä
2018,12.8,KU179,Jyväskylä
2019,12.7,KU179,Jyväskylä
2020,16.1,KU179,Jyväskylä
2021,13.4,KU179,Jyväskylä
2022,12.4,KU179,Jyväskylä
2023,14.3,KU179,Jyväskylä
2024,15.3,KU179,Jyväskylä
1987,7.1,KU181,Jämijärvi
1988,5.4,KU181,Jämijärvi
1989,4.9,KU181,Jämijärvi
1990,6.5,KU181,Jämijärvi
1991,10.3,KU181,Jämijärvi
1992,15.4,KU181,Jämijärvi
1993,21.8,KU181,Jämijärvi
1994,18.6,KU181,Jämijärvi
1995,17.8,KU181,Jämijärvi
1996,20.3,KU181,Jämijärvi
1997,17.8,KU181,Jämijärvi
1998,16.4,KU181,Jämijärvi
1999,16.7,KU181,Jämijärvi
2000,17.0,KU181,Jämijärvi
2001,15.5,KU181,Jämijärvi
2002,14.8,KU181,Jämijärvi
2003,15.0,KU181,Jämijärvi
2004,14.0,KU181,Jämijärvi
2005,11.9,KU181,Jämijärvi
2006,11.8,KU181,Jämijärvi
2007,10.6,KU181,Jämijärvi
2008,11.7,KU181,Jämijärvi
2009,13.6,KU181,Jämijärvi
2010,11.6,KU181,Jämijärvi
2011,11.2,KU181,Jämijärvi
2012,10.7,KU181,Jämijärvi
2013,9.9,KU181,Jämijärvi
2014,13.2,KU181,Jämijärvi
2015,12.5,KU181,Jämijärvi
2016,12.2,KU181,Jämijärvi
2017,9.0,KU181,Jämijärvi
2018,8.2,KU181,Jämijärvi
2019,9.6,KU181,Jämijärvi
2020,12.3,KU181,Jämijärvi
2021,9.7,KU181,Jämijärvi
2022,7.3,KU181,Jämijärvi
2023,9.0,KU181,Jämijärvi
2024,9.5,KU181,Jämijärvi
1987,6.9,KU182,Jämsä
1988,5.5,KU182,Jämsä
1989,5.7,KU182,Jämsä
1990,8.1,KU182,Jämsä
1991,12.8,KU182,Jämsä
1992,18.8,KU182,Jämsä
1993,22.7,KU182,Jämsä
1994,20.8,KU182,Jämsä
1995,19.7,KU182,Jämsä
1996,20.0,KU182,Jämsä
1997,18.4,KU182,Jämsä
1998,17.6,KU182,Jämsä
1999,17.2,KU182,Jämsä
2000,15.9,KU182,Jämsä
2001,15.3,KU182,Jämsä
2002,14.7,KU182,Jämsä
2003,15.2,KU182,Jämsä
2004,13.7,KU182,Jämsä
2005,14.1,KU182,Jämsä
2006,13.8,KU182,Jämsä
2007,12.4,KU182,Jämsä
2008,13.4,KU182,Jämsä
2009,15.5,KU182,Jämsä
2010,14.2,KU182,Jämsä
2011,14.7,KU182,Jämsä
2012,15.3,KU182,Jämsä
2013,17.7,KU182,Jämsä
2014,18.9,KU182,Jämsä
2015,19.3,KU182,Jämsä
2016,18.4,KU182,Jämsä
2017,15.7,KU182,Jämsä
2018,13.9,KU182,Jämsä
2019,13.4,KU182,Jämsä
2020,15.5,KU182,Jämsä
2021,14.3,KU182,Jämsä
2022,14.0,KU182,Jämsä
2023,13.9,KU182,Jämsä
2024,14.5,KU182,Jämsä
1987,2.4,KU186,Järvenpää
1988,2.2,KU186,Järvenpää
1989,1.4,KU186,Järvenpää
1990,2.9,KU186,Järvenpää
1991,9.6,KU186,Järvenpää
1992,14.9,KU186,Järvenpää
1993,18.7,KU186,Järvenpää
1994,17.2,KU186,Järvenpää
1995,16.6,KU186,Järvenpää
1996,15.1,KU186,Järvenpää
1997,12.9,KU186,Järvenpää
1998,10.1,KU186,Järvenpää
1999,8.4,KU186,Järvenpää
2000,6.8,KU186,Järvenpää
2001,6.9,KU186,Järvenpää
2002,7.1,KU186,Järvenpää
2003,7.3,KU186,Järvenpää
2004,7.6,KU186,Järvenpää
2005,6.9,KU186,Järvenpää
2006,6.2,KU186,Järvenpää
2007,5.2,KU186,Järvenpää
2008,5.7,KU186,Järvenpää
2009,8.1,KU186,Järvenpää
2010,7.3,KU186,Järvenpää
2011,7.1,KU186,Järvenpää
2012,7.3,KU186,Järvenpää
2013,9.0,KU186,Järvenpää
2014,10.2,KU186,Järvenpää
2015,10.9,KU186,Järvenpää
2016,10.5,KU186,Järvenpää
2017,9.2,KU186,Järvenpää
2018,8.2,KU186,Järvenpää
2019,7.9,KU186,Järvenpää
2020,11.7,KU186,Järvenpää
2021,9.0,KU186,Järvenpää
2022,8.9,KU186,Järvenpää
2023,10.5,KU186,Järvenpää
2024,11.8,KU186,Järvenpää
1987,4.1,KU202,Kaarina
1988,3.4,KU202,Kaarina
1989,3.1,KU202,Kaarina
1990,3.5,KU202,Kaarina
1991,9.2,KU202,Kaarina
1992,14.3,KU202,Kaarina
1993,17.7,KU202,Kaarina
1994,14.4,KU202,Kaarina
1995,14.1,KU202,Kaarina
1996,14.8,KU202,Kaarina
1997,12.2,KU202,Kaarina
1998,10.8,KU202,Kaarina
1999,9.6,KU202,Kaarina
2000,8.2,KU202,Kaarina
2001,8.0,KU202,Kaarina
2002,7.8,KU202,Kaarina
2003,8.0,KU202,Kaarina
2004,7.3,KU202,Kaarina
2005,6.4,KU202,Kaarina
2006,5.3,KU202,Kaarina
2007,4.4,KU202,Kaarina
2008,4.9,KU202,Kaarina
2009,7.7,KU202,Kaarina
2010,7.0,KU202,Kaarina
2011,6.0,KU202,Kaarina
2012,7.5,KU202,Kaarina
2013,9.4,KU202,Kaarina
2014,10.3,KU202,Kaarina
2015,11.0,KU202,Kaarina
2016,10.4,KU202,Kaarina
2017,8.0,KU202,Kaarina
2018,6.8,KU202,Kaarina
2019,6.3,KU202,Kaarina
2020,10.2,KU202,Kaarina
2021,6.1,KU202,Kaarina
2022,5.9,KU202,Kaarina
2023,7.1,KU202,Kaarina
2024,7.9,KU202,Kaarina
1987,12.2,KU204,Kaavi
1988,11.8,KU204,Kaavi
1989,8.7,KU204,Kaavi
1990,11.2,KU204,Kaavi
1991,16.3,KU204,Kaavi
1992,25.9,KU204,Kaavi
1993,27.2,KU204,Kaavi
1994,26.0,KU204,Kaavi
1995,26.2,KU204,Kaavi
1996,27.3,KU204,Kaavi
1997,26.5,KU204,Kaavi
1998,24.6,KU204,Kaavi
1999,22.7,KU204,Kaavi
2000,19.8,KU204,Kaavi
2001,20.7,KU204,Kaavi
2002,17.9,KU204,Kaavi
2003,18.5,KU204,Kaavi
2004,17.9,KU204,Kaavi
2005,16.1,KU204,Kaavi
2006,16.8,KU204,Kaavi
2007,12.2,KU204,Kaavi
2008,15.6,KU204,Kaavi
2009,18.2,KU204,Kaavi
2010,14.8,KU204,Kaavi
2011,14.1,KU204,Kaavi
2012,14.3,KU204,Kaavi
2013,16.1,KU204,Kaavi
2014,19.4,KU204,Kaavi
2015,19.9,KU204,Kaavi
2016,17.3,KU204,Kaavi
2017,15.8,KU204,Kaavi
2018,14.3,KU204,Kaavi
2019,15.6,KU204,Kaavi
2020,16.8,KU204,Kaavi
2021,12.2,KU204,Kaavi
2022,14.7,KU204,Kaavi
2023,17.3,KU204,Kaavi
2024,15.9,KU204,Kaavi
1987,9.9,KU205,Kajaani
1988,8.6,KU205,Kajaani
1989,6.7,KU205,Kajaani
1990,9.0,KU205,Kajaani
1991,17.6,KU205,Kajaani
1992,23.9,KU205,Kajaani
1993,25.0,KU205,Kajaani
1994,23.2,KU205,Kajaani
1995,24.3,KU205,Kajaani
1996,25.9,KU205,Kajaani
1997,21.5,KU205,Kajaani
1998,20.5,KU205,Kajaani
1999,20.5,KU205,Kajaani
2000,19.2,KU205,Kajaani
2001,20.0,KU205,Kajaani
2002,19.3,KU205,Kajaani
2003,17.4,KU205,Kajaani
2004,17.4,KU205,Kajaani
2005,17.2,KU205,Kajaani
2006,15.7,KU205,Kajaani
2007,13.4,KU205,Kajaani
2008,15.1,KU205,Kajaani
2009,15.4,KU205,Kajaani
2010,14.1,KU205,Kajaani
2011,13.1,KU205,Kajaani
2012,14.0,KU205,Kajaani
2013,17.2,KU205,Kajaani
2014,18.3,KU205,Kajaani
2015,16.9,KU205,Kajaani
2016,14.5,KU205,Kajaani
2017,13.5,KU205,Kajaani
2018,10.9,KU205,Kajaani
2019,11.1,KU205,Kajaani
2020,11.8,KU205,Kajaani
2021,10.6,KU205,Kajaani
2022,9.8,KU205,Kajaani
2023,10.7,KU205,Kajaani
2024,11.9,KU205,Kajaani
1987,6.9,KU208,Kalajoki
1988,6.6,KU208,Kalajoki
1989,4.6,KU208,Kalajoki
1990,7.8,KU208,Kalajoki
1991,16.2,KU208,Kalajoki
1992,20.2,KU208,Kalajoki
1993,25.2,KU208,Kalajoki
1994,20.2,KU208,Kalajoki
1995,20.0,KU208,Kalajoki
1996,19.5,KU208,Kalajoki
1997,18.8,KU208,Kalajoki
1998,14.2,KU208,Kalajoki
1999,14.1,KU208,Kalajoki
2000,12.4,KU208,Kalajoki
2001,12.0,KU208,Kalajoki
2002,11.1,KU208,Kalajoki
2003,11.8,KU208,Kalajoki
2004,11.6,KU208,Kalajoki
2005,12.6,KU208,Kalajoki
2006,9.6,KU208,Kalajoki
2007,9.0,KU208,Kalajoki
2008,10.5,KU208,Kalajoki
2009,13.5,KU208,Kalajoki
2010,9.9,KU208,Kalajoki
2011,9.1,KU208,Kalajoki
2012,10.5,KU208,Kalajoki
2013,11.1,KU208,Kalajoki
2014,13.5,KU208,Kalajoki
2015,12.7,KU208,Kalajoki
2016,11.0,KU208,Kalajoki
2017,9.2,KU208,Kalajoki
2018,8.0,KU208,Kalajoki
2019,8.1,KU208,Kalajoki
2020,10.6,KU208,Kalajoki
2021,7.6,KU208,Kalajoki
2022,7.4,KU208,Kalajoki
2023,10.8,KU208,Kalajoki
2024,9.1,KU208,Kalajoki
1987,6.2,KU211,Kangasala
1988,5.1,KU211,Kangasala
1989,3.7,KU211,Kangasala
1990,5.9,KU211,Kangasala
1991,12.8,KU211,Kangasala
1992,19.1,KU211,Kangasala
1993,22.4,KU211,Kangasala
1994,18.9,KU211,Kangasala
1995,17.6,KU211,Kangasala
1996,17.8,KU211,Kangasala
1997,14.6,KU211,Kangasala
1998,12.9,KU211,Kangasala
1999,11.7,KU211,Kangasala
2000,10.5,KU211,Kangasala
2001,10.3,KU211,Kangasala
2002,9.4,KU211,Kangasala
2003,9.4,KU211,Kangasala
2004,9.0,KU211,Kangasala
2005,8.3,KU211,Kangasala
2006,6.9,KU211,Kangasala
2007,5.8,KU211,Kangasala
2008,6.8,KU211,Kangasala
2009,10.2,KU211,Kangasala
2010,9.1,KU211,Kangasala
2011,7.4,KU211,Kangasala
2012,8.8,KU211,Kangasala
2013,11.9,KU211,Kangasala
2014,13.3,KU211,Kangasala
2015,13.1,KU211,Kangasala
2016,12.7,KU211,Kangasala
2017,9.5,KU211,Kangasala
2018,7.0,KU211,Kangasala
2019,7.7,KU211,Kangasala
2020,10.5,KU211,Kangasala
2021,7.5,KU211,Kangasala
2022,6.6,KU211,Kangasala
2023,8.3,KU211,Kangasala
2024,9.2,KU211,Kangasala
1987,8.3,KU213,Kangasniemi
1988,7.5,KU213,Kangasniemi
1989,7.2,KU213,Kangasniemi
1990,11.7,KU213,Kangasniemi
1991,17.2,KU213,Kangasniemi
1992,24.5,KU213,Kangasniemi
1993,28.6,KU213,Kangasniemi
1994,26.0,KU213,Kangasniemi
1995,25.5,KU213,Kangasniemi
1996,26.0,KU213,Kangasniemi
1997,22.2,KU213,Kangasniemi
1998,22.6,KU213,Kangasniemi
1999,23.7,KU213,Kangasniemi
2000,22.1,KU213,Kangasniemi
2001,21.7,KU213,Kangasniemi
2002,19.8,KU213,Kangasniemi
2003,17.7,KU213,Kangasniemi
2004,16.3,KU213,Kangasniemi
2005,15.4,KU213,Kangasniemi
2006,14.9,KU213,Kangasniemi
2007,14.2,KU213,Kangasniemi
2008,12.6,KU213,Kangasniemi
2009,13.9,KU213,Kangasniemi
2010,13.0,KU213,Kangasniemi
2011,11.4,KU213,Kangasniemi
2012,13.4,KU213,Kangasniemi
2013,14.0,KU213,Kangasniemi
2014,15.8,KU213,Kangasniemi
2015,15.7,KU213,Kangasniemi
2016,15.7,KU213,Kangasniemi
2017,12.0,KU213,Kangasniemi
2018,10.1,KU213,Kangasniemi
2019,11.6,KU213,Kangasniemi
2020,11.4,KU213,Kangasniemi
2021,10.1,KU213,Kangasniemi
2022,10.2,KU213,Kangasniemi
2023,10.6,KU213,Kangasniemi
2024,12.2,KU213,Kangasniemi
1987,8.9,KU214,Kankaanpää
1988,7.9,KU214,Kankaanpää
1989,6.5,KU214,Kankaanpää
1990,8.2,KU214,Kankaanpää
1991,14.7,KU214,Kankaanpää
1992,19.5,KU214,Kankaanpää
1993,24.0,KU214,Kankaanpää
1994,20.4,KU214,Kankaanpää
1995,21.1,KU214,Kankaanpää
1996,21.6,KU214,Kankaanpää
1997,18.8,KU214,Kankaanpää
1998,17.7,KU214,Kankaanpää
1999,17.5,KU214,Kankaanpää
2000,17.2,KU214,Kankaanpää
2001,17.8,KU214,Kankaanpää
2002,17.6,KU214,Kankaanpää
2003,16.7,KU214,Kankaanpää
2004,15.9,KU214,Kankaanpää
2005,14.5,KU214,Kankaanpää
2006,13.4,KU214,Kankaanpää
2007,10.8,KU214,Kankaanpää
2008,11.3,KU214,Kankaanpää
2009,14.1,KU214,Kankaanpää
2010,11.8,KU214,Kankaanpää
2011,9.8,KU214,Kankaanpää
2012,11.1,KU214,Kankaanpää
2013,11.6,KU214,Kankaanpää
2014,13.9,KU214,Kankaanpää
2015,14.5,KU214,Kankaanpää
2016,13.7,KU214,Kankaanpää
2017,11.3,KU214,Kankaanpää
2018,11.2,KU214,Kankaanpää
2019,12.2,KU214,Kankaanpää
2020,13.9,KU214,Kankaanpää
2021,10.1,KU214,Kankaanpää
2022,10.0,KU214,Kankaanpää
2023,10.3,KU214,Kankaanpää
2024,13.0,KU214,Kankaanpää
1987,14.3,KU216,Kannonkoski
1988,12.1,KU216,Kannonkoski
1989,8.6,KU216,Kannonkoski
1990,11.5,KU216,Kannonkoski
1991,21.7,KU216,Kannonkoski
1992,30.6,KU216,Kannonkoski
1993,34.8,KU216,Kannonkoski
1994,34.1,KU216,Kannonkoski
1995,33.4,KU216,Kannonkoski
1996,29.3,KU216,Kannonkoski
1997,27.3,KU216,Kannonkoski
1998,23.8,KU216,Kannonkoski
1999,20.2,KU216,Kannonkoski
2000,16.5,KU216,Kannonkoski
2001,18.0,KU216,Kannonkoski
2002,18.6,KU216,Kannonkoski
2003,17.9,KU216,Kannonkoski
2004,19.2,KU216,Kannonkoski
2005,18.6,KU216,Kannonkoski
2006,14.8,KU216,Kannonkoski
2007,14.1,KU216,Kannonkoski
2008,13.3,KU216,Kannonkoski
2009,14.6,KU216,Kannonkoski
2010,15.3,KU216,Kannonkoski
2011,14.5,KU216,Kannonkoski
2012,15.6,KU216,Kannonkoski
2013,21.2,KU216,Kannonkoski
2014,22.0,KU216,Kannonkoski
2015,22.5,KU216,Kannonkoski
2016,21.3,KU216,Kannonkoski
2017,15.4,KU216,Kannonkoski
2018,13.8,KU216,Kannonkoski
2019,11.6,KU216,Kannonkoski
2020,17.7,KU216,Kannonkoski
2021,14.1,KU216,Kannonkoski
2022,13.4,KU216,Kannonkoski
2023,13.7,KU216,Kannonkoski
2024,14.9,KU216,Kannonkoski
1987,5.2,KU217,Kannus
1988,4.6,KU217,Kannus
1989,3.5,KU217,Kannus
1990,5.7,KU217,Kannus
1991,12.7,KU217,Kannus
1992,16.0,KU217,Kannus
1993,19.8,KU217,Kannus
1994,15.1,KU217,Kannus
1995,14.8,KU217,Kannus
1996,14.0,KU217,Kannus
1997,11.1,KU217,Kannus
1998,11.0,KU217,Kannus
1999,9.4,KU217,Kannus
2000,10.0,KU217,Kannus
2001,9.0,KU217,Kannus
2002,8.8,KU217,Kannus
2003,8.3,KU217,Kannus
2004,9.2,KU217,Kannus
2005,9.9,KU217,Kannus
2006,7.6,KU217,Kannus
2007,6.6,KU217,Kannus
2008,9.1,KU217,Kannus
2009,10.1,KU217,Kannus
2010,8.2,KU217,Kannus
2011,8.4,KU217,Kannus
2012,9.4,KU217,Kannus
2013,10.9,KU217,Kannus
2014,13.5,KU217,Kannus
2015,12.7,KU217,Kannus
2016,12.5,KU217,Kannus
2017,9.3,KU217,Kannus
2018,8.2,KU217,Kannus
2019,9.6,KU217,Kannus
2020,10.9,KU217,Kannus
2021,7.6,KU217,Kannus
2022,7.3,KU217,Kannus
2023,10.1,KU217,Kannus
2024,9.6,KU217,Kannus
1987,4.8,KU218,Karijoki
1988,6.8,KU218,Karijoki
1989,6.3,KU218,Karijoki
1990,6.9,KU218,Karijoki
1991,11.7,KU218,Karijoki
1992,14.1,KU218,Karijoki
1993,19.5,KU218,Karijoki
1994,16.0,KU218,Karijoki
1995,17.2,KU218,Karijoki
1996,17.4,KU218,Karijoki
1997,17.7,KU218,Karijoki
1998,12.8,KU218,Karijoki
1999,13.2,KU218,Karijoki
2000,12.2,KU218,Karijoki
2001,12.8,KU218,Karijoki
2002,12.8,KU218,Karijoki
2003,9.8,KU218,Karijoki
2004,10.7,KU218,Karijoki
2005,13.2,KU218,Karijoki
2006,11.4,KU218,Karijoki
2007,7.6,KU218,Karijoki
2008,9.2,KU218,Karijoki
2009,9.5,KU218,Karijoki
2010,9.7,KU218,Karijoki
2011,8.9,KU218,Karijoki
2012,9.6,KU218,Karijoki
2013,10.6,KU218,Karijoki
2014,15.0,KU218,Karijoki
2015,14.7,KU218,Karijoki
2016,11.7,KU218,Karijoki
2017,8.2,KU218,Karijoki
2018,7.4,KU218,Karijoki
2019,5.9,KU218,Karijoki
2020,10.5,KU218,Karijoki
2021,7.1,KU218,Karijoki
2022,10.2,KU218,Karijoki
2023,8.5,KU218,Karijoki
2024,9.8,KU218,Karijoki
1987,2.7,KU224,Karkkila
1988,2.4,KU224,Karkkila
1989,1.8,KU224,Karkkila
1990,3.0,KU224,Karkkila
1991,10.7,KU224,Karkkila
1992,19.2,KU224,Karkkila
1993,23.8,KU224,Karkkila
1994,22.2,KU224,Karkkila
1995,21.2,KU224,Karkkila
1996,19.7,KU224,Karkkila
1997,15.2,KU224,Karkkila
1998,11.0,KU224,Karkkila
1999,10.5,KU224,Karkkila
2000,7.4,KU224,Karkkila
2001,8.8,KU224,Karkkila
2002,7.5,KU224,Karkkila
2003,7.9,KU224,Karkkila
2004,7.5,KU224,Karkkila
2005,7.8,KU224,Karkkila
2006,6.9,KU224,Karkkila
2007,6.0,KU224,Karkkila
2008,6.1,KU224,Karkkila
2009,10.9,KU224,Karkkila
2010,8.9,KU224,Karkkila
2011,8.6,KU224,Karkkila
2012,9.4,KU224,Karkkila
2013,13.1,KU224,Karkkila
2014,14.1,KU224,Karkkila
2015,13.8,KU224,Karkkila
2016,12.0,KU224,Karkkila
2017,10.9,KU224,Karkkila
2018,9.4,KU224,Karkkila
2019,10.6,KU224,Karkkila
2020,13.2,KU224,Karkkila
2021,10.5,KU224,Karkkila
2022,10.1,KU224,Karkkila
2023,13.6,KU224,Karkkila
2024,13.2,KU224,Karkkila
1987,8.7,KU226,Karstula
1988,8.7,KU226,Karstula
1989,8.7,KU226,Karstula
1990,10.5,KU226,Karstula
1991,15.1,KU226,Karstula
1992,23.1,KU226,Karstula
1993,25.5,KU226,Karstula
1994,24.3,KU226,Karstula
1995,26.2,KU226,Karstula
1996,25.1,KU226,Karstula
1997,22.5,KU226,Karstula
1998,21.6,KU226,Karstula
1999,20.5,KU226,Karstula
2000,18.7,KU226,Karstula
2001,17.6,KU226,Karstula
2002,16.4,KU226,Karstula
2003,16.0,KU226,Karstula
2004,16.5,KU226,Karstula
2005,14.6,KU226,Karstula
2006,13.9,KU226,Karstula
2007,11.1,KU226,Karstula
2008,13.7,KU226,Karstula
2009,17.9,KU226,Karstula
2010,14.2,KU226,Karstula
2011,14.6,KU226,Karstula
2012,17.8,KU226,Karstula
2013,19.3,KU226,Karstula
2014,23.8,KU226,Karstula
2015,23.5,KU226,Karstula
2016,19.3,KU226,Karstula
2017,16.5,KU226,Karstula
2018,14.3,KU226,Karstula
2019,15.7,KU226,Karstula
2020,17.5,KU226,Karstula
2021,12.7,KU226,Karstula
2022,12.4,KU226,Karstula
2023,13.1,KU226,Karstula
2024,12.4,KU226,Karstula
1987,16.4,KU230,Karvia
1988,9.3,KU230,Karvia
1989,7.9,KU230,Karvia
1990,8.6,KU230,Karvia
1991,17.5,KU230,Karvia
1992,23.1,KU230,Karvia
1993,24.0,KU230,Karvia
1994,25.7,KU230,Karvia
1995,25.1,KU230,Karvia
1996,26.2,KU230,Karvia
1997,20.3,KU230,Karvia
1998,19.6,KU230,Karvia
1999,17.6,KU230,Karvia
2000,17.4,KU230,Karvia
2001,18.6,KU230,Karvia
2002,16.9,KU230,Karvia
2003,16.0,KU230,Karvia
2004,16.8,KU230,Karvia
2005,15.0,KU230,Karvia
2006,12.3,KU230,Karvia
2007,11.6,KU230,Karvia
2008,13.0,KU230,Karvia
2009,15.2,KU230,Karvia
2010,13.4,KU230,Karvia
2011,12.8,KU230,Karvia
2012,12.2,KU230,Karvia
2013,13.8,KU230,Karvia
2014,15.5,KU230,Karvia
2015,17.8,KU230,Karvia
2016,14.8,KU230,Karvia
2017,13.3,KU230,Karvia
2018,9.7,KU230,Karvia
2019,10.4,KU230,Karvia
2020,12.9,KU230,Karvia
2021,9.4,KU230,Karvia
2022,8.9,KU230,Karvia
2023,10.3,KU230,Karvia
2024,10.0,KU230,Karvia
1987,7.3,KU231,Kaskinen
1988,6.2,KU231,Kaskinen
1989,5.9,KU231,Kaskinen
1990,7.4,KU231,Kaskinen
1991,7.7,KU231,Kaskinen
1992,12.2,KU231,Kaskinen
1993,13.9,KU231,Kaskinen
1994,14.4,KU231,Kaskinen
1995,11.2,KU231,Kaskinen
1996,12.3,KU231,Kaskinen
1997,11.0,KU231,Kaskinen
1998,9.3,KU231,Kaskinen
1999,10.7,KU231,Kaskinen
2000,10.3,KU231,Kaskinen
2001,10.6,KU231,Kaskinen
2002,10.1,KU231,Kaskinen
2003,10.3,KU231,Kaskinen
2004,8.2,KU231,Kaskinen
2005,8.9,KU231,Kaskinen
2006,7.0,KU231,Kaskinen
2007,6.1,KU231,Kaskinen
2008,6.9,KU231,Kaskinen
2009,14.5,KU231,Kaskinen
2010,16.6,KU231,Kaskinen
2011,17.8,KU231,Kaskinen
2012,15.6,KU231,Kaskinen
2013,15.7,KU231,Kaskinen
2014,19.8,KU231,Kaskinen
2015,16.0,KU231,Kaskinen
2016,15.4,KU231,Kaskinen
2017,10.3,KU231,Kaskinen
2018,7.9,KU231,Kaskinen
2019,6.9,KU231,Kaskinen
2020,9.7,KU231,Kaskinen
2021,7.9,KU231,Kaskinen
2022,10.3,KU231,Kaskinen
2023,10.0,KU231,Kaskinen
2024,11.0,KU231,Kaskinen
1987,6.8,KU232,Kauhajoki
1988,5.8,KU232,Kauhajoki
1989,6.0,KU232,Kauhajoki
1990,7.2,KU232,Kauhajoki
1991,16.1,KU232,Kauhajoki
1992,21.7,KU232,Kauhajoki
1993,29.2,KU232,Kauhajoki
1994,26.6,KU232,Kauhajoki
1995,27.3,KU232,Kauhajoki
1996,25.8,KU232,Kauhajoki
1997,21.3,KU232,Kauhajoki
1998,19.1,KU232,Kauhajoki
1999,20.1,KU232,Kauhajoki
2000,16.4,KU232,Kauhajoki
2001,16.1,KU232,Kauhajoki
2002,13.8,KU232,Kauhajoki
2003,14.5,KU232,Kauhajoki
2004,13.2,KU232,Kauhajoki
2005,13.0,KU232,Kauhajoki
2006,11.5,KU232,Kauhajoki
2007,10.4,KU232,Kauhajoki
2008,11.2,KU232,Kauhajoki
2009,13.0,KU232,Kauhajoki
2010,11.4,KU232,Kauhajoki
2011,10.5,KU232,Kauhajoki
2012,11.8,KU232,Kauhajoki
2013,13.3,KU232,Kauhajoki
2014,14.3,KU232,Kauhajoki
2015,14.2,KU232,Kauhajoki
2016,13.0,KU232,Kauhajoki
2017,10.7,KU232,Kauhajoki
2018,9.7,KU232,Kauhajoki
2019,10.2,KU232,Kauhajoki
2020,13.6,KU232,Kauhajoki
2021,9.9,KU232,Kauhajoki
2022,10.1,KU232,Kauhajoki
2023,9.7,KU232,Kauhajoki
2024,10.9,KU232,Kauhajoki
1987,3.6,KU233,Kauhava
1988,3.3,KU233,Kauhava
1989,3.1,KU233,Kauhava
1990,5.1,KU233,Kauhava
1991,9.3,KU233,Kauhava
1992,13.5,KU233,Kauhava
1993,16.3,KU233,Kauhava
1994,14.0,KU233,Kauhava
1995,13.6,KU233,Kauhava
1996,12.4,KU233,Kauhava
1997,9.5,KU233,Kauhava
1998,8.3,KU233,Kauhava
1999,8.7,KU233,Kauhava
2000,6.7,KU233,Kauhava
2001,7.2,KU233,Kauhava
2002,6.8,KU233,Kauhava
2003,7.3,KU233,Kauhava
2004,7.5,KU233,Kauhava
2005,6.7,KU233,Kauhava
2006,5.6,KU233,Kauhava
2007,5.3,KU233,Kauhava
2008,5.8,KU233,Kauhava
2009,10.2,KU233,Kauhava
2010,6.6,KU233,Kauhava
2011,6.1,KU233,Kauhava
2012,6.4,KU233,Kauhava
2013,7.7,KU233,Kauhava
2014,8.9,KU233,Kauhava
2015,10.2,KU233,Kauhava
2016,9.0,KU233,Kauhava
2017,8.0,KU233,Kauhava
2018,7.0,KU233,Kauhava
2019,8.1,KU233,Kauhava
2020,11.1,KU233,Kauhava
2021,7.5,KU233,Kauhava
2022,6.7,KU233,Kauhava
2023,8.1,KU233,Kauhava
2024,7.9,KU233,Kauhava
1987,1.2,KU235,Kauniainen
1988,0.9,KU235,Kauniainen
1989,0.6,KU235,Kauniainen
1990,1.1,KU235,Kauniainen
1991,4.9,KU235,Kauniainen
1992,9.1,KU235,Kauniainen
1993,10.7,KU235,Kauniainen
1994,10.7,KU235,Kauniainen
1995,9.8,KU235,Kauniainen
1996,7.4,KU235,Kauniainen
1997,6.4,KU235,Kauniainen
1998,5.4,KU235,Kauniainen
1999,5.1,KU235,Kauniainen
2000,4.3,KU235,Kauniainen
2001,4.0,KU235,Kauniainen
2002,4.3,KU235,Kauniainen
2003,4.1,KU235,Kauniainen
2004,4.4,KU235,Kauniainen
2005,4.3,KU235,Kauniainen
2006,3.6,KU235,Kauniainen
2007,3.1,KU235,Kauniainen
2008,2.9,KU235,Kauniainen
2009,4.8,KU235,Kauniainen
2010,4.1,KU235,Kauniainen
2011,3.6,KU235,Kauniainen
2012,4.8,KU235,Kauniainen
2013,6.3,KU235,Kauniainen
2014,7.1,KU235,Kauniainen
2015,7.3,KU235,Kauniainen
2016,7.3,KU235,Kauniainen
2017,6.0,KU235,Kauniainen
2018,6.0,KU235,Kauniainen
2019,5.3,KU235,Kauniainen
2020,9.0,KU235,Kauniainen
2021,6.2,KU235,Kauniainen
2022,6.0,KU235,Kauniainen
2023,6.3,KU235,Kauniainen
2024,7.6,KU235,Kauniainen
1987,3.6,KU236,Kaustinen
1988,4.6,KU236,Kaustinen
1989,3.5,KU236,Kaustinen
1990,4.5,KU236,Kaustinen
1991,9.6,KU236,Kaustinen
1992,16.4,KU236,Kaustinen
1993,17.5,KU236,Kaustinen
1994,16.4,KU236,Kaustinen
1995,14.9,KU236,Kaustinen
1996,14.0,KU236,Kaustinen
1997,12.6,KU236,Kaustinen
1998,10.6,KU236,Kaustinen
1999,10.8,KU236,Kaustinen
2000,10.0,KU236,Kaustinen
2001,7.7,KU236,Kaustinen
2002,7.1,KU236,Kaustinen
2003,7.8,KU236,Kaustinen
2004,6.6,KU236,Kaustinen
2005,7.2,KU236,Kaustinen
2006,5.0,KU236,Kaustinen
2007,5.5,KU236,Kaustinen
2008,10.0,KU236,Kaustinen
2009,8.8,KU236,Kaustinen
2010,5.6,KU236,Kaustinen
2011,6.3,KU236,Kaustinen
2012,6.4,KU236,Kaustinen
2013,6.7,KU236,Kaustinen
2014,8.1,KU236,Kaustinen
2015,8.9,KU236,Kaustinen
2016,8.2,KU236,Kaustinen
2017,6.5,KU236,Kaustinen
2018,7.0,KU236,Kaustinen
2019,5.9,KU236,Kaustinen
2020,7.6,KU236,Kaustinen
2021,7.5,KU236,Kaustinen
2022,8.7,KU236,Kaustinen
2023,10.7,KU236,Kaustinen
2024,8.1,KU236,Kaustinen
1987,6.5,KU239,Keitele
1988,5.7,KU239,Keitele
1989,3.2,KU239,Keitele
1990,8.2,KU239,Keitele
1991,11.1,KU239,Keitele
1992,18.6,KU239,Keitele
1993,18.6,KU239,Keitele
1994,18.6,KU239,Keitele
1995,17.5,KU239,Keitele
1996,19.0,KU239,Keitele
1997,16.4,KU239,Keitele
1998,14.9,KU239,Keitele
1999,17.0,KU239,Keitele
2000,14.1,KU239,Keitele
2001,15.3,KU239,Keitele
2002,13.1,KU239,Keitele
2003,13.2,KU239,Keitele
2004,14.8,KU239,Keitele
2005,15.5,KU239,Keitele
2006,11.9,KU239,Keitele
2007,12.2,KU239,Keitele
2008,13.5,KU239,Keitele
2009,13.7,KU239,Keitele
2010,12.9,KU239,Keitele
2011,11.9,KU239,Keitele
2012,12.9,KU239,Keitele
2013,13.3,KU239,Keitele
2014,12.2,KU239,Keitele
2015,13.3,KU239,Keitele
2016,11.1,KU239,Keitele
2017,10.3,KU239,Keitele
2018,11.2,KU239,Keitele
2019,9.2,KU239,Keitele
2020,11.1,KU239,Keitele
2021,10.1,KU239,Keitele
2022,8.8,KU239,Keitele
2023,9.7,KU239,Keitele
2024,12.4,KU239,Keitele
1987,12.6,KU240,Kemi
1988,10.7,KU240,Kemi
1989,7.9,KU240,Kemi
1990,11.4,KU240,Kemi
1991,18.0,KU240,Kemi
1992,24.6,KU240,Kemi
1993,27.4,KU240,Kemi
1994,26.2,KU240,Kemi
1995,27.4,KU240,Kemi
1996,27.4,KU240,Kemi
1997,25.8,KU240,Kemi
1998,25.5,KU240,Kemi
1999,25.4,KU240,Kemi
2000,22.7,KU240,Kemi
2001,21.1,KU240,Kemi
2002,19.1,KU240,Kemi
2003,17.8,KU240,Kemi
2004,18.5,KU240,Kemi
2005,19.0,KU240,Kemi
2006,17.0,KU240,Kemi
2007,14.4,KU240,Kemi
2008,14.4,KU240,Kemi
2009,18.5,KU240,Kemi
2010,16.3,KU240,Kemi
2011,15.9,KU240,Kemi
2012,17.0,KU240,Kemi
2013,20.9,KU240,Kemi
2014,22.7,KU240,Kemi
2015,21.1,KU240,Kemi
2016,19.6,KU240,Kemi
2017,17.3,KU240,Kemi
2018,15.6,KU240,Kemi
2019,15.4,KU240,Kemi
2020,18.3,KU240,Kemi
2021,15.1,KU240,Kemi
2022,16.3,KU240,Kemi
2023,15.3,KU240,Kemi
2024,16.2,KU240,Kemi
1987,11.3,KU320,Kemijärvi
1988,8.7,KU320,Kemijärvi
1989,7.8,KU320,Kemijärvi
1990,12.1,KU320,Kemijärvi
1991,20.0,KU320,Kemijärvi
1992,25.3,KU320,Kemijärvi
1993,27.5,KU320,Kemijärvi
1994,24.4,KU320,Kemijärvi
1995,27.5,KU320,Kemijärvi
1996,25.9,KU320,Kemijärvi
1997,22.8,KU320,Kemijärvi
1998,24.9,KU320,Kemijärvi
1999,21.0,KU320,Kemijärvi
2000,20.8,KU320,Kemijärvi
2001,24.2,KU320,Kemijärvi
2002,22.6,KU320,Kemijärvi
2003,21.8,KU320,Kemijärvi
2004,22.8,KU320,Kemijärvi
2005,22.7,KU320,Kemijärvi
2006,20.3,KU320,Kemijärvi
2007,16.9,KU320,Kemijärvi
2008,19.6,KU320,Kemijärvi
2009,20.9,KU320,Kemijärvi
2010,18.9,KU320,Kemijärvi
2011,18.9,KU320,Kemijärvi
2012,21.4,KU320,Kemijärvi
2013,23.2,KU320,Kemijärvi
2014,23.8,KU320,Kemijärvi
2015,21.3,KU320,Kemijärvi
2016,20.4,KU320,Kemijärvi
2017,16.6,KU320,Kemijärvi
2018,15.7,KU320,Kemijärvi
2019,14.9,KU320,Kemijärvi
2020,20.2,KU320,Kemijärvi
2021,15.5,KU320,Kemijärvi
2022,15.9,KU320,Kemijärvi
2023,15.4,KU320,Kemijärvi
2024,16.2,KU320,Kemijärvi
1987,10.3,KU241,Keminmaa
1988,9.1,KU241,Keminmaa
1989,7.2,KU241,Keminmaa
1990,9.3,KU241,Keminmaa
1991,14.6,KU241,Keminmaa
1992,21.5,KU241,Keminmaa
1993,25.7,KU241,Keminmaa
1994,22.9,KU241,Keminmaa
1995,22.8,KU241,Keminmaa
1996,22.8,KU241,Keminmaa
1997,22.6,KU241,Keminmaa
1998,20.0,KU241,Keminmaa
1999,20.7,KU241,Keminmaa
2000,18.2,KU241,Keminmaa
2001,16.8,KU241,Keminmaa
2002,16.4,KU241,Keminmaa
2003,15.0,KU241,Keminmaa
2004,13.7,KU241,Keminmaa
2005,13.7,KU241,Keminmaa
2006,11.6,KU241,Keminmaa
2007,11.6,KU241,Keminmaa
2008,11.3,KU241,Keminmaa
2009,13.8,KU241,Keminmaa
2010,11.6,KU241,Keminmaa
2011,10.4,KU241,Keminmaa
2012,12.1,KU241,Keminmaa
2013,15.4,KU241,Keminmaa
2014,15.9,KU241,Keminmaa
2015,16.0,KU241,Keminmaa
2016,14.6,KU241,Keminmaa
2017,12.3,KU241,Keminmaa
2018,10.0,KU241,Keminmaa
2019,10.1,KU241,Keminmaa
2020,11.5,KU241,Keminmaa
2021,8.8,KU241,Keminmaa
2022,9.2,KU241,Keminmaa
2023,9.1,KU241,Keminmaa
2024,8.8,KU241,Keminmaa
1987,3.7,KU322,Kemiönsaari
1988,3.1,KU322,Kemiönsaari
1989,2.5,KU322,Kemiönsaari
1990,2.7,KU322,Kemiönsaari
1991,6.4,KU322,Kemiönsaari
1992,10.4,KU322,Kemiönsaari
1993,13.5,KU322,Kemiönsaari
1994,13.6,KU322,Kemiönsaari
1995,12.9,KU322,Kemiönsaari
1996,12.6,KU322,Kemiönsaari
1997,11.2,KU322,Kemiönsaari
1998,10.3,KU322,Kemiönsaari
1999,8.4,KU322,Kemiönsaari
2000,7.4,KU322,Kemiönsaari
2001,6.8,KU322,Kemiönsaari
2002,7.0,KU322,Kemiönsaari
2003,7.4,KU322,Kemiönsaari
2004,6.6,KU322,Kemiönsaari
2005,6.5,KU322,Kemiönsaari
2006,5.4,KU322,Kemiönsaari
2007,5.1,KU322,Kemiönsaari
2008,4.7,KU322,Kemiönsaari
2009,7.5,KU322,Kemiönsaari
2010,7.0,KU322,Kemiönsaari
2011,6.1,KU322,Kemiönsaari
2012,10.5,KU322,Kemiönsaari
2013,10.5,KU322,Kemiönsaari
2014,10.4,KU322,Kemiönsaari
2015,11.7,KU322,Kemiönsaari
2016,10.7,KU322,Kemiönsaari
2017,9.4,KU322,Kemiönsaari
2018,8.7,KU322,Kemiönsaari
2019,8.6,KU322,Kemiönsaari
2020,11.1,KU322,Kemiönsaari
2021,8.8,KU322,Kemiönsaari
2022,7.5,KU322,Kemiönsaari
2023,7.1,KU322,Kemiönsaari
2024,7.5,KU322,Kemiönsaari
1987,4.2,KU244,Kempele
1988,4.1,KU244,Kempele
1989,3.7,KU244,Kempele
1990,4.8,KU244,Kempele
1991,10.6,KU244,Kempele
1992,17.2,KU244,Kempele
1993,21.1,KU244,Kempele
1994,19.7,KU244,Kempele
1995,17.8,KU244,Kempele
1996,16.6,KU244,Kempele
1997,14.2,KU244,Kempele
1998,13.1,KU244,Kempele
1999,13.1,KU244,Kempele
2000,10.3,KU244,Kempele
2001,11.7,KU244,Kempele
2002,10.6,KU244,Kempele
2003,10.2,KU244,Kempele
2004,9.7,KU244,Kempele
2005,10.7,KU244,Kempele
2006,9.6,KU244,Kempele
2007,8.9,KU244,Kempele
2008,9.3,KU244,Kempele
2009,12.0,KU244,Kempele
2010,10.1,KU244,Kempele
2011,9.5,KU244,Kempele
2012,11.1,KU244,Kempele
2013,12.3,KU244,Kempele
2014,13.3,KU244,Kempele
2015,13.4,KU244,Kempele
2016,12.7,KU244,Kempele
2017,10.2,KU244,Kempele
2018,8.4,KU244,Kempele
2019,8.0,KU244,Kempele
2020,9.9,KU244,Kempele
2021,7.8,KU244,Kempele
2022,7.7,KU244,Kempele
2023,9.6,KU244,Kempele
2024,9.9,KU244,Kempele
1987,2.0,KU245,Kerava
1988,2.1,KU245,Kerava
1989,1.6,KU245,Kerava
1990,2.3,KU245,Kerava
1991,8.4,KU245,Kerava
1992,14.3,KU245,Kerava
1993,17.9,KU245,Kerava
1994,15.1,KU245,Kerava
1995,14.7,KU245,Kerava
1996,13.0,KU245,Kerava
1997,9.8,KU245,Kerava
1998,7.8,KU245,Kerava
1999,6.4,KU245,Kerava
2000,5.0,KU245,Kerava
2001,5.2,KU245,Kerava
2002,5.2,KU245,Kerava
2003,5.5,KU245,Kerava
2004,6.0,KU245,Kerava
2005,5.4,KU245,Kerava
2006,5.0,KU245,Kerava
2007,4.2,KU245,Kerava
2008,4.5,KU245,Kerava
2009,7.5,KU245,Kerava
2010,6.6,KU245,Kerava
2011,6.6,KU245,Kerava
2012,7.1,KU245,Kerava
2013,9.5,KU245,Kerava
2014,10.6,KU245,Kerava
2015,12.1,KU245,Kerava
2016,11.7,KU245,Kerava
2017,9.6,KU245,Kerava
2018,9.0,KU245,Kerava
2019,9.0,KU245,Kerava
2020,13.4,KU245,Kerava
2021,11.2,KU245,Kerava
2022,9.5,KU245,Kerava
2023,11.5,KU245,Kerava
2024,12.5,KU245,Kerava
1987,6.7,KU249,Keuruu
1988,6.4,KU249,Keuruu
1989,5.1,KU249,Keuruu
1990,8.0,KU249,Keuruu
1991,14.9,KU249,Keuruu
1992,18.3,KU249,Keuruu
1993,22.6,KU249,Keuruu
1994,21.9,KU249,Keuruu
1995,20.1,KU249,Keuruu
1996,20.2,KU249,Keuruu
1997,19.0,KU249,Keuruu
1998,18.9,KU249,Keuruu
1999,17.8,KU249,Keuruu
2000,16.3,KU249,Keuruu
2001,15.8,KU249,Keuruu
2002,15.3,KU249,Keuruu
2003,14.3,KU249,Keuruu
2004,14.0,KU249,Keuruu
2005,13.9,KU249,Keuruu
2006,12.1,KU249,Keuruu
2007,12.2,KU249,Keuruu
2008,13.4,KU249,Keuruu
2009,14.3,KU249,Keuruu
2010,13.2,KU249,Keuruu
2011,14.3,KU249,Keuruu
2012,13.5,KU249,Keuruu
2013,15.8,KU249,Keuruu
2014,16.9,KU249,Keuruu
2015,17.0,KU249,Keuruu
2016,15.5,KU249,Keuruu
2017,14.7,KU249,Keuruu
2018,11.7,KU249,Keuruu
2019,11.3,KU249,Keuruu
2020,13.3,KU249,Keuruu
2021,10.7,KU249,Keuruu
2022,10.4,KU249,Keuruu
2023,13.3,KU249,Keuruu
2024,12.7,KU249,Keuruu
1987,14.8,KU250,Kihniö
1988,12.6,KU250,Kihniö
1989,9.8,KU250,Kihniö
1990,10.3,KU250,Kihniö
1991,22.2,KU250,Kihniö
1992,24.3,KU250,Kihniö
1993,33.6,KU250,Kihniö
1994,27.8,KU250,Kihniö
1995,28.4,KU250,Kihniö
1996,25.8,KU250,Kihniö
1997,21.1,KU250,Kihniö
1998,18.1,KU250,Kihniö
1999,17.0,KU250,Kihniö
2000,15.3,KU250,Kihniö
2001,15.4,KU250,Kihniö
2002,16.5,KU250,Kihniö
2003,15.2,KU250,Kihniö
2004,14.2,KU250,Kihniö
2005,13.8,KU250,Kihniö
2006,10.5,KU250,Kihniö
2007,10.2,KU250,Kihniö
2008,11.8,KU250,Kihniö
2009,13.9,KU250,Kihniö
2010,11.2,KU250,Kihniö
2011,9.5,KU250,Kihniö
2012,9.8,KU250,Kihniö
2013,12.8,KU250,Kihniö
2014,13.2,KU250,Kihniö
2015,16.5,KU250,Kihniö
2016,15.7,KU250,Kihniö
2017,13.5,KU250,Kihniö
2018,9.0,KU250,Kihniö
2019,8.9,KU250,Kihniö
2020,11.5,KU250,Kihniö
2021,7.9,KU250,Kihniö
2022,8.2,KU250,Kihniö
2023,9.0,KU250,Kihniö
2024,8.4,KU250,Kihniö
1987,14.3,KU256,Kinnula
1988,10.8,KU256,Kinnula
1989,10.7,KU256,Kinnula
1990,12.5,KU256,Kinnula
1991,17.4,KU256,Kinnula
1992,26.2,KU256,Kinnula
1993,31.9,KU256,Kinnula
1994,29.3,KU256,Kinnula
1995,31.2,KU256,Kinnula
1996,29.3,KU256,Kinnula
1997,23.9,KU256,Kinnula
1998,23.4,KU256,Kinnula
1999,23.9,KU256,Kinnula
2000,19.4,KU256,Kinnula
2001,21.0,KU256,Kinnula
2002,19.5,KU256,Kinnula
2003,20.1,KU256,Kinnula
2004,19.7,KU256,Kinnula
2005,16.6,KU256,Kinnula
2006,12.4,KU256,Kinnula
2007,9.3,KU256,Kinnula
2008,13.1,KU256,Kinnula
2009,13.2,KU256,Kinnula
2010,11.8,KU256,Kinnula
2011,16.2,KU256,Kinnula
2012,18.4,KU256,Kinnula
2013,19.6,KU256,Kinnula
2014,21.1,KU256,Kinnula
2015,23.0,KU256,Kinnula
2016,19.1,KU256,Kinnula
2017,19.7,KU256,Kinnula
2018,13.3,KU256,Kinnula
2019,13.2,KU256,Kinnula
2020,16.8,KU256,Kinnula
2021,13.5,KU256,Kinnula
2022,13.0,KU256,Kinnula
2023,14.3,KU256,Kinnula
2024,15.0,KU256,Kinnula
1987,1.8,KU257,Kirkkonummi
1988,1.9,KU257,Kirkkonummi
1989,1.5,KU257,Kirkkonummi
1990,1.9,KU257,Kirkkonummi
1991,7.9,KU257,Kirkkonummi
1992,13.9,KU257,Kirkkonummi
1993,16.9,KU257,Kirkkonummi
1994,15.5,KU257,Kirkkonummi
1995,15.0,KU257,Kirkkonummi
1996,13.5,KU257,Kirkkonummi
1997,11.6,KU257,Kirkkonummi
1998,9.4,KU257,Kirkkonummi
1999,8.7,KU257,Kirkkonummi
2000,7.3,KU257,Kirkkonummi
2001,7.2,KU257,Kirkkonummi
2002,7.5,KU257,Kirkkonummi
2003,7.3,KU257,Kirkkonummi
2004,7.1,KU257,Kirkkonummi
2005,6.8,KU257,Kirkkonummi
2006,5.5,KU257,Kirkkonummi
2007,4.8,KU257,Kirkkonummi
2008,5.2,KU257,Kirkkonummi
2009,7.3,KU257,Kirkkonummi
2010,6.3,KU257,Kirkkonummi
2011,5.6,KU257,Kirkkonummi
2012,6.6,KU257,Kirkkonummi
2013,7.9,KU257,Kirkkonummi
2014,9.4,KU257,Kirkkonummi
2015,10.5,KU257,Kirkkonummi
2016,10.1,KU257,Kirkkonummi
2017,8.3,KU257,Kirkkonummi
2018,7.2,KU257,Kirkkonummi
2019,6.8,KU257,Kirkkonummi
2020,10.4,KU257,Kirkkonummi
2021,7.1,KU257,Kirkkonummi
2022,6.7,KU257,Kirkkonummi
2023,8.1,KU257,Kirkkonummi
2024,9.4,KU257,Kirkkonummi
1987,9.5,KU260,Kitee
1988,8.8,KU260,Kitee
1989,8.2,KU260,Kitee
1990,10.0,KU260,Kitee
1991,14.6,KU260,Kitee
1992,21.4,KU260,Kitee
1993,22.0,KU260,Kitee
1994,22.7,KU260,Kitee
1995,22.5,KU260,Kitee
1996,24.4,KU260,Kitee
1997,21.7,KU260,Kitee
1998,20.2,KU260,Kitee
1999,20.2,KU260,Kitee
2000,18.7,KU260,Kitee
2001,18.7,KU260,Kitee
2002,17.6,KU260,Kitee
2003,18.2,KU260,Kitee
2004,18.3,KU260,Kitee
2005,18.7,KU260,Kitee
2006,15.8,KU260,Kitee
2007,14.3,KU260,Kitee
2008,15.8,KU260,Kitee
2009,17.2,KU260,Kitee
2010,15.0,KU260,Kitee
2011,15.3,KU260,Kitee
2012,15.9,KU260,Kitee
2013,18.4,KU260,Kitee
2014,21.4,KU260,Kitee
2015,21.4,KU260,Kitee
2016,19.6,KU260,Kitee
2017,17.8,KU260,Kitee
2018,14.9,KU260,Kitee
2019,15.5,KU260,Kitee
2020,19.6,KU260,Kitee
2021,16.0,KU260,Kitee
2022,14.8,KU260,Kitee
2023,18.5,KU260,Kitee
2024,19.1,KU260,Kitee
1987,17.7,KU261,Kittilä
1988,13.5,KU261,Kittilä
1989,11.2,KU261,Kittilä
1990,12.4,KU261,Kittilä
1991,19.0,KU261,Kittilä
1992,28.1,KU261,Kittilä
1993,30.7,KU261,Kittilä
1994,31.2,KU261,Kittilä
1995,33.8,KU261,Kittilä
1996,32.7,KU261,Kittilä
1997,25.4,KU261,Kittilä
1998,24.6,KU261,Kittilä
1999,21.8,KU261,Kittilä
2000,21.5,KU261,Kittilä
2001,17.7,KU261,Kittilä
2002,16.6,KU261,Kittilä
2003,15.8,KU261,Kittilä
2004,14.4,KU261,Kittilä
2005,13.8,KU261,Kittilä
2006,10.4,KU261,Kittilä
2007,8.5,KU261,Kittilä
2008,8.0,KU261,Kittilä
2009,9.9,KU261,Kittilä
2010,8.7,KU261,Kittilä
2011,9.2,KU261,Kittilä
2012,9.5,KU261,Kittilä
2013,12.5,KU261,Kittilä
2014,12.1,KU261,Kittilä
2015,11.5,KU261,Kittilä
2016,11.0,KU261,Kittilä
2017,9.0,KU261,Kittilä
2018,6.7,KU261,Kittilä
2019,7.9,KU261,Kittilä
2020,14.6,KU261,Kittilä
2021,7.7,KU261,Kittilä
2022,7.6,KU261,Kittilä
2023,6.3,KU261,Kittilä
2024,6.1,KU261,Kittilä
1987,8.8,KU263,Kiuruvesi
1988,7.6,KU263,Kiuruvesi
1989,6.0,KU263,Kiuruvesi
1990,7.6,KU263,Kiuruvesi
1991,11.2,KU263,Kiuruvesi
1992,18.9,KU263,Kiuruvesi
1993,21.6,KU263,Kiuruvesi
1994,21.6,KU263,Kiuruvesi
1995,20.8,KU263,Kiuruvesi
1996,21.8,KU263,Kiuruvesi
1997,20.5,KU263,Kiuruvesi
1998,19.7,KU263,Kiuruvesi
1999,19.8,KU263,Kiuruvesi
2000,18.9,KU263,Kiuruvesi
2001,18.6,KU263,Kiuruvesi
2002,17.1,KU263,Kiuruvesi
2003,16.6,KU263,Kiuruvesi
2004,16.5,KU263,Kiuruvesi
2005,15.0,KU263,Kiuruvesi
2006,13.3,KU263,Kiuruvesi
2007,11.3,KU263,Kiuruvesi
2008,12.3,KU263,Kiuruvesi
2009,15.8,KU263,Kiuruvesi
2010,13.7,KU263,Kiuruvesi
2011,13.0,KU263,Kiuruvesi
2012,13.8,KU263,Kiuruvesi
2013,15.9,KU263,Kiuruvesi
2014,16.8,KU263,Kiuruvesi
2015,17.2,KU263,Kiuruvesi
2016,15.6,KU263,Kiuruvesi
2017,13.6,KU263,Kiuruvesi
2018,13.0,KU263,Kiuruvesi
2019,12.1,KU263,Kiuruvesi
2020,16.8,KU263,Kiuruvesi
2021,11.6,KU263,Kiuruvesi
2022,11.9,KU263,Kiuruvesi
2023,12.6,KU263,Kiuruvesi
2024,13.1,KU263,Kiuruvesi
1987,6.8,KU265,Kivijärvi
1988,8.3,KU265,Kivijärvi
1989,6.4,KU265,Kivijärvi
1990,9.0,KU265,Kivijärvi
1991,21.9,KU265,Kivijärvi
1992,27.4,KU265,Kivijärvi
1993,33.6,KU265,Kivijärvi
1994,28.3,KU265,Kivijärvi
1995,30.7,KU265,Kivijärvi
1996,29.9,KU265,Kivijärvi
1997,26.7,KU265,Kivijärvi
1998,25.9,KU265,Kivijärvi
1999,21.7,KU265,Kivijärvi
2000,23.8,KU265,Kivijärvi
2001,21.7,KU265,Kivijärvi
2002,21.2,KU265,Kivijärvi
2003,19.3,KU265,Kivijärvi
2004,17.5,KU265,Kivijärvi
2005,14.3,KU265,Kivijärvi
2006,14.8,KU265,Kivijärvi
2007,11.3,KU265,Kivijärvi
2008,14.8,KU265,Kivijärvi
2009,17.9,KU265,Kivijärvi
2010,11.9,KU265,Kivijärvi
2011,14.2,KU265,Kivijärvi
2012,15.0,KU265,Kivijärvi
2013,16.0,KU265,Kivijärvi
2014,20.3,KU265,Kivijärvi
2015,20.1,KU265,Kivijärvi
2016,21.2,KU265,Kivijärvi
2017,12.2,KU265,Kivijärvi
2018,13.0,KU265,Kivijärvi
2019,14.6,KU265,Kivijärvi
2020,14.4,KU265,Kivijärvi
2021,14.0,KU265,Kivijärvi
2022,16.5,KU265,Kivijärvi
2023,14.2,KU265,Kivijärvi
2024,15.3,KU265,Kivijärvi
1987,8.4,KU271,Kokemäki
1988,7.8,KU271,Kokemäki
1989,5.9,KU271,Kokemäki
1990,5.7,KU271,Kokemäki
1991,11.7,KU271,Kokemäki
1992,16.4,KU271,Kokemäki
1993,20.7,KU271,Kokemäki
1994,20.0,KU271,Kokemäki
1995,19.3,KU271,Kokemäki
1996,18.0,KU271,Kokemäki
1997,15.2,KU271,Kokemäki
1998,14.8,KU271,Kokemäki
1999,14.3,KU271,Kokemäki
2000,13.0,KU271,Kokemäki
2001,11.6,KU271,Kokemäki
2002,12.7,KU271,Kokemäki
2003,12.4,KU271,Kokemäki
2004,12.8,KU271,Kokemäki
2005,12.6,KU271,Kokemäki
2006,10.5,KU271,Kokemäki
2007,9.1,KU271,Kokemäki
2008,9.4,KU271,Kokemäki
2009,12.8,KU271,Kokemäki
2010,11.2,KU271,Kokemäki
2011,11.0,KU271,Kokemäki
2012,13.2,KU271,Kokemäki
2013,13.4,KU271,Kokemäki
2014,15.3,KU271,Kokemäki
2015,15.0,KU271,Kokemäki
2016,14.9,KU271,Kokemäki
2017,12.6,KU271,Kokemäki
2018,11.4,KU271,Kokemäki
2019,10.5,KU271,Kokemäki
2020,13.0,KU271,Kokemäki
2021,9.7,KU271,Kokemäki
2022,9.5,KU271,Kokemäki
2023,9.3,KU271,Kokemäki
2024,12.0,KU271,Kokemäki
1987,6.0,KU272,Kokkola
1988,6.1,KU272,Kokkola
1989,6.3,KU272,Kokkola
1990,7.6,KU272,Kokkola
1991,14.9,KU272,Kokkola
1992,19.3,KU272,Kokkola
1993,25.1,KU272,Kokkola
1994,22.8,KU272,Kokkola
1995,22.7,KU272,Kokkola
1996,21.9,KU272,Kokkola
1997,19.9,KU272,Kokkola
1998,17.8,KU272,Kokkola
1999,17.3,KU272,Kokkola
2000,16.0,KU272,Kokkola
2001,14.9,KU272,Kokkola
2002,13.2,KU272,Kokkola
2003,13.4,KU272,Kokkola
2004,12.4,KU272,Kokkola
2005,12.0,KU272,Kokkola
2006,10.0,KU272,Kokkola
2007,8.1,KU272,Kokkola
2008,9.1,KU272,Kokkola
2009,11.1,KU272,Kokkola
2010,9.2,KU272,Kokkola
2011,9.1,KU272,Kokkola
2012,9.3,KU272,Kokkola
2013,10.2,KU272,Kokkola
2014,11.9,KU272,Kokkola
2015,12.1,KU272,Kokkola
2016,11.9,KU272,Kokkola
2017,9.4,KU272,Kokkola
2018,7.9,KU272,Kokkola
2019,8.4,KU272,Kokkola
2020,10.6,KU272,Kokkola
2021,8.5,KU272,Kokkola
2022,8.6,KU272,Kokkola
2023,9.6,KU272,Kokkola
2024,9.6,KU272,Kokkola
1987,18.2,KU273,Kolari
1988,14.0,KU273,Kolari
1989,11.9,KU273,Kolari
1990,14.0,KU273,Kolari
1991,19.8,KU273,Kolari
1992,28.6,KU273,Kolari
1993,35.0,KU273,Kolari
1994,32.7,KU273,Kolari
1995,35.4,KU273,Kolari
1996,35.3,KU273,Kolari
1997,30.4,KU273,Kolari
1998,27.3,KU273,Kolari
1999,27.4,KU273,Kolari
2000,23.2,KU273,Kolari
2001,20.5,KU273,Kolari
2002,16.9,KU273,Kolari
2003,21.4,KU273,Kolari
2004,19.8,KU273,Kolari
2005,17.9,KU273,Kolari
2006,15.7,KU273,Kolari
2007,11.8,KU273,Kolari
2008,11.0,KU273,Kolari
2009,13.9,KU273,Kolari
2010,13.8,KU273,Kolari
2011,14.1,KU273,Kolari
2012,15.0,KU273,Kolari
2013,16.6,KU273,Kolari
2014,17.3,KU273,Kolari
2015,16.5,KU273,Kolari
2016,14.0,KU273,Kolari
2017,12.4,KU273,Kolari
2018,9.3,KU273,Kolari
2019,9.3,KU273,Kolari
2020,15.5,KU273,Kolari
2021,9.1,KU273,Kolari
2022,8.1,KU273,Kolari
2023,7.7,KU273,Kolari
2024,7.9,KU273,Kolari
1987,8.0,KU275,Konnevesi
1988,6.4,KU275,Konnevesi
1989,5.8,KU275,Konnevesi
1990,9.4,KU275,Konnevesi
1991,15.3,KU275,Konnevesi
1992,21.0,KU275,Konnevesi
1993,25.4,KU275,Konnevesi
1994,22.5,KU275,Konnevesi
1995,23.8,KU275,Konnevesi
1996,23.5,KU275,Konnevesi
1997,19.5,KU275,Konnevesi
1998,17.4,KU275,Konnevesi
1999,17.2,KU275,Konnevesi
2000,14.8,KU275,Konnevesi
2001,16.9,KU275,Konnevesi
2002,15.1,KU275,Konnevesi
2003,15.8,KU275,Konnevesi
2004,17.1,KU275,Konnevesi
2005,16.0,KU275,Konnevesi
2006,12.2,KU275,Konnevesi
2007,13.0,KU275,Konnevesi
2008,13.2,KU275,Konnevesi
2009,14.8,KU275,Konnevesi
2010,12.4,KU275,Konnevesi
2011,12.3,KU275,Konnevesi
2012,13.9,KU275,Konnevesi
2013,17.7,KU275,Konnevesi
2014,16.4,KU275,Konnevesi
2015,16.4,KU275,Konnevesi
2016,18.4,KU275,Konnevesi
2017,13.9,KU275,Konnevesi
2018,11.8,KU275,Konnevesi
2019,13.0,KU275,Konnevesi
2020,16.6,KU275,Konnevesi
2021,13.7,KU275,Konnevesi
2022,11.7,KU275,Konnevesi
2023,14.9,KU275,Konnevesi
2024,16.1,KU275,Konnevesi
1987,8.1,KU276,Kontiolahti
1988,7.1,KU276,Kontiolahti
1989,6.7,KU276,Kontiolahti
1990,8.2,KU276,Kontiolahti
1991,13.6,KU276,Kontiolahti
1992,17.1,KU276,Kontiolahti
1993,20.3,KU276,Kontiolahti
1994,20.4,KU276,Kontiolahti
1995,20.9,KU276,Kontiolahti
1996,21.4,KU276,Kontiolahti
1997,18.6,KU276,Kontiolahti
1998,17.3,KU276,Kontiolahti
1999,14.3,KU276,Kontiolahti
2000,13.5,KU276,Kontiolahti
2001,13.9,KU276,Kontiolahti
2002,12.6,KU276,Kontiolahti
2003,12.3,KU276,Kontiolahti
2004,12.0,KU276,Kontiolahti
2005,11.0,KU276,Kontiolahti
2006,10.2,KU276,Kontiolahti
2007,10.4,KU276,Kontiolahti
2008,11.2,KU276,Kontiolahti
2009,12.1,KU276,Kontiolahti
2010,10.4,KU276,Kontiolahti
2011,10.0,KU276,Kontiolahti
2012,11.4,KU276,Kontiolahti
2013,11.3,KU276,Kontiolahti
2014,12.9,KU276,Kontiolahti
2015,12.9,KU276,Kontiolahti
2016,12.6,KU276,Kontiolahti
2017,11.2,KU276,Kontiolahti
2018,9.4,KU276,Kontiolahti
2019,10.0,KU276,Kontiolahti
2020,12.0,KU276,Kontiolahti
2021,9.9,KU276,Kontiolahti
2022,9.6,KU276,Kontiolahti
2023,10.6,KU276,Kontiolahti
2024,11.1,KU276,Kontiolahti
1987,2.0,KU280,Korsnäs
1988,2.3,KU280,Korsnäs
1989,4.8,KU280,Korsnäs
1990,7.5,KU280,Korsnäs
1991,9.8,KU280,Korsnäs
1992,15.7,KU280,Korsnäs
1993,17.8,KU280,Korsnäs
1994,13.7,KU280,Korsnäs
1995,10.1,KU280,Korsnäs
1996,8.9,KU280,Korsnäs
1997,7.5,KU280,Korsnäs
1998,6.4,KU280,Korsnäs
1999,8.9,KU280,Korsnäs
2000,7.0,KU280,Korsnäs
2001,6.2,KU280,Korsnäs
2002,5.9,KU280,Korsnäs
2003,5.9,KU280,Korsnäs
2004,5.1,KU280,Korsnäs
2005,4.4,KU280,Korsnäs
2006,4.2,KU280,Korsnäs
2007,4.2,KU280,Korsnäs
2008,5.4,KU280,Korsnäs
2009,8.1,KU280,Korsnäs
2010,5.6,KU280,Korsnäs
2011,4.9,KU280,Korsnäs
2012,4.3,KU280,Korsnäs
2013,6.9,KU280,Korsnäs
2014,6.8,KU280,Korsnäs
2015,6.5,KU280,Korsnäs
2016,9.5,KU280,Korsnäs
2017,8.0,KU280,Korsnäs
2018,6.3,KU280,Korsnäs
2019,6.5,KU280,Korsnäs
2020,9.0,KU280,Korsnäs
2021,6.8,KU280,Korsnäs
2022,8.2,KU280,Korsnäs
2023,7.1,KU280,Korsnäs
2024,7.8,KU280,Korsnäs
1987,2.4,KU284,Koski Tl
1988,2.5,KU284,Koski Tl
1989,1.5,KU284,Koski Tl
1990,1.7,KU284,Koski Tl
1991,6.5,KU284,Koski Tl
1992,12.5,KU284,Koski Tl
1993,14.6,KU284,Koski Tl
1994,12.2,KU284,Koski Tl
1995,10.2,KU284,Koski Tl
1996,12.4,KU284,Koski Tl
1997,10.2,KU284,Koski Tl
1998,8.2,KU284,Koski Tl
1999,8.4,KU284,Koski Tl
2000,8.8,KU284,Koski Tl
2001,8.7,KU284,Koski Tl
2002,7.3,KU284,Koski Tl
2003,8.3,KU284,Koski Tl
2004,7.0,KU284,Koski Tl
2005,6.6,KU284,Koski Tl
2006,6.5,KU284,Koski Tl
2007,4.6,KU284,Koski Tl
2008,4.9,KU284,Koski Tl
2009,8.1,KU284,Koski Tl
2010,6.5,KU284,Koski Tl
2011,6.9,KU284,Koski Tl
2012,8.0,KU284,Koski Tl
2013,9.6,KU284,Koski Tl
2014,9.8,KU284,Koski Tl
2015,10.8,KU284,Koski Tl
2016,10.8,KU284,Koski Tl
2017,7.6,KU284,Koski Tl
2018,6.8,KU284,Koski Tl
2019,7.2,KU284,Koski Tl
2020,11.1,KU284,Koski Tl
2021,7.9,KU284,Koski Tl
2022,7.2,KU284,Koski Tl
2023,7.0,KU284,Koski Tl
2024,9.9,KU284,Koski Tl
1987,9.1,KU285,Kotka
1988,8.9,KU285,Kotka
1989,7.0,KU285,Kotka
1990,9.3,KU285,Kotka
1991,14.4,KU285,Kotka
1992,19.6,KU285,Kotka
1993,22.7,KU285,Kotka
1994,21.4,KU285,Kotka
1995,21.2,KU285,Kotka
1996,22.3,KU285,Kotka
1997,20.2,KU285,Kotka
1998,19.4,KU285,Kotka
1999,19.0,KU285,Kotka
2000,18.3,KU285,Kotka
2001,17.2,KU285,Kotka
2002,16.0,KU285,Kotka
2003,15.3,KU285,Kotka
2004,15.1,KU285,Kotka
2005,14.3,KU285,Kotka
2006,12.6,KU285,Kotka
2007,11.5,KU285,Kotka
2008,12.3,KU285,Kotka
2009,16.2,KU285,Kotka
2010,15.5,KU285,Kotka
2011,16.3,KU285,Kotka
2012,17.3,KU285,Kotka
2013,19.6,KU285,Kotka
2014,21.0,KU285,Kotka
2015,22.6,KU285,Kotka
2016,21.9,KU285,Kotka
2017,17.7,KU285,Kotka
2018,15.6,KU285,Kotka
2019,15.3,KU285,Kotka
2020,17.9,KU285,Kotka
2021,14.7,KU285,Kotka
2022,13.4,KU285,Kotka
2023,15.6,KU285,Kotka
2024,16.3,KU285,Kotka
1987,6.3,KU286,Kouvola
1988,5.5,KU286,Kouvola
1989,4.5,KU286,Kouvola
1990,6.7,KU286,Kouvola
1991,13.2,KU286,Kouvola
1992,18.6,KU286,Kouvola
1993,23.6,KU286,Kouvola
1994,21.7,KU286,Kouvola
1995,21.0,KU286,Kouvola
1996,20.3,KU286,Kouvola
1997,18.5,KU286,Kouvola
1998,17.0,KU286,Kouvola
1999,16.7,KU286,Kouvola
2000,15.4,KU286,Kouvola
2001,14.1,KU286,Kouvola
2002,14.0,KU286,Kouvola
2003,13.6,KU286,Kouvola
2004,13.5,KU286,Kouvola
2005,13.0,KU286,Kouvola
2006,12.2,KU286,Kouvola
2007,10.6,KU286,Kouvola
2008,10.7,KU286,Kouvola
2009,13.5,KU286,Kouvola
2010,12.6,KU286,Kouvola
2011,12.5,KU286,Kouvola
2012,13.5,KU286,Kouvola
2013,15.4,KU286,Kouvola
2014,16.5,KU286,Kouvola
2015,17.2,KU286,Kouvola
2016,16.7,KU286,Kouvola
2017,14.7,KU286,Kouvola
2018,12.9,KU286,Kouvola
2019,12.7,KU286,Kouvola
2020,15.1,KU286,Kouvola
2021,12.0,KU286,Kouvola
2022,11.1,KU286,Kouvola
2023,12.8,KU286,Kouvola
2024,14.4,KU286,Kouvola
1987,4.1,KU287,Kristiinankaupunki
1988,4.2,KU287,Kristiinankaupunki
1989,5.1,KU287,Kristiinankaupunki
1990,6.1,KU287,Kristiinankaupunki
1991,10.6,KU287,Kristiinankaupunki
1992,15.5,KU287,Kristiinankaupunki
1993,18.7,KU287,Kristiinankaupunki
1994,15.8,KU287,Kristiinankaupunki
1995,16.2,KU287,Kristiinankaupunki
1996,14.3,KU287,Kristiinankaupunki
1997,13.0,KU287,Kristiinankaupunki
1998,11.6,KU287,Kristiinankaupunki
1999,12.7,KU287,Kristiinankaupunki
2000,10.6,KU287,Kristiinankaupunki
2001,10.1,KU287,Kristiinankaupunki
2002,9.5,KU287,Kristiinankaupunki
2003,8.5,KU287,Kristiinankaupunki
2004,9.4,KU287,Kristiinankaupunki
2005,10.0,KU287,Kristiinankaupunki
2006,8.4,KU287,Kristiinankaupunki
2007,6.6,KU287,Kristiinankaupunki
2008,7.3,KU287,Kristiinankaupunki
2009,8.8,KU287,Kristiinankaupunki
2010,8.5,KU287,Kristiinankaupunki
2011,7.1,KU287,Kristiinankaupunki
2012,6.5,KU287,Kristiinankaupunki
2013,8.5,KU287,Kristiinankaupunki
2014,9.5,KU287,Kristiinankaupunki
2015,10.0,KU287,Kristiinankaupunki
2016,8.5,KU287,Kristiinankaupunki
2017,6.8,KU287,Kristiinankaupunki
2018,6.0,KU287,Kristiinankaupunki
2019,5.1,KU287,Kristiinankaupunki
2020,6.3,KU287,Kristiinankaupunki
2021,4.5,KU287,Kristiinankaupunki
2022,4.8,KU287,Kristiinankaupunki
2023,6.5,KU287,Kristiinankaupunki
2024,6.4,KU287,Kristiinankaupunki
1987,2.3,KU288,Kruunupyy
1988,1.9,KU288,Kruunupyy
1989,2.8,KU288,Kruunupyy
1990,3.2,KU288,Kruunupyy
1991,7.4,KU288,Kruunupyy
1992,11.1,KU288,Kruunupyy
1993,12.4,KU288,Kruunupyy
1994,13.4,KU288,Kruunupyy
1995,13.2,KU288,Kruunupyy
1996,10.4,KU288,Kruunupyy
1997,10.1,KU288,Kruunupyy
1998,8.6,KU288,Kruunupyy
1999,9.3,KU288,Kruunupyy
2000,7.9,KU288,Kruunupyy
2001,6.5,KU288,Kruunupyy
2002,5.2,KU288,Kruunupyy
2003,5.4,KU288,Kruunupyy
2004,6.1,KU288,Kruunupyy
2005,5.6,KU288,Kruunupyy
2006,4.1,KU288,Kruunupyy
2007,3.4,KU288,Kruunupyy
2008,5.7,KU288,Kruunupyy
2009,7.6,KU288,Kruunupyy
2010,5.7,KU288,Kruunupyy
2011,4.5,KU288,Kruunupyy
2012,5.3,KU288,Kruunupyy
2013,6.7,KU288,Kruunupyy
2014,6.3,KU288,Kruunupyy
2015,6.9,KU288,Kruunupyy
2016,6.1,KU288,Kruunupyy
2017,5.4,KU288,Kruunupyy
2018,4.6,KU288,Kruunupyy
2019,4.0,KU288,Kruunupyy
2020,6.4,KU288,Kruunupyy
2021,4.1,KU288,Kruunupyy
2022,5.2,KU288,Kruunupyy
2023,6.1,KU288,Kruunupyy
2024,6.0,KU288,Kruunupyy
1987,19.1,KU290,Kuhmo
1988,15.3,KU290,Kuhmo
1989,13.3,KU290,Kuhmo
1990,14.3,KU290,Kuhmo
1991,21.0,KU290,Kuhmo
1992,32.0,KU290,Kuhmo
1993,35.1,KU290,Kuhmo
1994,32.8,KU290,Kuhmo
1995,33.5,KU290,Kuhmo
1996,36.4,KU290,Kuhmo
1997,33.7,KU290,Kuhmo
1998,29.6,KU290,Kuhmo
1999,25.9,KU290,Kuhmo
2000,26.9,KU290,Kuhmo
2001,27.5,KU290,Kuhmo
2002,28.1,KU290,Kuhmo
2003,26.0,KU290,Kuhmo
2004,25.2,KU290,Kuhmo
2005,25.0,KU290,Kuhmo
2006,22.4,KU290,Kuhmo
2007,18.2,KU290,Kuhmo
2008,21.1,KU290,Kuhmo
2009,21.6,KU290,Kuhmo
2010,19.6,KU290,Kuhmo
2011,19.0,KU290,Kuhmo
2012,20.6,KU290,Kuhmo
2013,22.9,KU290,Kuhmo
2014,23.2,KU290,Kuhmo
2015,23.9,KU290,Kuhmo
2016,19.9,KU290,Kuhmo
2017,18.8,KU290,Kuhmo
2018,15.3,KU290,Kuhmo
2019,13.9,KU290,Kuhmo
2020,15.4,KU290,Kuhmo
2021,12.9,KU290,Kuhmo
2022,12.8,KU290,Kuhmo
2023,12.9,KU290,Kuhmo
2024,14.3,KU290,Kuhmo
1987,8.0,KU291,Kuhmoinen
1988,7.3,KU291,Kuhmoinen
1989,8.4,KU291,Kuhmoinen
1990,9.3,KU291,Kuhmoinen
1991,16.0,KU291,Kuhmoinen
1992,23.0,KU291,Kuhmoinen
1993,29.1,KU291,Kuhmoinen
1994,26.1,KU291,Kuhmoinen
1995,27.4,KU291,Kuhmoinen
1996,25.3,KU291,Kuhmoinen
1997,23.6,KU291,Kuhmoinen
1998,18.9,KU291,Kuhmoinen
1999,19.5,KU291,Kuhmoinen
2000,21.1,KU291,Kuhmoinen
2001,17.3,KU291,Kuhmoinen
2002,17.0,KU291,Kuhmoinen
2003,18.8,KU291,Kuhmoinen
2004,17.8,KU291,Kuhmoinen
2005,18.0,KU291,Kuhmoinen
2006,17.7,KU291,Kuhmoinen
2007,14.0,KU291,Kuhmoinen
2008,13.9,KU291,Kuhmoinen
2009,20.5,KU291,Kuhmoinen
2010,16.4,KU291,Kuhmoinen
2011,14.5,KU291,Kuhmoinen
2012,15.4,KU291,Kuhmoinen
2013,18.7,KU291,Kuhmoinen
2014,18.2,KU291,Kuhmoinen
2015,19.2,KU291,Kuhmoinen
2016,18.3,KU291,Kuhmoinen
2017,14.5,KU291,Kuhmoinen
2018,12.7,KU291,Kuhmoinen
2019,11.5,KU291,Kuhmoinen
2020,14.2,KU291,Kuhmoinen
2021,12.9,KU291,Kuhmoinen
2022,10.3,KU291,Kuhmoinen
2023,11.9,KU291,Kuhmoinen
2024,11.0,KU291,Kuhmoinen
1987,1.5,KU295,Kumlinge
1988,1.5,KU295,Kumlinge
1989,0.5,KU295,Kumlinge
1990,1.4,KU295,Kumlinge
1991,3.9,KU295,Kumlinge
1992,5.1,KU295,Kumlinge
1993,9.5,KU295,Kumlinge
1994,6.1,KU295,Kumlinge
1995,6.3,KU295,Kumlinge
1996,7.9,KU295,Kumlinge
1997,5.8,KU295,Kumlinge
1998,6.7,KU295,Kumlinge
1999,6.9,KU295,Kumlinge
2000,4.5,KU295,Kumlinge
2001,3.3,KU295,Kumlinge
2002,2.9,KU295,Kumlinge
2003,7.0,KU295,Kumlinge
2004,4.4,KU295,Kumlinge
2005,5.3,KU295,Kumlinge
2006,1.3,KU295,Kumlinge
2007,1.2,KU295,Kumlinge
2008,0.6,KU295,Kumlinge
2009,1.2,KU295,Kumlinge
2010,4.4,KU295,Kumlinge
2011,2.6,KU295,Kumlinge
2012,5.9,KU295,Kumlinge
2013,7.9,KU295,Kumlinge
2014,5.2,KU295,Kumlinge
2015,6.1,KU295,Kumlinge
2016,4.2,KU295,Kumlinge
2017,5.0,KU295,Kumlinge
2018,2.1,KU295,Kumlinge
2019,2.2,KU295,Kumlinge
2020,7.1,KU295,Kumlinge
2021,5.3,KU295,Kumlinge
2022,1.6,KU295,Kumlinge
2023,2.5,KU295,Kumlinge
2024,3.5,KU295,Kumlinge
1987,7.2,KU297,Kuopio
1988,6.2,KU297,Kuopio
1989,5.5,KU297,Kuopio
1990,6.2,KU297,Kuopio
1991,12.8,KU297,Kuopio
1992,18.1,KU297,Kuopio
1993,23.2,KU297,Kuopio
1994,21.7,KU297,Kuopio
1995,21.7,KU297,Kuopio
1996,21.6,KU297,Kuopio
1997,19.1,KU297,Kuopio
1998,17.6,KU297,Kuopio
1999,16.8,KU297,Kuopio
2000,15.9,KU297,Kuopio
2001,14.9,KU297,Kuopio
2002,14.0,KU297,Kuopio
2003,13.7,KU297,Kuopio
2004,12.9,KU297,Kuopio
2005,12.6,KU297,Kuopio
2006,11.1,KU297,Kuopio
2007,10.1,KU297,Kuopio
2008,11.2,KU297,Kuopio
2009,12.5,KU297,Kuopio
2010,11.5,KU297,Kuopio
2011,10.5,KU297,Kuopio
2012,10.8,KU297,Kuopio
2013,12.4,KU297,Kuopio
2014,14.0,KU297,Kuopio
2015,14.6,KU297,Kuopio
2016,13.8,KU297,Kuopio
2017,12.0,KU297,Kuopio
2018,10.5,KU297,Kuopio
2019,10.9,KU297,Kuopio
2020,13.2,KU297,Kuopio
2021,10.5,KU297,Kuopio
2022,10.0,KU297,Kuopio
2023,11.4,KU297,Kuopio
2024,12.4,KU297,Kuopio
1987,5.3,KU300,Kuortane
1988,5.0,KU300,Kuortane
1989,4.8,KU300,Kuortane
1990,4.1,KU300,Kuortane
1991,10.5,KU300,Kuortane
1992,16.2,KU300,Kuortane
1993,19.3,KU300,Kuortane
1994,16.2,KU300,Kuortane
1995,16.0,KU300,Kuortane
1996,15.8,KU300,Kuortane
1997,13.8,KU300,Kuortane
1998,13.6,KU300,Kuortane
1999,11.7,KU300,Kuortane
2000,9.0,KU300,Kuortane
2001,10.8,KU300,Kuortane
2002,10.8,KU300,Kuortane
2003,8.8,KU300,Kuortane
2004,9.3,KU300,Kuortane
2005,6.2,KU300,Kuortane
2006,5.5,KU300,Kuortane
2007,5.1,KU300,Kuortane
2008,6.7,KU300,Kuortane
2009,8.2,KU300,Kuortane
2010,8.4,KU300,Kuortane
2011,8.6,KU300,Kuortane
2012,8.5,KU300,Kuortane
2013,8.9,KU300,Kuortane
2014,10.0,KU300,Kuortane
2015,10.3,KU300,Kuortane
2016,9.8,KU300,Kuortane
2017,7.1,KU300,Kuortane
2018,5.8,KU300,Kuortane
2019,6.6,KU300,Kuortane
2020,6.9,KU300,Kuortane
2021,4.5,KU300,Kuortane
2022,5.1,KU300,Kuortane
2023,6.4,KU300,Kuortane
2024,6.0,KU300,Kuortane
1987,6.9,KU301,Kurikka
1988,6.3,KU301,Kurikka
1989,5.4,KU301,Kurikka
1990,7.0,KU301,Kurikka
1991,14.7,KU301,Kurikka
1992,20.5,KU301,Kurikka
1993,24.2,KU301,Kurikka
1994,21.5,KU301,Kurikka
1995,20.4,KU301,Kurikka
1996,19.4,KU301,Kurikka
1997,15.8,KU301,Kurikka
1998,14.8,KU301,Kurikka
1999,14.7,KU301,Kurikka
2000,12.6,KU301,Kurikka
2001,13.3,KU301,Kurikka
2002,12.3,KU301,Kurikka
2003,11.7,KU301,Kurikka
2004,10.9,KU301,Kurikka
2005,10.6,KU301,Kurikka
2006,9.1,KU301,Kurikka
2007,7.9,KU301,Kurikka
2008,10.4,KU301,Kurikka
2009,14.3,KU301,Kurikka
2010,10.2,KU301,Kurikka
2011,9.7,KU301,Kurikka
2012,11.3,KU301,Kurikka
2013,12.5,KU301,Kurikka
2014,13.9,KU301,Kurikka
2015,13.8,KU301,Kurikka
2016,12.4,KU301,Kurikka
2017,9.5,KU301,Kurikka
2018,8.1,KU301,Kurikka
2019,8.4,KU301,Kurikka
2020,11.4,KU301,Kurikka
2021,8.6,KU301,Kurikka
2022,8.6,KU301,Kurikka
2023,8.4,KU301,Kurikka
2024,8.7,KU301,Kurikka
1987,4.0,KU304,Kustavi
1988,3.4,KU304,Kustavi
1989,4.6,KU304,Kustavi
1990,4.6,KU304,Kustavi
1991,9.2,KU304,Kustavi
1992,16.0,KU304,Kustavi
1993,19.1,KU304,Kustavi
1994,15.7,KU304,Kustavi
1995,17.6,KU304,Kustavi
1996,17.2,KU304,Kustavi
1997,14.1,KU304,Kustavi
1998,11.8,KU304,Kustavi
1999,10.8,KU304,Kustavi
2000,9.3,KU304,Kustavi
2001,8.3,KU304,Kustavi
2002,10.5,KU304,Kustavi
2003,8.9,KU304,Kustavi
2004,9.8,KU304,Kustavi
2005,7.1,KU304,Kustavi
2006,7.3,KU304,Kustavi
2007,7.3,KU304,Kustavi
2008,9.1,KU304,Kustavi
2009,7.4,KU304,Kustavi
2010,8.2,KU304,Kustavi
2011,6.2,KU304,Kustavi
2012,5.8,KU304,Kustavi
2013,14.0,KU304,Kustavi
2014,11.6,KU304,Kustavi
2015,16.1,KU304,Kustavi
2016,12.3,KU304,Kustavi
2017,13.2,KU304,Kustavi
2018,10.6,KU304,Kustavi
2019,9.9,KU304,Kustavi
2020,12.1,KU304,Kustavi
2021,7.4,KU304,Kustavi
2022,7.9,KU304,Kustavi
2023,9.1,KU304,Kustavi
2024,11.9,KU304,Kustavi
1987,13.5,KU305,Kuusamo
1988,9.8,KU305,Kuusamo
1989,7.2,KU305,Kuusamo
1990,11.9,KU305,Kuusamo
1991,17.2,KU305,Kuusamo
1992,25.7,KU305,Kuusamo
1993,31.2,KU305,Kuusamo
1994,27.9,KU305,Kuusamo
1995,27.8,KU305,Kuusamo
1996,29.1,KU305,Kuusamo
1997,26.0,KU305,Kuusamo
1998,24.3,KU305,Kuusamo
1999,19.8,KU305,Kuusamo
2000,19.7,KU305,Kuusamo
2001,19.2,KU305,Kuusamo
2002,17.4,KU305,Kuusamo
2003,16.5,KU305,Kuusamo
2004,14.8,KU305,Kuusamo
2005,15.0,KU305,Kuusamo
2006,14.2,KU305,Kuusamo
2007,11.0,KU305,Kuusamo
2008,11.3,KU305,Kuusamo
2009,14.2,KU305,Kuusamo
2010,12.4,KU305,Kuusamo
2011,12.3,KU305,Kuusamo
2012,12.7,KU305,Kuusamo
2013,16.1,KU305,Kuusamo
2014,16.6,KU305,Kuusamo
2015,15.2,KU305,Kuusamo
2016,14.0,KU305,Kuusamo
2017,11.9,KU305,Kuusamo
2018,10.2,KU305,Kuusamo
2019,10.2,KU305,Kuusamo
2020,13.3,KU305,Kuusamo
2021,9.6,KU305,Kuusamo
2022,10.0,KU305,Kuusamo
2023,12.1,KU305,Kuusamo
2024,12.7,KU305,Kuusamo
1987,8.3,KU312,Kyyjärvi
1988,4.6,KU312,Kyyjärvi
1989,5.3,KU312,Kyyjärvi
1990,7.2,KU312,Kyyjärvi
1991,11.8,KU312,Kyyjärvi
1992,19.6,KU312,Kyyjärvi
1993,24.7,KU312,Kyyjärvi
1994,18.9,KU312,Kyyjärvi
1995,21.3,KU312,Kyyjärvi
1996,20.7,KU312,Kyyjärvi
1997,18.2,KU312,Kyyjärvi
1998,15.9,KU312,Kyyjärvi
1999,17.7,KU312,Kyyjärvi
2000,14.9,KU312,Kyyjärvi
2001,14.9,KU312,Kyyjärvi
2002,13.6,KU312,Kyyjärvi
2003,16.7,KU312,Kyyjärvi
2004,14.2,KU312,Kyyjärvi
2005,13.7,KU312,Kyyjärvi
2006,12.9,KU312,Kyyjärvi
2007,12.8,KU312,Kyyjärvi
2008,14.3,KU312,Kyyjärvi
2009,14.2,KU312,Kyyjärvi
2010,12.0,KU312,Kyyjärvi
2011,13.0,KU312,Kyyjärvi
2012,14.5,KU312,Kyyjärvi
2013,15.7,KU312,Kyyjärvi
2014,18.4,KU312,Kyyjärvi
2015,18.7,KU312,Kyyjärvi
2016,17.5,KU312,Kyyjärvi
2017,13.6,KU312,Kyyjärvi
2018,11.1,KU312,Kyyjärvi
2019,13.1,KU312,Kyyjärvi
2020,15.2,KU312,Kyyjärvi
2021,8.7,KU312,Kyyjärvi
2022,8.5,KU312,Kyyjärvi
2023,9.7,KU312,Kyyjärvi
2024,9.8,KU312,Kyyjärvi
1987,4.1,KU316,Kärkölä
1988,4.1,KU316,Kärkölä
1989,2.7,KU316,Kärkölä
1990,4.7,KU316,Kärkölä
1991,12.8,KU316,Kärkölä
1992,18.9,KU316,Kärkölä
1993,22.7,KU316,Kärkölä
1994,18.4,KU316,Kärkölä
1995,18.6,KU316,Kärkölä
1996,18.5,KU316,Kärkölä
1997,15.5,KU316,Kärkölä
1998,14.2,KU316,Kärkölä
1999,13.8,KU316,Kärkölä
2000,12.3,KU316,Kärkölä
2001,12.7,KU316,Kärkölä
2002,13.1,KU316,Kärkölä
2003,12.1,KU316,Kärkölä
2004,11.9,KU316,Kärkölä
2005,11.3,KU316,Kärkölä
2006,9.4,KU316,Kärkölä
2007,7.7,KU316,Kärkölä
2008,9.1,KU316,Kärkölä
2009,14.7,KU316,Kärkölä
2010,9.7,KU316,Kärkölä
2011,9.1,KU316,Kärkölä
2012,10.2,KU316,Kärkölä
2013,10.3,KU316,Kärkölä
2014,12.9,KU316,Kärkölä
2015,13.6,KU316,Kärkölä
2016,12.6,KU316,Kärkölä
2017,12.6,KU316,Kärkölä
2018,9.6,KU316,Kärkölä
2019,15.2,KU316,Kärkölä
2020,16.8,KU316,Kärkölä
2021,10.7,KU316,Kärkölä
2022,10.2,KU316,Kärkölä
2023,10.9,KU316,Kärkölä
2024,13.9,KU316,Kärkölä
1987,6.8,KU317,Kärsämäki
1988,6.2,KU317,Kärsämäki
1989,5.2,KU317,Kärsämäki
1990,7.4,KU317,Kärsämäki
1991,14.3,KU317,Kärsämäki
1992,19.9,KU317,Kärsämäki
1993,21.6,KU317,Kärsämäki
1994,23.9,KU317,Kärsämäki
1995,22.7,KU317,Kärsämäki
1996,24.3,KU317,Kärsämäki
1997,19.9,KU317,Kärsämäki
1998,19.2,KU317,Kärsämäki
1999,16.6,KU317,Kärsämäki
2000,15.4,KU317,Kärsämäki
2001,17.2,KU317,Kärsämäki
2002,12.8,KU317,Kärsämäki
2003,12.1,KU317,Kärsämäki
2004,11.2,KU317,Kärsämäki
2005,13.5,KU317,Kärsämäki
2006,10.3,KU317,Kärsämäki
2007,8.2,KU317,Kärsämäki
2008,11.5,KU317,Kärsämäki
2009,17.7,KU317,Kärsämäki
2010,13.0,KU317,Kärsämäki
2011,11.4,KU317,Kärsämäki
2012,13.6,KU317,Kärsämäki
2013,14.3,KU317,Kärsämäki
2014,15.4,KU317,Kärsämäki
2015,16.0,KU317,Kärsämäki
2016,12.1,KU317,Kärsämäki
2017,12.9,KU317,Kärsämäki
2018,10.5,KU317,Kärsämäki
2019,12.1,KU317,Kärsämäki
2020,12.9,KU317,Kärsämäki
2021,9.2,KU317,Kärsämäki
2022,9.6,KU317,Kärsämäki
2023,12.1,KU317,Kärsämäki
2024,11.4,KU317,Kärsämäki
1987,0.9,KU318,Kökar
1988,0.9,KU318,Kökar
1989,1.7,KU318,Kökar
1990,1.6,KU318,Kökar
1991,4.6,KU318,Kökar
1992,6.9,KU318,Kökar
1993,6.3,KU318,Kökar
1994,11.0,KU318,Kökar
1995,4.0,KU318,Kökar
1996,6.8,KU318,Kökar
1997,7.6,KU318,Kökar
1998,4.7,KU318,Kökar
1999,2.9,KU318,Kökar
2000,5.2,KU318,Kökar
2001,5.7,KU318,Kökar
2002,4.7,KU318,Kökar
2003,4.1,KU318,Kökar
2004,4.9,KU318,Kökar
2005,4.9,KU318,Kökar
2006,6.5,KU318,Kökar
2007,3.3,KU318,Kökar
2008,3.5,KU318,Kökar
2009,6.5,KU318,Kökar
2010,5.3,KU318,Kökar
2011,6.7,KU318,Kökar
2012,7.1,KU318,Kökar
2013,8.7,KU318,Kökar
2014,7.1,KU318,Kökar
2015,3.9,KU318,Kökar
2016,6.1,KU318,Kökar
2017,3.6,KU318,Kökar
2018,2.8,KU318,Kökar
2019,4.0,KU318,Kökar
2020,15.1,KU318,Kökar
2021,9.7,KU318,Kökar
2022,6.9,KU318,Kökar
2023,4.8,KU318,Kökar
2024,6.1,KU318,Kökar
1987,6.3,KU398,Lahti
1988,5.0,KU398,Lahti
1989,4.0,KU398,Lahti
1990,6.2,KU398,Lahti
1991,15.3,KU398,Lahti
1992,22.4,KU398,Lahti
1993,28.5,KU398,Lahti
1994,26.1,KU398,Lahti
1995,24.5,KU398,Lahti
1996,24.9,KU398,Lahti
1997,21.2,KU398,Lahti
1998,19.7,KU398,Lahti
1999,18.2,KU398,Lahti
2000,16.4,KU398,Lahti
2001,15.7,KU398,Lahti
2002,15.1,KU398,Lahti
2003,15.5,KU398,Lahti
2004,14.8,KU398,Lahti
2005,15.0,KU398,Lahti
2006,13.5,KU398,Lahti
2007,11.3,KU398,Lahti
2008,12.1,KU398,Lahti
2009,16.1,KU398,Lahti
2010,14.3,KU398,Lahti
2011,13.3,KU398,Lahti
2012,14.5,KU398,Lahti
2013,16.8,KU398,Lahti
2014,18.9,KU398,Lahti
2015,18.7,KU398,Lahti
2016,17.9,KU398,Lahti
2017,16.1,KU398,Lahti
2018,14.5,KU398,Lahti
2019,13.8,KU398,Lahti
2020,18.1,KU398,Lahti
2021,14.7,KU398,Lahti
2022,13.9,KU398,Lahti
2023,14.9,KU398,Lahti
2024,16.0,KU398,Lahti
1987,5.0,KU399,Laihia
1988,4.4,KU399,Laihia
1989,3.3,KU399,Laihia
1990,3.9,KU399,Laihia
1991,11.7,KU399,Laihia
1992,16.9,KU399,Laihia
1993,21.8,KU399,Laihia
1994,19.6,KU399,Laihia
1995,18.5,KU399,Laihia
1996,16.4,KU399,Laihia
1997,14.4,KU399,Laihia
1998,12.5,KU399,Laihia
1999,12.7,KU399,Laihia
2000,10.1,KU399,Laihia
2001,10.8,KU399,Laihia
2002,10.8,KU399,Laihia
2003,9.4,KU399,Laihia
2004,9.0,KU399,Laihia
2005,8.5,KU399,Laihia
2006,6.6,KU399,Laihia
2007,5.6,KU399,Laihia
2008,6.1,KU399,Laihia
2009,8.7,KU399,Laihia
2010,6.9,KU399,Laihia
2011,6.5,KU399,Laihia
2012,6.4,KU399,Laihia
2013,9.0,KU399,Laihia
2014,10.0,KU399,Laihia
2015,10.8,KU399,Laihia
2016,10.2,KU399,Laihia
2017,7.6,KU399,Laihia
2018,7.3,KU399,Laihia
2019,7.0,KU399,Laihia
2020,13.2,KU399,Laihia
2021,6.7,KU399,Laihia
2022,6.1,KU399,Laihia
2023,6.4,KU399,Laihia
2024,7.1,KU399,Laihia
1987,3.3,KU400,Laitila
1988,3.0,KU400,Laitila
1989,3.4,KU400,Laitila
1990,4.4,KU400,Laitila
1991,10.7,KU400,Laitila
1992,17.7,KU400,Laitila
1993,22.9,KU400,Laitila
1994,15.9,KU400,Laitila
1995,14.2,KU400,Laitila
1996,13.3,KU400,Laitila
1997,12.3,KU400,Laitila
1998,11.0,KU400,Laitila
1999,12.2,KU400,Laitila
2000,9.6,KU400,Laitila
2001,10.6,KU400,Laitila
2002,10.0,KU400,Laitila
2003,9.9,KU400,Laitila
2004,11.1,KU400,Laitila
2005,8.6,KU400,Laitila
2006,6.7,KU400,Laitila
2007,5.9,KU400,Laitila
2008,7.1,KU400,Laitila
2009,10.0,KU400,Laitila
2010,7.4,KU400,Laitila
2011,6.2,KU400,Laitila
2012,7.5,KU400,Laitila
2013,7.7,KU400,Laitila
2014,8.7,KU400,Laitila
2015,8.9,KU400,Laitila
2016,9.4,KU400,Laitila
2017,5.9,KU400,Laitila
2018,5.0,KU400,Laitila
2019,9.5,KU400,Laitila
2020,9.2,KU400,Laitila
2021,8.4,KU400,Laitila
2022,7.2,KU400,Laitila
2023,7.6,KU400,Laitila
2024,9.4,KU400,Laitila
1987,3.8,KU407,Lapinjärvi
1988,4.1,KU407,Lapinjärvi
1989,3.5,KU407,Lapinjärvi
1990,5.0,KU407,Lapinjärvi
1991,9.1,KU407,Lapinjärvi
1992,16.1,KU407,Lapinjärvi
1993,19.3,KU407,Lapinjärvi
1994,16.6,KU407,Lapinjärvi
1995,18.1,KU407,Lapinjärvi
1996,16.5,KU407,Lapinjärvi
1997,14.2,KU407,Lapinjärvi
1998,12.9,KU407,Lapinjärvi
1999,12.5,KU407,Lapinjärvi
2000,9.9,KU407,Lapinjärvi
2001,10.2,KU407,Lapinjärvi
2002,8.8,KU407,Lapinjärvi
2003,9.7,KU407,Lapinjärvi
2004,10.3,KU407,Lapinjärvi
2005,9.7,KU407,Lapinjärvi
2006,7.0,KU407,Lapinjärvi
2007,8.1,KU407,Lapinjärvi
2008,7.7,KU407,Lapinjärvi
2009,10.3,KU407,Lapinjärvi
2010,9.5,KU407,Lapinjärvi
2011,9.7,KU407,Lapinjärvi
2012,9.8,KU407,Lapinjärvi
2013,9.4,KU407,Lapinjärvi
2014,13.0,KU407,Lapinjärvi
2015,14.4,KU407,Lapinjärvi
2016,11.5,KU407,Lapinjärvi
2017,10.9,KU407,Lapinjärvi
2018,8.5,KU407,Lapinjärvi
2019,8.7,KU407,Lapinjärvi
2020,14.4,KU407,Lapinjärvi
2021,11.0,KU407,Lapinjärvi
2022,9.6,KU407,Lapinjärvi
2023,10.3,KU407,Lapinjärvi
2024,10.0,KU407,Lapinjärvi
1987,13.2,KU402,Lapinlahti
1988,10.6,KU402,Lapinlahti
1989,8.5,KU402,Lapinlahti
1990,10.0,KU402,Lapinlahti
1991,16.0,KU402,Lapinlahti
1992,22.4,KU402,Lapinlahti
1993,25.9,KU402,Lapinlahti
1994,23.6,KU402,Lapinlahti
1995,26.0,KU402,Lapinlahti
1996,23.9,KU402,Lapinlahti
1997,23.5,KU402,Lapinlahti
1998,19.4,KU402,Lapinlahti
1999,17.5,KU402,Lapinlahti
2000,18.2,KU402,Lapinlahti
2001,16.8,KU402,Lapinlahti
2002,15.0,KU402,Lapinlahti
2003,16.1,KU402,Lapinlahti
2004,14.3,KU402,Lapinlahti
2005,13.0,KU402,Lapinlahti
2006,11.5,KU402,Lapinlahti
2007,10.5,KU402,Lapinlahti
2008,12.3,KU402,Lapinlahti
2009,16.9,KU402,Lapinlahti
2010,14.0,KU402,Lapinlahti
2011,11.7,KU402,Lapinlahti
2012,14.1,KU402,Lapinlahti
2013,15.4,KU402,Lapinlahti
2014,15.8,KU402,Lapinlahti
2015,16.0,KU402,Lapinlahti
2016,14.9,KU402,Lapinlahti
2017,12.7,KU402,Lapinlahti
2018,12.0,KU402,Lapinlahti
2019,11.4,KU402,Lapinlahti
2020,14.1,KU402,Lapinlahti
2021,11.4,KU402,Lapinlahti
2022,10.9,KU402,Lapinlahti
2023,12.5,KU402,Lapinlahti
2024,11.4,KU402,Lapinlahti
1987,7.1,KU403,Lappajärvi
1988,6.4,KU403,Lappajärvi
1989,7.5,KU403,Lappajärvi
1990,9.2,KU403,Lappajärvi
1991,16.5,KU403,Lappajärvi
1992,20.1,KU403,Lappajärvi
1993,25.8,KU403,Lappajärvi
1994,19.0,KU403,Lappajärvi
1995,22.1,KU403,Lappajärvi
1996,18.1,KU403,Lappajärvi
1997,15.0,KU403,Lappajärvi
1998,14.7,KU403,Lappajärvi
1999,14.6,KU403,Lappajärvi
2000,14.2,KU403,Lappajärvi
2001,12.7,KU403,Lappajärvi
2002,12.7,KU403,Lappajärvi
2003,10.7,KU403,Lappajärvi
2004,10.9,KU403,Lappajärvi
2005,9.8,KU403,Lappajärvi
2006,7.1,KU403,Lappajärvi
2007,7.0,KU403,Lappajärvi
2008,9.4,KU403,Lappajärvi
2009,11.6,KU403,Lappajärvi
2010,8.1,KU403,Lappajärvi
2011,7.2,KU403,Lappajärvi
2012,8.0,KU403,Lappajärvi
2013,10.4,KU403,Lappajärvi
2014,11.1,KU403,Lappajärvi
2015,11.6,KU403,Lappajärvi
2016,12.1,KU403,Lappajärvi
2017,10.2,KU403,Lappajärvi
2018,7.5,KU403,Lappajärvi
2019,7.9,KU403,Lappajärvi
2020,10.7,KU403,Lappajärvi
2021,8.1,KU403,Lappajärvi
2022,8.2,KU403,Lappajärvi
2023,7.4,KU403,Lappajärvi
2024,8.3,KU403,Lappajärvi
1987,7.7,KU405,Lappeenranta
1988,6.3,KU405,Lappeenranta
1989,5.1,KU405,Lappeenranta
1990,6.7,KU405,Lappeenranta
1991,13.7,KU405,Lappeenranta
1992,19.1,KU405,Lappeenranta
1993,22.7,KU405,Lappeenranta
1994,22.5,KU405,Lappeenranta
1995,21.1,KU405,Lappeenranta
1996,21.9,KU405,Lappeenranta
1997,20.0,KU405,Lappeenranta
1998,19.2,KU405,Lappeenranta
1999,17.9,KU405,Lappeenranta
2000,15.4,KU405,Lappeenranta
2001,15.6,KU405,Lappeenranta
2002,15.5,KU405,Lappeenranta
2003,15.1,KU405,Lappeenranta
2004,14.9,KU405,Lappeenranta
2005,14.0,KU405,Lappeenranta
2006,12.8,KU405,Lappeenranta
2007,11.2,KU405,Lappeenranta
2008,11.4,KU405,Lappeenranta
2009,14.3,KU405,Lappeenranta
2010,13.1,KU405,Lappeenranta
2011,12.3,KU405,Lappeenranta
2012,13.1,KU405,Lappeenranta
2013,14.3,KU405,Lappeenranta
2014,15.8,KU405,Lappeenranta
2015,17.2,KU405,Lappeenranta
2016,16.7,KU405,Lappeenranta
2017,14.1,KU405,Lappeenranta
2018,11.7,KU405,Lappeenranta
2019,11.5,KU405,Lappeenranta
2020,14.3,KU405,Lappeenranta
2021,11.3,KU405,Lappeenranta
2022,11.2,KU405,Lappeenranta
2023,12.6,KU405,Lappeenranta
2024,14.0,KU405,Lappeenranta
1987,6.0,KU408,Lapua
1988,6.0,KU408,Lapua
1989,6.0,KU408,Lapua
1990,6.2,KU408,Lapua
1991,12.4,KU408,Lapua
1992,18.1,KU408,Lapua
1993,22.8,KU408,Lapua
1994,19.7,KU408,Lapua
1995,18.9,KU408,Lapua
1996,19.2,KU408,Lapua
1997,14.6,KU408,Lapua
1998,12.7,KU408,Lapua
1999,12.1,KU408,Lapua
2000,11.0,KU408,Lapua
2001,10.8,KU408,Lapua
2002,10.2,KU408,Lapua
2003,9.8,KU408,Lapua
2004,10.4,KU408,Lapua
2005,8.3,KU408,Lapua
2006,6.6,KU408,Lapua
2007,6.1,KU408,Lapua
2008,7.3,KU408,Lapua
2009,9.9,KU408,Lapua
2010,7.6,KU408,Lapua
2011,7.4,KU408,Lapua
2012,8.0,KU408,Lapua
2013,9.3,KU408,Lapua
2014,11.3,KU408,Lapua
2015,11.8,KU408,Lapua
2016,11.2,KU408,Lapua
2017,8.9,KU408,Lapua
2018,8.3,KU408,Lapua
2019,8.4,KU408,Lapua
2020,9.9,KU408,Lapua
2021,7.0,KU408,Lapua
2022,6.6,KU408,Lapua
2023,8.0,KU408,Lapua
2024,8.3,KU408,Lapua
1987,6.5,KU410,Laukaa
1988,5.8,KU410,Laukaa
1989,4.9,KU410,Laukaa
1990,6.2,KU410,Laukaa
1991,13.5,KU410,Laukaa
1992,21.1,KU410,Laukaa
1993,24.3,KU410,Laukaa
1994,22.4,KU410,Laukaa
1995,21.6,KU410,Laukaa
1996,22.4,KU410,Laukaa
1997,19.0,KU410,Laukaa
1998,18.0,KU410,Laukaa
1999,15.8,KU410,Laukaa
2000,15.0,KU410,Laukaa
2001,14.4,KU410,Laukaa
2002,14.2,KU410,Laukaa
2003,13.5,KU410,Laukaa
2004,13.1,KU410,Laukaa
2005,12.3,KU410,Laukaa
2006,11.4,KU410,Laukaa
2007,9.6,KU410,Laukaa
2008,9.5,KU410,Laukaa
2009,12.2,KU410,Laukaa
2010,11.4,KU410,Laukaa
2011,10.6,KU410,Laukaa
2012,12.2,KU410,Laukaa
2013,14.5,KU410,Laukaa
2014,15.6,KU410,Laukaa
2015,15.4,KU410,Laukaa
2016,13.8,KU410,Laukaa
2017,11.0,KU410,Laukaa
2018,10.7,KU410,Laukaa
2019,10.6,KU410,Laukaa
2020,13.0,KU410,Laukaa
2021,10.1,KU410,Laukaa
2022,9.8,KU410,Laukaa
2023,11.6,KU410,Laukaa
2024,12.1,KU410,Laukaa
1987,5.2,KU416,Lemi
1988,4.3,KU416,Lemi
1989,3.9,KU416,Lemi
1990,5.6,KU416,Lemi
1991,12.3,KU416,Lemi
1992,17.0,KU416,Lemi
1993,21.4,KU416,Lemi
1994,19.3,KU416,Lemi
1995,18.4,KU416,Lemi
1996,20.0,KU416,Lemi
1997,18.3,KU416,Lemi
1998,15.8,KU416,Lemi
1999,15.0,KU416,Lemi
2000,13.6,KU416,Lemi
2001,13.6,KU416,Lemi
2002,11.5,KU416,Lemi
2003,11.7,KU416,Lemi
2004,12.1,KU416,Lemi
2005,11.2,KU416,Lemi
2006,9.0,KU416,Lemi
2007,8.2,KU416,Lemi
2008,9.9,KU416,Lemi
2009,12.1,KU416,Lemi
2010,9.6,KU416,Lemi
2011,9.7,KU416,Lemi
2012,10.1,KU416,Lemi
2013,11.3,KU416,Lemi
2014,13.0,KU416,Lemi
2015,13.2,KU416,Lemi
2016,13.3,KU416,Lemi
2017,12.0,KU416,Lemi
2018,10.2,KU416,Lemi
2019,9.7,KU416,Lemi
2020,11.5,KU416,Lemi
2021,9.8,KU416,Lemi
2022,8.7,KU416,Lemi
2023,11.4,KU416,Lemi
2024,10.5,KU416,Lemi
1987,1.4,KU417,Lemland
1988,0.9,KU417,Lemland
1989,1.0,KU417,Lemland
1990,1.1,KU417,Lemland
1991,2.6,KU417,Lemland
1992,4.2,KU417,Lemland
1993,8.1,KU417,Lemland
1994,8.1,KU417,Lemland
1995,7.4,KU417,Lemland
1996,6.5,KU417,Lemland
1997,3.1,KU417,Lemland
1998,2.2,KU417,Lemland
1999,1.6,KU417,Lemland
2000,2.0,KU417,Lemland
2001,1.7,KU417,Lemland
2002,1.6,KU417,Lemland
2003,1.9,KU417,Lemland
2004,2.2,KU417,Lemland
2005,2.4,KU417,Lemland
2006,1.5,KU417,Lemland
2007,2.2,KU417,Lemland
2008,1.8,KU417,Lemland
2009,2.6,KU417,Lemland
2010,2.5,KU417,Lemland
2011,2.2,KU417,Lemland
2012,2.2,KU417,Lemland
2013,2.4,KU417,Lemland
2014,1.9,KU417,Lemland
2015,3.0,KU417,Lemland
2016,2.2,KU417,Lemland
2017,2.8,KU417,Lemland
2018,2.4,KU417,Lemland
2019,1.8,KU417,Lemland
2020,8.3,KU417,Lemland
2021,2.9,KU417,Lemland
2022,2.3,KU417,Lemland
2023,2.7,KU417,Lemland
2024,4.1,KU417,Lemland
1987,6.8,KU418,Lempäälä
1988,5.9,KU418,Lempäälä
1989,4.7,KU418,Lempäälä
1990,5.4,KU418,Lempäälä
1991,14.1,KU418,Lempäälä
1992,19.3,KU418,Lempäälä
1993,22.9,KU418,Lempäälä
1994,19.3,KU418,Lempäälä
1995,17.7,KU418,Lempäälä
1996,17.6,KU418,Lempäälä
1997,15.3,KU418,Lempäälä
1998,13.6,KU418,Lempäälä
1999,12.8,KU418,Lempäälä
2000,11.3,KU418,Lempäälä
2001,11.0,KU418,Lempäälä
2002,10.8,KU418,Lempäälä
2003,11.4,KU418,Lempäälä
2004,10.0,KU418,Lempäälä
2005,9.2,KU418,Lempäälä
2006,7.6,KU418,Lempäälä
2007,6.7,KU418,Lempäälä
2008,7.6,KU418,Lempäälä
2009,10.7,KU418,Lempäälä
2010,9.0,KU418,Lempäälä
2011,8.1,KU418,Lempäälä
2012,9.1,KU418,Lempäälä
2013,10.9,KU418,Lempäälä
2014,11.7,KU418,Lempäälä
2015,12.5,KU418,Lempäälä
2016,12.1,KU418,Lempäälä
2017,8.4,KU418,Lempäälä
2018,6.3,KU418,Lempäälä
2019,7.0,KU418,Lempäälä
2020,9.9,KU418,Lempäälä
2021,6.6,KU418,Lempäälä
2022,6.0,KU418,Lempäälä
2023,7.7,KU418,Lempäälä
2024,8.2,KU418,Lempäälä
1987,8.4,KU420,Leppävirta
1988,7.2,KU420,Leppävirta
1989,6.8,KU420,Leppävirta
1990,7.7,KU420,Leppävirta
1991,15.2,KU420,Leppävirta
1992,20.0,KU420,Leppävirta
1993,25.2,KU420,Leppävirta
1994,23.1,KU420,Leppävirta
1995,23.7,KU420,Leppävirta
1996,24.6,KU420,Leppävirta
1997,19.9,KU420,Leppävirta
1998,18.3,KU420,Leppävirta
1999,18.7,KU420,Leppävirta
2000,16.2,KU420,Leppävirta
2001,16.2,KU420,Leppävirta
2002,15.7,KU420,Leppävirta
2003,13.5,KU420,Leppävirta
2004,12.8,KU420,Leppävirta
2005,12.5,KU420,Leppävirta
2006,11.4,KU420,Leppävirta
2007,10.2,KU420,Leppävirta
2008,10.7,KU420,Leppävirta
2009,15.8,KU420,Leppävirta
2010,12.8,KU420,Leppävirta
2011,12.7,KU420,Leppävirta
2012,13.4,KU420,Leppävirta
2013,14.1,KU420,Leppävirta
2014,15.8,KU420,Leppävirta
2015,15.8,KU420,Leppävirta
2016,13.9,KU420,Leppävirta
2017,11.0,KU420,Leppävirta
2018,10.3,KU420,Leppävirta
2019,10.4,KU420,Leppävirta
2020,16.5,KU420,Leppävirta
2021,9.4,KU420,Leppävirta
2022,9.3,KU420,Leppävirta
2023,11.7,KU420,Leppävirta
2024,12.8,KU420,Leppävirta
1987,9.6,KU421,Lestijärvi
1988,7.0,KU421,Lestijärvi
1989,7.4,KU421,Lestijärvi
1990,5.8,KU421,Lestijärvi
1991,12.2,KU421,Lestijärvi
1992,15.3,KU421,Lestijärvi
1993,21.6,KU421,Lestijärvi
1994,19.8,KU421,Lestijärvi
1995,22.9,KU421,Lestijärvi
1996,21.7,KU421,Lestijärvi
1997,16.7,KU421,Lestijärvi
1998,12.3,KU421,Lestijärvi
1999,13.9,KU421,Lestijärvi
2000,11.2,KU421,Lestijärvi
2001,11.5,KU421,Lestijärvi
2002,16.4,KU421,Lestijärvi
2003,13.2,KU421,Lestijärvi
2004,10.5,KU421,Lestijärvi
2005,10.5,KU421,Lestijärvi
2006,9.5,KU421,Lestijärvi
2007,8.0,KU421,Lestijärvi
2008,6.4,KU421,Lestijärvi
2009,11.3,KU421,Lestijärvi
2010,6.0,KU421,Lestijärvi
2011,7.3,KU421,Lestijärvi
2012,9.5,KU421,Lestijärvi
2013,10.4,KU421,Lestijärvi
2014,11.6,KU421,Lestijärvi
2015,12.4,KU421,Lestijärvi
2016,12.9,KU421,Lestijärvi
2017,11.3,KU421,Lestijärvi
2018,9.3,KU421,Lestijärvi
2019,10.4,KU421,Lestijärvi
2020,9.7,KU421,Lestijärvi
2021,7.9,KU421,Lestijärvi
2022,7.4,KU421,Lestijärvi
2023,5.2,KU421,Lestijärvi
2024,6.3,KU421,Lestijärvi
1987,13.9,KU422,Lieksa
1988,12.0,KU422,Lieksa
1989,11.7,KU422,Lieksa
1990,13.5,KU422,Lieksa
1991,19.5,KU422,Lieksa
1992,25.8,KU422,Lieksa
1993,29.5,KU422,Lieksa
1994,30.0,KU422,Lieksa
1995,28.6,KU422,Lieksa
1996,29.8,KU422,Lieksa
1997,28.6,KU422,Lieksa
1998,28.4,KU422,Lieksa
1999,25.8,KU422,Lieksa
2000,23.1,KU422,Lieksa
2001,24.2,KU422,Lieksa
2002,24.1,KU422,Lieksa
2003,23.9,KU422,Lieksa
2004,23.8,KU422,Lieksa
2005,23.5,KU422,Lieksa
2006,21.4,KU422,Lieksa
2007,20.9,KU422,Lieksa
2008,20.8,KU422,Lieksa
2009,19.2,KU422,Lieksa
2010,18.1,KU422,Lieksa
2011,18.9,KU422,Lieksa
2012,21.5,KU422,Lieksa
2013,21.6,KU422,Lieksa
2014,20.7,KU422,Lieksa
2015,21.8,KU422,Lieksa
2016,21.4,KU422,Lieksa
2017,20.7,KU422,Lieksa
2018,15.8,KU422,Lieksa
2019,17.4,KU422,Lieksa
2020,17.6,KU422,Lieksa
2021,16.5,KU422,Lieksa
2022,16.7,KU422,Lieksa
2023,18.3,KU422,Lieksa
2024,19.3,KU422,Lieksa
1987,3.5,KU423,Lieto
1988,2.0,KU423,Lieto
1989,2.1,KU423,Lieto
1990,2.5,KU423,Lieto
1991,7.4,KU423,Lieto
1992,12.6,KU423,Lieto
1993,16.0,KU423,Lieto
1994,13.1,KU423,Lieto
1995,12.9,KU423,Lieto
1996,12.2,KU423,Lieto
1997,9.8,KU423,Lieto
1998,8.2,KU423,Lieto
1999,7.5,KU423,Lieto
2000,6.6,KU423,Lieto
2001,6.6,KU423,Lieto
2002,6.7,KU423,Lieto
2003,7.2,KU423,Lieto
2004,7.0,KU423,Lieto
2005,6.1,KU423,Lieto
2006,5.0,KU423,Lieto
2007,3.9,KU423,Lieto
2008,4.2,KU423,Lieto
2009,7.1,KU423,Lieto
2010,6.7,KU423,Lieto
2011,5.6,KU423,Lieto
2012,6.8,KU423,Lieto
2013,9.0,KU423,Lieto
2014,9.0,KU423,Lieto
2015,9.4,KU423,Lieto
2016,8.4,KU423,Lieto
2017,6.2,KU423,Lieto
2018,4.8,KU423,Lieto
2019,5.1,KU423,Lieto
2020,9.3,KU423,Lieto
2021,5.4,KU423,Lieto
2022,4.7,KU423,Lieto
2023,5.8,KU423,Lieto
2024,6.6,KU423,Lieto
1987,5.8,KU425,Liminka
1988,4.8,KU425,Liminka
1989,3.6,KU425,Liminka
1990,6.4,KU425,Liminka
1991,12.7,KU425,Liminka
1992,18.2,KU425,Liminka
1993,22.8,KU425,Liminka
1994,19.9,KU425,Liminka
1995,17.8,KU425,Liminka
1996,18.0,KU425,Liminka
1997,14.2,KU425,Liminka
1998,13.8,KU425,Liminka
1999,12.1,KU425,Liminka
2000,10.6,KU425,Liminka
2001,11.9,KU425,Liminka
2002,11.7,KU425,Liminka
2003,11.5,KU425,Liminka
2004,11.6,KU425,Liminka
2005,10.1,KU425,Liminka
2006,8.5,KU425,Liminka
2007,7.3,KU425,Liminka
2008,8.6,KU425,Liminka
2009,9.9,KU425,Liminka
2010,8.1,KU425,Liminka
2011,8.6,KU425,Liminka
2012,9.2,KU425,Liminka
2013,10.5,KU425,Liminka
2014,12.1,KU425,Liminka
2015,10.6,KU425,Liminka
2016,10.2,KU425,Liminka
2017,7.8,KU425,Liminka
2018,6.7,KU425,Liminka
2019,7.0,KU425,Liminka
2020,9.9,KU425,Liminka
2021,6.1,KU425,Liminka
2022,6.4,KU425,Liminka
2023,7.5,KU425,Liminka
2024,7.7,KU425,Liminka
1987,6.1,KU426,Liperi
1988,5.2,KU426,Liperi
1989,3.9,KU426,Liperi
1990,5.7,KU426,Liperi
1991,9.2,KU426,Liperi
1992,14.1,KU426,Liperi
1993,18.5,KU426,Liperi
1994,17.6,KU426,Liperi
1995,19.5,KU426,Liperi
1996,21.3,KU426,Liperi
1997,18.7,KU426,Liperi
1998,17.3,KU426,Liperi
1999,15.4,KU426,Liperi
2000,14.4,KU426,Liperi
2001,15.6,KU426,Liperi
2002,14.7,KU426,Liperi
2003,14.4,KU426,Liperi
2004,13.3,KU426,Liperi
2005,12.8,KU426,Liperi
2006,11.3,KU426,Liperi
2007,9.8,KU426,Liperi
2008,11.3,KU426,Liperi
2009,12.8,KU426,Liperi
2010,11.1,KU426,Liperi
2011,11.5,KU426,Liperi
2012,12.7,KU426,Liperi
2013,13.1,KU426,Liperi
2014,13.3,KU426,Liperi
2015,14.1,KU426,Liperi
2016,14.1,KU426,Liperi
2017,11.9,KU426,Liperi
2018,10.8,KU426,Liperi
2019,11.8,KU426,Liperi
2020,15.4,KU426,Liperi
2021,11.4,KU426,Liperi
2022,10.7,KU426,Liperi
2023,12.2,KU426,Liperi
2024,13.9,KU426,Liperi
1987,2.1,KU444,Lohja
1988,2.2,KU444,Lohja
1989,1.5,KU444,Lohja
1990,2.8,KU444,Lohja
1991,9.9,KU444,Lohja
1992,17.7,KU444,Lohja
1993,22.1,KU444,Lohja
1994,21.1,KU444,Lohja
1995,18.1,KU444,Lohja
1996,17.8,KU444,Lohja
1997,14.2,KU444,Lohja
1998,11.0,KU444,Lohja
1999,9.6,KU444,Lohja
2000,7.8,KU444,Lohja
2001,8.3,KU444,Lohja
2002,8.7,KU444,Lohja
2003,8.6,KU444,Lohja
2004,8.0,KU444,Lohja
2005,7.2,KU444,Lohja
2006,6.5,KU444,Lohja
2007,5.8,KU444,Lohja
2008,6.0,KU444,Lohja
2009,9.7,KU444,Lohja
2010,8.7,KU444,Lohja
2011,8.3,KU444,Lohja
2012,8.9,KU444,Lohja
2013,11.7,KU444,Lohja
2014,13.7,KU444,Lohja
2015,14.1,KU444,Lohja
2016,12.8,KU444,Lohja
2017,10.4,KU444,Lohja
2018,8.2,KU444,Lohja
2019,8.8,KU444,Lohja
2020,11.7,KU444,Lohja
2021,9.3,KU444,Lohja
2022,9.0,KU444,Lohja
2023,10.5,KU444,Lohja
2024,11.0,KU444,Lohja
1987,4.4,KU430,Loimaa
1988,3.8,KU430,Loimaa
1989,3.0,KU430,Loimaa
1990,4.4,KU430,Loimaa
1991,9.9,KU430,Loimaa
1992,16.6,KU430,Loimaa
1993,20.1,KU430,Loimaa
1994,18.2,KU430,Loimaa
1995,18.3,KU430,Loimaa
1996,16.9,KU430,Loimaa
1997,14.7,KU430,Loimaa
1998,12.7,KU430,Loimaa
1999,12.0,KU430,Loimaa
2000,11.1,KU430,Loimaa
2001,10.8,KU430,Loimaa
2002,11.0,KU430,Loimaa
2003,10.5,KU430,Loimaa
2004,10.1,KU430,Loimaa
2005,9.1,KU430,Loimaa
2006,8.2,KU430,Loimaa
2007,6.3,KU430,Loimaa
2008,7.8,KU430,Loimaa
2009,10.8,KU430,Loimaa
2010,8.9,KU430,Loimaa
2011,8.6,KU430,Loimaa
2012,9.1,KU430,Loimaa
2013,11.0,KU430,Loimaa
2014,12.2,KU430,Loimaa
2015,12.8,KU430,Loimaa
2016,11.8,KU430,Loimaa
2017,10.4,KU430,Loimaa
2018,9.2,KU430,Loimaa
2019,9.1,KU430,Loimaa
2020,12.4,KU430,Loimaa
2021,9.2,KU430,Loimaa
2022,8.9,KU430,Loimaa
2023,11.6,KU430,Loimaa
2024,12.2,KU430,Loimaa
1987,3.2,KU433,Loppi
1988,3.2,KU433,Loppi
1989,2.6,KU433,Loppi
1990,3.6,KU433,Loppi
1991,11.0,KU433,Loppi
1992,16.5,KU433,Loppi
1993,21.2,KU433,Loppi
1994,19.2,KU433,Loppi
1995,17.4,KU433,Loppi
1996,18.4,KU433,Loppi
1997,15.1,KU433,Loppi
1998,13.9,KU433,Loppi
1999,12.3,KU433,Loppi
2000,10.4,KU433,Loppi
2001,10.7,KU433,Loppi
2002,9.9,KU433,Loppi
2003,9.3,KU433,Loppi
2004,9.5,KU433,Loppi
2005,8.6,KU433,Loppi
2006,6.9,KU433,Loppi
2007,5.8,KU433,Loppi
2008,6.0,KU433,Loppi
2009,8.4,KU433,Loppi
2010,7.0,KU433,Loppi
2011,6.2,KU433,Loppi
2012,7.0,KU433,Loppi
2013,8.8,KU433,Loppi
2014,10.1,KU433,Loppi
2015,10.1,KU433,Loppi
2016,8.2,KU433,Loppi
2017,6.6,KU433,Loppi
2018,5.7,KU433,Loppi
2019,5.7,KU433,Loppi
2020,7.5,KU433,Loppi
2021,6.5,KU433,Loppi
2022,5.6,KU433,Loppi
2023,6.8,KU433,Loppi
2024,7.9,KU433,Loppi
1987,4.7,KU434,Loviisa
1988,5.1,KU434,Loviisa
1989,4.3,KU434,Loviisa
1990,5.9,KU434,Loviisa
1991,12.6,KU434,Loviisa
1992,19.5,KU434,Loviisa
1993,22.0,KU434,Loviisa
1994,20.1,KU434,Loviisa
1995,20.3,KU434,Loviisa
1996,19.7,KU434,Loviisa
1997,16.3,KU434,Loviisa
1998,14.0,KU434,Loviisa
1999,13.2,KU434,Loviisa
2000,11.7,KU434,Loviisa
2001,11.1,KU434,Loviisa
2002,11.2,KU434,Loviisa
2003,10.8,KU434,Loviisa
2004,10.8,KU434,Loviisa
2005,9.8,KU434,Loviisa
2006,7.9,KU434,Loviisa
2007,6.6,KU434,Loviisa
2008,7.1,KU434,Loviisa
2009,9.6,KU434,Loviisa
2010,9.8,KU434,Loviisa
2011,9.6,KU434,Loviisa
2012,9.8,KU434,Loviisa
2013,11.1,KU434,Loviisa
2014,13.2,KU434,Loviisa
2015,15.3,KU434,Loviisa
2016,12.7,KU434,Loviisa
2017,11.3,KU434,Loviisa
2018,10.7,KU434,Loviisa
2019,10.3,KU434,Loviisa
2020,16.6,KU434,Loviisa
2021,11.7,KU434,Loviisa
2022,10.2,KU434,Loviisa
2023,11.7,KU434,Loviisa
2024,12.4,KU434,Loviisa
1987,7.2,KU435,Luhanka
1988,5.8,KU435,Luhanka
1989,4.2,KU435,Luhanka
1990,5.7,KU435,Luhanka
1991,14.4,KU435,Luhanka
1992,18.6,KU435,Luhanka
1993,20.0,KU435,Luhanka
1994,15.3,KU435,Luhanka
1995,18.5,KU435,Luhanka
1996,23.4,KU435,Luhanka
1997,21.1,KU435,Luhanka
1998,18.2,KU435,Luhanka
1999,15.0,KU435,Luhanka
2000,12.9,KU435,Luhanka
2001,14.9,KU435,Luhanka
2002,13.5,KU435,Luhanka
2003,13.6,KU435,Luhanka
2004,15.7,KU435,Luhanka
2005,14.5,KU435,Luhanka
2006,10.4,KU435,Luhanka
2007,8.5,KU435,Luhanka
2008,10.6,KU435,Luhanka
2009,12.2,KU435,Luhanka
2010,9.9,KU435,Luhanka
2011,11.5,KU435,Luhanka
2012,11.5,KU435,Luhanka
2013,13.9,KU435,Luhanka
2014,16.7,KU435,Luhanka
2015,15.1,KU435,Luhanka
2016,12.4,KU435,Luhanka
2017,11.2,KU435,Luhanka
2018,7.8,KU435,Luhanka
2019,10.8,KU435,Luhanka
2020,12.8,KU435,Luhanka
2021,12.1,KU435,Luhanka
2022,13.5,KU435,Luhanka
2023,12.7,KU435,Luhanka
2024,11.7,KU435,Luhanka
1987,7.3,KU436,Lumijoki
1988,8.4,KU436,Lumijoki
1989,6.3,KU436,Lumijoki
1990,9.2,KU436,Lumijoki
1991,14.6,KU436,Lumijoki
1992,20.7,KU436,Lumijoki
1993,19.8,KU436,Lumijoki
1994,19.4,KU436,Lumijoki
1995,21.3,KU436,Lumijoki
1996,17.5,KU436,Lumijoki
1997,16.8,KU436,Lumijoki
1998,14.0,KU436,Lumijoki
1999,14.2,KU436,Lumijoki
2000,13.2,KU436,Lumijoki
2001,12.7,KU436,Lumijoki
2002,12.6,KU436,Lumijoki
2003,12.0,KU436,Lumijoki
2004,14.3,KU436,Lumijoki
2005,13.4,KU436,Lumijoki
2006,11.8,KU436,Lumijoki
2007,10.2,KU436,Lumijoki
2008,9.4,KU436,Lumijoki
2009,11.9,KU436,Lumijoki
2010,9.7,KU436,Lumijoki
2011,9.8,KU436,Lumijoki
2012,12.3,KU436,Lumijoki
2013,11.2,KU436,Lumijoki
2014,11.5,KU436,Lumijoki
2015,13.9,KU436,Lumijoki
2016,12.1,KU436,Lumijoki
2017,10.7,KU436,Lumijoki
2018,10.0,KU436,Lumijoki
2019,8.2,KU436,Lumijoki
2020,10.2,KU436,Lumijoki
2021,8.1,KU436,Lumijoki
2022,7.4,KU436,Lumijoki
2023,10.2,KU436,Lumijoki
2024,9.0,KU436,Lumijoki
1987,,KU438,Lumparland
1988,,KU438,Lumparland
1989,0.7,KU438,Lumparland
1990,1.3,KU438,Lumparland
1991,1.9,KU438,Lumparland
1992,3.7,KU438,Lumparland
1993,7.1,KU438,Lumparland
1994,8.0,KU438,Lumparland
1995,5.5,KU438,Lumparland
1996,5.3,KU438,Lumparland
1997,5.2,KU438,Lumparland
1998,2.8,KU438,Lumparland
1999,2.2,KU438,Lumparland
2000,0.5,KU438,Lumparland
2001,2.1,KU438,Lumparland
2002,1.1,KU438,Lumparland
2003,0.5,KU438,Lumparland
2004,1.1,KU438,Lumparland
2005,2.1,KU438,Lumparland
2006,1.1,KU438,Lumparland
2007,1.1,KU438,Lumparland
2008,0.5,KU438,Lumparland
2009,2.2,KU438,Lumparland
2010,1.7,KU438,Lumparland
2011,1.0,KU438,Lumparland
2012,2.2,KU438,Lumparland
2013,2.7,KU438,Lumparland
2014,1.5,KU438,Lumparland
2015,4.2,KU438,Lumparland
2016,2.2,KU438,Lumparland
2017,2.1,KU438,Lumparland
2018,0.5,KU438,Lumparland
2019,3.5,KU438,Lumparland
2020,7.4,KU438,Lumparland
2021,2.3,KU438,Lumparland
2022,2.3,KU438,Lumparland
2023,1.8,KU438,Lumparland
2024,0.6,KU438,Lumparland
1987,2.4,KU440,Luoto
1988,3.8,KU440,Luoto
1989,3.1,KU440,Luoto
1990,3.9,KU440,Luoto
1991,12.8,KU440,Luoto
1992,15.7,KU440,Luoto
1993,19.5,KU440,Luoto
1994,14.9,KU440,Luoto
1995,14.5,KU440,Luoto
1996,13.1,KU440,Luoto
1997,9.9,KU440,Luoto
1998,9.8,KU440,Luoto
1999,7.8,KU440,Luoto
2000,7.3,KU440,Luoto
2001,6.3,KU440,Luoto
2002,5.8,KU440,Luoto
2003,5.2,KU440,Luoto
2004,4.6,KU440,Luoto
2005,4.4,KU440,Luoto
2006,4.1,KU440,Luoto
2007,3.5,KU440,Luoto
2008,3.8,KU440,Luoto
2009,7.4,KU440,Luoto
2010,4.6,KU440,Luoto
2011,3.5,KU440,Luoto
2012,4.0,KU440,Luoto
2013,5.0,KU440,Luoto
2014,3.5,KU440,Luoto
2015,3.7,KU440,Luoto
2016,4.3,KU440,Luoto
2017,3.1,KU440,Luoto
2018,2.7,KU440,Luoto
2019,2.1,KU440,Luoto
2020,4.1,KU440,Luoto
2021,1.9,KU440,Luoto
2022,1.8,KU440,Luoto
2023,3.0,KU440,Luoto
2024,2.6,KU440,Luoto
1987,5.3,KU441,Luumäki
1988,4.4,KU441,Luumäki
1989,3.4,KU441,Luumäki
1990,5.7,KU441,Luumäki
1991,10.8,KU441,Luumäki
1992,17.0,KU441,Luumäki
1993,21.9,KU441,Luumäki
1994,21.8,KU441,Luumäki
1995,20.2,KU441,Luumäki
1996,20.7,KU441,Luumäki
1997,20.0,KU441,Luumäki
1998,17.0,KU441,Luumäki
1999,16.1,KU441,Luumäki
2000,13.3,KU441,Luumäki
2001,13.8,KU441,Luumäki
2002,14.7,KU441,Luumäki
2003,12.8,KU441,Luumäki
2004,14.5,KU441,Luumäki
2005,13.2,KU441,Luumäki
2006,11.5,KU441,Luumäki
2007,10.5,KU441,Luumäki
2008,11.7,KU441,Luumäki
2009,14.1,KU441,Luumäki
2010,11.8,KU441,Luumäki
2011,11.7,KU441,Luumäki
2012,12.9,KU441,Luumäki
2013,12.7,KU441,Luumäki
2014,13.2,KU441,Luumäki
2015,14.8,KU441,Luumäki
2016,13.7,KU441,Luumäki
2017,11.4,KU441,Luumäki
2018,10.5,KU441,Luumäki
2019,11.3,KU441,Luumäki
2020,12.8,KU441,Luumäki
2021,11.4,KU441,Luumäki
2022,12.0,KU441,Luumäki
2023,11.5,KU441,Luumäki
2024,12.6,KU441,Luumäki
1987,3.1,KU475,Maalahti
1988,3.0,KU475,Maalahti
1989,3.1,KU475,Maalahti
1990,4.7,KU475,Maalahti
1991,8.3,KU475,Maalahti
1992,13.2,KU475,Maalahti
1993,17.4,KU475,Maalahti
1994,13.7,KU475,Maalahti
1995,12.4,KU475,Maalahti
1996,10.5,KU475,Maalahti
1997,9.2,KU475,Maalahti
1998,8.7,KU475,Maalahti
1999,8.5,KU475,Maalahti
2000,7.4,KU475,Maalahti
2001,6.9,KU475,Maalahti
2002,5.6,KU475,Maalahti
2003,6.1,KU475,Maalahti
2004,7.3,KU475,Maalahti
2005,5.8,KU475,Maalahti
2006,5.0,KU475,Maalahti
2007,4.9,KU475,Maalahti
2008,4.7,KU475,Maalahti
2009,6.2,KU475,Maalahti
2010,5.5,KU475,Maalahti
2011,5.5,KU475,Maalahti
2012,6.5,KU475,Maalahti
2013,8.5,KU475,Maalahti
2014,6.9,KU475,Maalahti
2015,8.6,KU475,Maalahti
2016,10.2,KU475,Maalahti
2017,7.1,KU475,Maalahti
2018,5.2,KU475,Maalahti
2019,5.7,KU475,Maalahti
2020,7.2,KU475,Maalahti
2021,3.4,KU475,Maalahti
2022,4.3,KU475,Maalahti
2023,4.8,KU475,Maalahti
2024,4.6,KU475,Maalahti
1987,1.7,KU478,Maarianhamina - Mariehamn
1988,1.9,KU478,Maarianhamina - Mariehamn
1989,1.1,KU478,Maarianhamina - Mariehamn
1990,2.7,KU478,Maarianhamina - Mariehamn
1991,4.8,KU478,Maarianhamina - Mariehamn
1992,7.5,KU478,Maarianhamina - Mariehamn
1993,10.1,KU478,Maarianhamina - Mariehamn
1994,10.5,KU478,Maarianhamina - Mariehamn
1995,8.3,KU478,Maarianhamina - Mariehamn
1996,7.7,KU478,Maarianhamina - Mariehamn
1997,5.2,KU478,Maarianhamina - Mariehamn
1998,3.9,KU478,Maarianhamina - Mariehamn
1999,3.0,KU478,Maarianhamina - Mariehamn
2000,2.5,KU478,Maarianhamina - Mariehamn
2001,2.2,KU478,Maarianhamina - Mariehamn
2002,2.3,KU478,Maarianhamina - Mariehamn
2003,2.8,KU478,Maarianhamina - Mariehamn
2004,3.0,KU478,Maarianhamina - Mariehamn
2005,2.8,KU478,Maarianhamina - Mariehamn
2006,2.7,KU478,Maarianhamina - Mariehamn
2007,2.7,KU478,Maarianhamina - Mariehamn
2008,2.3,KU478,Maarianhamina - Mariehamn
2009,3.7,KU478,Maarianhamina - Mariehamn
2010,3.6,KU478,Maarianhamina - Mariehamn
2011,3.6,KU478,Maarianhamina - Mariehamn
2012,4.8,KU478,Maarianhamina - Mariehamn
2013,5.1,KU478,Maarianhamina - Mariehamn
2014,5.5,KU478,Maarianhamina - Mariehamn
2015,5.2,KU478,Maarianhamina - Mariehamn
2016,4.5,KU478,Maarianhamina - Mariehamn
2017,4.5,KU478,Maarianhamina - Mariehamn
2018,4.6,KU478,Maarianhamina - Mariehamn
2019,5.2,KU478,Maarianhamina - Mariehamn
2020,11.9,KU478,Maarianhamina - Mariehamn
2021,7.4,KU478,Maarianhamina - Mariehamn
2022,6.0,KU478,Maarianhamina - Mariehamn
2023,6.2,KU478,Maarianhamina - Mariehamn
2024,7.1,KU478,Maarianhamina - Mariehamn
1987,2.7,KU480,Marttila
1988,1.9,KU480,Marttila
1989,1.7,KU480,Marttila
1990,2.4,KU480,Marttila
1991,9.4,KU480,Marttila
1992,11.9,KU480,Marttila
1993,14.3,KU480,Marttila
1994,10.5,KU480,Marttila
1995,11.5,KU480,Marttila
1996,11.9,KU480,Marttila
1997,11.0,KU480,Marttila
1998,9.7,KU480,Marttila
1999,9.1,KU480,Marttila
2000,7.6,KU480,Marttila
2001,7.7,KU480,Marttila
2002,8.0,KU480,Marttila
2003,7.4,KU480,Marttila
2004,7.3,KU480,Marttila
2005,7.8,KU480,Marttila
2006,5.7,KU480,Marttila
2007,4.7,KU480,Marttila
2008,5.6,KU480,Marttila
2009,9.8,KU480,Marttila
2010,6.7,KU480,Marttila
2011,7.0,KU480,Marttila
2012,7.9,KU480,Marttila
2013,11.2,KU480,Marttila
2014,12.8,KU480,Marttila
2015,12.2,KU480,Marttila
2016,9.9,KU480,Marttila
2017,6.3,KU480,Marttila
2018,7.9,KU480,Marttila
2019,7.7,KU480,Marttila
2020,10.9,KU480,Marttila
2021,6.9,KU480,Marttila
2022,7.3,KU480,Marttila
2023,8.1,KU480,Marttila
2024,9.8,KU480,Marttila
1987,3.5,KU481,Masku
1988,3.0,KU481,Masku
1989,2.6,KU481,Masku
1990,3.3,KU481,Masku
1991,9.1,KU481,Masku
1992,14.1,KU481,Masku
1993,17.2,KU481,Masku
1994,14.0,KU481,Masku
1995,13.5,KU481,Masku
1996,12.4,KU481,Masku
1997,11.3,KU481,Masku
1998,9.1,KU481,Masku
1999,7.4,KU481,Masku
2000,6.5,KU481,Masku
2001,7.1,KU481,Masku
2002,6.0,KU481,Masku
2003,6.3,KU481,Masku
2004,5.7,KU481,Masku
2005,5.5,KU481,Masku
2006,4.3,KU481,Masku
2007,3.4,KU481,Masku
2008,4.2,KU481,Masku
2009,7.2,KU481,Masku
2010,6.8,KU481,Masku
2011,5.6,KU481,Masku
2012,5.8,KU481,Masku
2013,7.9,KU481,Masku
2014,8.5,KU481,Masku
2015,8.5,KU481,Masku
2016,8.2,KU481,Masku
2017,5.9,KU481,Masku
2018,5.1,KU481,Masku
2019,5.2,KU481,Masku
2020,10.5,KU481,Masku
2021,5.2,KU481,Masku
2022,5.2,KU481,Masku
2023,5.6,KU481,Masku
2024,6.3,KU481,Masku
1987,8.3,KU483,Merijärvi
1988,7.7,KU483,Merijärvi
1989,5.5,KU483,Merijärvi
1990,9.5,KU483,Merijärvi
1991,13.2,KU483,Merijärvi
1992,17.9,KU483,Merijärvi
1993,19.7,KU483,Merijärvi
1994,18.7,KU483,Merijärvi
1995,19.5,KU483,Merijärvi
1996,20.8,KU483,Merijärvi
1997,17.7,KU483,Merijärvi
1998,15.4,KU483,Merijärvi
1999,14.8,KU483,Merijärvi
2000,10.5,KU483,Merijärvi
2001,12.9,KU483,Merijärvi
2002,13.0,KU483,Merijärvi
2003,12.8,KU483,Merijärvi
2004,15.0,KU483,Merijärvi
2005,11.7,KU483,Merijärvi
2006,9.9,KU483,Merijärvi
2007,7.9,KU483,Merijärvi
2008,8.3,KU483,Merijärvi
2009,16.1,KU483,Merijärvi
2010,14.5,KU483,Merijärvi
2011,11.8,KU483,Merijärvi
2012,13.2,KU483,Merijärvi
2013,13.2,KU483,Merijärvi
2014,14.8,KU483,Merijärvi
2015,11.9,KU483,Merijärvi
2016,10.6,KU483,Merijärvi
2017,10.9,KU483,Merijärvi
2018,6.4,KU483,Merijärvi
2019,12.7,KU483,Merijärvi
2020,15.8,KU483,Merijärvi
2021,9.2,KU483,Merijärvi
2022,7.3,KU483,Merijärvi
2023,10.3,KU483,Merijärvi
2024,7.5,KU483,Merijärvi
1987,7.7,KU484,Merikarvia
1988,8.0,KU484,Merikarvia
1989,6.8,KU484,Merikarvia
1990,9.3,KU484,Merikarvia
1991,15.6,KU484,Merikarvia
1992,20.9,KU484,Merikarvia
1993,23.9,KU484,Merikarvia
1994,19.9,KU484,Merikarvia
1995,20.5,KU484,Merikarvia
1996,18.4,KU484,Merikarvia
1997,17.9,KU484,Merikarvia
1998,18.5,KU484,Merikarvia
1999,16.9,KU484,Merikarvia
2000,15.2,KU484,Merikarvia
2001,16.7,KU484,Merikarvia
2002,16.8,KU484,Merikarvia
2003,16.8,KU484,Merikarvia
2004,16.0,KU484,Merikarvia
2005,17.2,KU484,Merikarvia
2006,16.6,KU484,Merikarvia
2007,14.8,KU484,Merikarvia
2008,14.0,KU484,Merikarvia
2009,17.0,KU484,Merikarvia
2010,15.4,KU484,Merikarvia
2011,13.6,KU484,Merikarvia
2012,13.6,KU484,Merikarvia
2013,14.7,KU484,Merikarvia
2014,16.1,KU484,Merikarvia
2015,18.4,KU484,Merikarvia
2016,17.6,KU484,Merikarvia
2017,14.2,KU484,Merikarvia
2018,11.7,KU484,Merikarvia
2019,11.3,KU484,Merikarvia
2020,13.2,KU484,Merikarvia
2021,10.1,KU484,Merikarvia
2022,11.1,KU484,Merikarvia
2023,11.9,KU484,Merikarvia
2024,14.1,KU484,Merikarvia
1987,6.8,KU489,Miehikkälä
1988,5.4,KU489,Miehikkälä
1989,5.0,KU489,Miehikkälä
1990,4.8,KU489,Miehikkälä
1991,8.7,KU489,Miehikkälä
1992,13.4,KU489,Miehikkälä
1993,15.4,KU489,Miehikkälä
1994,13.8,KU489,Miehikkälä
1995,14.8,KU489,Miehikkälä
1996,12.9,KU489,Miehikkälä
1997,12.6,KU489,Miehikkälä
1998,10.8,KU489,Miehikkälä
1999,11.0,KU489,Miehikkälä
2000,11.1,KU489,Miehikkälä
2001,9.5,KU489,Miehikkälä
2002,8.8,KU489,Miehikkälä
2003,9.6,KU489,Miehikkälä
2004,9.6,KU489,Miehikkälä
2005,10.4,KU489,Miehikkälä
2006,7.6,KU489,Miehikkälä
2007,8.3,KU489,Miehikkälä
2008,10.3,KU489,Miehikkälä
2009,13.9,KU489,Miehikkälä
2010,10.3,KU489,Miehikkälä
2011,7.6,KU489,Miehikkälä
2012,10.4,KU489,Miehikkälä
2013,11.3,KU489,Miehikkälä
2014,13.3,KU489,Miehikkälä
2015,14.6,KU489,Miehikkälä
2016,12.7,KU489,Miehikkälä
2017,12.8,KU489,Miehikkälä
2018,11.1,KU489,Miehikkälä
2019,11.2,KU489,Miehikkälä
2020,14.7,KU489,Miehikkälä
2021,13.2,KU489,Miehikkälä
2022,10.6,KU489,Miehikkälä
2023,11.7,KU489,Miehikkälä
2024,13.5,KU489,Miehikkälä
1987,8.5,KU491,Mikkeli
1988,6.9,KU491,Mikkeli
1989,6.3,KU491,Mikkeli
1990,7.0,KU491,Mikkeli
1991,12.7,KU491,Mikkeli
1992,19.8,KU491,Mikkeli
1993,25.4,KU491,Mikkeli
1994,23.1,KU491,Mikkeli
1995,23.1,KU491,Mikkeli
1996,23.1,KU491,Mikkeli
1997,19.8,KU491,Mikkeli
1998,18.4,KU491,Mikkeli
1999,16.9,KU491,Mikkeli
2000,16.8,KU491,Mikkeli
2001,14.8,KU491,Mikkeli
2002,14.5,KU491,Mikkeli
2003,14.2,KU491,Mikkeli
2004,14.0,KU491,Mikkeli
2005,13.7,KU491,Mikkeli
2006,11.4,KU491,Mikkeli
2007,10.2,KU491,Mikkeli
2008,10.7,KU491,Mikkeli
2009,11.9,KU491,Mikkeli
2010,11.3,KU491,Mikkeli
2011,11.2,KU491,Mikkeli
2012,12.1,KU491,Mikkeli
2013,13.4,KU491,Mikkeli
2014,14.2,KU491,Mikkeli
2015,15.9,KU491,Mikkeli
2016,14.2,KU491,Mikkeli
2017,12.0,KU491,Mikkeli
2018,10.7,KU491,Mikkeli
2019,10.6,KU491,Mikkeli
2020,12.7,KU491,Mikkeli
2021,10.7,KU491,Mikkeli
2022,10.3,KU491,Mikkeli
2023,12.2,KU491,Mikkeli
2024,12.6,KU491,Mikkeli
1987,6.2,KU494,Muhos
1988,4.8,KU494,Muhos
1989,3.8,KU494,Muhos
1990,6.1,KU494,Muhos
1991,9.8,KU494,Muhos
1992,17.0,KU494,Muhos
1993,21.7,KU494,Muhos
1994,20.5,KU494,Muhos
1995,19.3,KU494,Muhos
1996,16.6,KU494,Muhos
1997,14.1,KU494,Muhos
1998,13.9,KU494,Muhos
1999,11.0,KU494,Muhos
2000,9.0,KU494,Muhos
2001,10.7,KU494,Muhos
2002,8.8,KU494,Muhos
2003,9.8,KU494,Muhos
2004,10.6,KU494,Muhos
2005,10.8,KU494,Muhos
2006,8.8,KU494,Muhos
2007,8.4,KU494,Muhos
2008,8.7,KU494,Muhos
2009,11.6,KU494,Muhos
2010,10.9,KU494,Muhos
2011,9.9,KU494,Muhos
2012,11.9,KU494,Muhos
2013,14.1,KU494,Muhos
2014,15.9,KU494,Muhos
2015,14.1,KU494,Muhos
2016,14.0,KU494,Muhos
2017,11.3,KU494,Muhos
2018,9.6,KU494,Muhos
2019,11.0,KU494,Muhos
2020,12.9,KU494,Muhos
2021,12.1,KU494,Muhos
2022,10.0,KU494,Muhos
2023,10.9,KU494,Muhos
2024,11.0,KU494,Muhos
1987,6.6,KU495,Multia
1988,6.8,KU495,Multia
1989,6.1,KU495,Multia
1990,8.2,KU495,Multia
1991,13.7,KU495,Multia
1992,18.9,KU495,Multia
1993,28.3,KU495,Multia
1994,25.2,KU495,Multia
1995,23.7,KU495,Multia
1996,24.6,KU495,Multia
1997,26.4,KU495,Multia
1998,22.6,KU495,Multia
1999,22.0,KU495,Multia
2000,18.0,KU495,Multia
2001,20.6,KU495,Multia
2002,20.0,KU495,Multia
2003,18.7,KU495,Multia
2004,16.0,KU495,Multia
2005,15.0,KU495,Multia
2006,13.3,KU495,Multia
2007,9.7,KU495,Multia
2008,15.0,KU495,Multia
2009,14.4,KU495,Multia
2010,12.5,KU495,Multia
2011,12.6,KU495,Multia
2012,11.6,KU495,Multia
2013,15.7,KU495,Multia
2014,16.5,KU495,Multia
2015,17.4,KU495,Multia
2016,15.0,KU495,Multia
2017,11.1,KU495,Multia
2018,9.9,KU495,Multia
2019,10.7,KU495,Multia
2020,15.3,KU495,Multia
2021,13.2,KU495,Multia
2022,11.8,KU495,Multia
2023,14.8,KU495,Multia
2024,11.6,KU495,Multia
1987,13.3,KU498,Muonio
1988,9.6,KU498,Muonio
1989,8.5,KU498,Muonio
1990,10.8,KU498,Muonio
1991,16.6,KU498,Muonio
1992,24.5,KU498,Muonio
1993,27.5,KU498,Muonio
1994,25.7,KU498,Muonio
1995,27.3,KU498,Muonio
1996,25.6,KU498,Muonio
1997,23.2,KU498,Muonio
1998,21.5,KU498,Muonio
1999,18.2,KU498,Muonio
2000,15.5,KU498,Muonio
2001,14.6,KU498,Muonio
2002,13.3,KU498,Muonio
2003,12.3,KU498,Muonio
2004,14.1,KU498,Muonio
2005,10.9,KU498,Muonio
2006,12.9,KU498,Muonio
2007,10.0,KU498,Muonio
2008,9.9,KU498,Muonio
2009,10.5,KU498,Muonio
2010,11.2,KU498,Muonio
2011,9.8,KU498,Muonio
2012,7.6,KU498,Muonio
2013,14.0,KU498,Muonio
2014,12.4,KU498,Muonio
2015,15.2,KU498,Muonio
2016,10.3,KU498,Muonio
2017,7.9,KU498,Muonio
2018,8.6,KU498,Muonio
2019,6.8,KU498,Muonio
2020,15.8,KU498,Muonio
2021,9.2,KU498,Muonio
2022,7.8,KU498,Muonio
2023,7.7,KU498,Muonio
2024,6.7,KU498,Muonio
1987,2.6,KU499,Mustasaari
1988,2.8,KU499,Mustasaari
1989,2.9,KU499,Mustasaari
1990,3.4,KU499,Mustasaari
1991,7.2,KU499,Mustasaari
1992,12.6,KU499,Mustasaari
1993,16.7,KU499,Mustasaari
1994,13.3,KU499,Mustasaari
1995,12.9,KU499,Mustasaari
1996,11.6,KU499,Mustasaari
1997,9.5,KU499,Mustasaari
1998,8.2,KU499,Mustasaari
1999,8.6,KU499,Mustasaari
2000,6.9,KU499,Mustasaari
2001,6.6,KU499,Mustasaari
2002,6.7,KU499,Mustasaari
2003,6.2,KU499,Mustasaari
2004,6.1,KU499,Mustasaari
2005,4.8,KU499,Mustasaari
2006,4.0,KU499,Mustasaari
2007,3.3,KU499,Mustasaari
2008,3.7,KU499,Mustasaari
2009,5.2,KU499,Mustasaari
2010,4.1,KU499,Mustasaari
2011,3.7,KU499,Mustasaari
2012,4.3,KU499,Mustasaari
2013,5.6,KU499,Mustasaari
2014,6.6,KU499,Mustasaari
2015,7.4,KU499,Mustasaari
2016,7.8,KU499,Mustasaari
2017,5.8,KU499,Mustasaari
2018,4.5,KU499,Mustasaari
2019,4.7,KU499,Mustasaari
2020,8.3,KU499,Mustasaari
2021,4.1,KU499,Mustasaari
2022,3.2,KU499,Mustasaari
2023,4.2,KU499,Mustasaari
2024,4.0,KU499,Mustasaari
1987,4.7,KU500,Muurame
1988,3.7,KU500,Muurame
1989,3.2,KU500,Muurame
1990,5.8,KU500,Muurame
1991,11.7,KU500,Muurame
1992,17.2,KU500,Muurame
1993,22.3,KU500,Muurame
1994,21.0,KU500,Muurame
1995,19.2,KU500,Muurame
1996,18.0,KU500,Muurame
1997,16.4,KU500,Muurame
1998,14.4,KU500,Muurame
1999,13.6,KU500,Muurame
2000,12.6,KU500,Muurame
2001,11.8,KU500,Muurame
2002,11.6,KU500,Muurame
2003,11.6,KU500,Muurame
2004,10.7,KU500,Muurame
2005,10.6,KU500,Muurame
2006,9.5,KU500,Muurame
2007,8.3,KU500,Muurame
2008,8.2,KU500,Muurame
2009,11.6,KU500,Muurame
2010,9.1,KU500,Muurame
2011,9.5,KU500,Muurame
2012,9.9,KU500,Muurame
2013,12.3,KU500,Muurame
2014,13.1,KU500,Muurame
2015,12.9,KU500,Muurame
2016,11.4,KU500,Muurame
2017,9.4,KU500,Muurame
2018,8.0,KU500,Muurame
2019,7.9,KU500,Muurame
2020,10.4,KU500,Muurame
2021,9.0,KU500,Muurame
2022,7.8,KU500,Muurame
2023,9.6,KU500,Muurame
2024,9.9,KU500,Muurame
1987,4.8,KU503,Mynämäki
1988,3.9,KU503,Mynämäki
1989,3.4,KU503,Mynämäki
1990,3.4,KU503,Mynämäki
1991,11.5,KU503,Mynämäki
1992,17.6,KU503,Mynämäki
1993,19.3,KU503,Mynämäki
1994,16.5,KU503,Mynämäki
1995,15.9,KU503,Mynämäki
1996,15.5,KU503,Mynämäki
1997,13.6,KU503,Mynämäki
1998,11.4,KU503,Mynämäki
1999,10.6,KU503,Mynämäki
2000,8.5,KU503,Mynämäki
2001,8.0,KU503,Mynämäki
2002,8.0,KU503,Mynämäki
2003,8.1,KU503,Mynämäki
2004,8.1,KU503,Mynämäki
2005,6.1,KU503,Mynämäki
2006,5.6,KU503,Mynämäki
2007,4.5,KU503,Mynämäki
2008,5.5,KU503,Mynämäki
2009,8.4,KU503,Mynämäki
2010,8.0,KU503,Mynämäki
2011,6.7,KU503,Mynämäki
2012,7.5,KU503,Mynämäki
2013,9.3,KU503,Mynämäki
2014,10.3,KU503,Mynämäki
2015,12.3,KU503,Mynämäki
2016,10.6,KU503,Mynämäki
2017,7.7,KU503,Mynämäki
2018,7.0,KU503,Mynämäki
2019,7.7,KU503,Mynämäki
2020,10.6,KU503,Mynämäki
2021,6.7,KU503,Mynämäki
2022,6.9,KU503,Mynämäki
2023,8.1,KU503,Mynämäki
2024,9.0,KU503,Mynämäki
1987,5.5,KU504,Myrskylä
1988,2.0,KU504,Myrskylä
1989,2.3,KU504,Myrskylä
1990,3.7,KU504,Myrskylä
1991,10.6,KU504,Myrskylä
1992,15.6,KU504,Myrskylä
1993,19.0,KU504,Myrskylä
1994,19.9,KU504,Myrskylä
1995,17.2,KU504,Myrskylä
1996,17.3,KU504,Myrskylä
1997,14.4,KU504,Myrskylä
1998,12.3,KU504,Myrskylä
1999,10.3,KU504,Myrskylä
2000,9.1,KU504,Myrskylä
2001,9.3,KU504,Myrskylä
2002,8.8,KU504,Myrskylä
2003,9.0,KU504,Myrskylä
2004,11.1,KU504,Myrskylä
2005,10.7,KU504,Myrskylä
2006,9.5,KU504,Myrskylä
2007,7.2,KU504,Myrskylä
2008,8.3,KU504,Myrskylä
2009,10.6,KU504,Myrskylä
2010,9.9,KU504,Myrskylä
2011,9.9,KU504,Myrskylä
2012,11.0,KU504,Myrskylä
2013,13.4,KU504,Myrskylä
2014,14.6,KU504,Myrskylä
2015,14.7,KU504,Myrskylä
2016,13.9,KU504,Myrskylä
2017,12.4,KU504,Myrskylä
2018,11.9,KU504,Myrskylä
2019,11.8,KU504,Myrskylä
2020,16.2,KU504,Myrskylä
2021,11.8,KU504,Myrskylä
2022,11.7,KU504,Myrskylä
2023,13.2,KU504,Myrskylä
2024,13.0,KU504,Myrskylä
1987,2.7,KU505,Mäntsälä
1988,1.9,KU505,Mäntsälä
1989,1.9,KU505,Mäntsälä
1990,3.1,KU505,Mäntsälä
1991,11.0,KU505,Mäntsälä
1992,16.9,KU505,Mäntsälä
1993,20.6,KU505,Mäntsälä
1994,19.3,KU505,Mäntsälä
1995,18.0,KU505,Mäntsälä
1996,16.5,KU505,Mäntsälä
1997,13.1,KU505,Mäntsälä
1998,10.7,KU505,Mäntsälä
1999,9.1,KU505,Mäntsälä
2000,7.5,KU505,Mäntsälä
2001,7.3,KU505,Mäntsälä
2002,7.0,KU505,Mäntsälä
2003,6.6,KU505,Mäntsälä
2004,6.9,KU505,Mäntsälä
2005,6.2,KU505,Mäntsälä
2006,5.1,KU505,Mäntsälä
2007,4.9,KU505,Mäntsälä
2008,5.0,KU505,Mäntsälä
2009,7.3,KU505,Mäntsälä
2010,6.2,KU505,Mäntsälä
2011,5.7,KU505,Mäntsälä
2012,5.8,KU505,Mäntsälä
2013,7.0,KU505,Mäntsälä
2014,8.1,KU505,Mäntsälä
2015,9.1,KU505,Mäntsälä
2016,8.7,KU505,Mäntsälä
2017,6.7,KU505,Mäntsälä
2018,5.9,KU505,Mäntsälä
2019,6.5,KU505,Mäntsälä
2020,9.3,KU505,Mäntsälä
2021,7.1,KU505,Mäntsälä
2022,6.8,KU505,Mäntsälä
2023,8.1,KU505,Mäntsälä
2024,8.8,KU505,Mäntsälä
1987,7.9,KU508,Mänttä-Vilppula
1988,5.6,KU508,Mänttä-Vilppula
1989,4.2,KU508,Mänttä-Vilppula
1990,7.0,KU508,Mänttä-Vilppula
1991,15.1,KU508,Mänttä-Vilppula
1992,19.4,KU508,Mänttä-Vilppula
1993,22.0,KU508,Mänttä-Vilppula
1994,21.0,KU508,Mänttä-Vilppula
1995,19.6,KU508,Mänttä-Vilppula
1996,21.0,KU508,Mänttä-Vilppula
1997,18.4,KU508,Mänttä-Vilppula
1998,16.2,KU508,Mänttä-Vilppula
1999,16.1,KU508,Mänttä-Vilppula
2000,16.3,KU508,Mänttä-Vilppula
2001,15.2,KU508,Mänttä-Vilppula
2002,14.8,KU508,Mänttä-Vilppula
2003,15.5,KU508,Mänttä-Vilppula
2004,14.2,KU508,Mänttä-Vilppula
2005,15.4,KU508,Mänttä-Vilppula
2006,12.1,KU508,Mänttä-Vilppula
2007,10.1,KU508,Mänttä-Vilppula
2008,10.2,KU508,Mänttä-Vilppula
2009,13.9,KU508,Mänttä-Vilppula
2010,13.6,KU508,Mänttä-Vilppula
2011,12.8,KU508,Mänttä-Vilppula
2012,13.9,KU508,Mänttä-Vilppula
2013,15.1,KU508,Mänttä-Vilppula
2014,16.5,KU508,Mänttä-Vilppula
2015,16.6,KU508,Mänttä-Vilppula
2016,14.9,KU508,Mänttä-Vilppula
2017,13.1,KU508,Mänttä-Vilppula
2018,10.3,KU508,Mänttä-Vilppula
2019,10.9,KU508,Mänttä-Vilppula
2020,13.5,KU508,Mänttä-Vilppula
2021,9.1,KU508,Mänttä-Vilppula
2022,9.4,KU508,Mänttä-Vilppula
2023,11.8,KU508,Mänttä-Vilppula
2024,13.0,KU508,Mänttä-Vilppula
1987,6.5,KU507,Mäntyharju
1988,6.4,KU507,Mäntyharju
1989,5.5,KU507,Mäntyharju
1990,6.3,KU507,Mäntyharju
1991,16.6,KU507,Mäntyharju
1992,21.4,KU507,Mäntyharju
1993,25.3,KU507,Mäntyharju
1994,24.2,KU507,Mäntyharju
1995,24.3,KU507,Mäntyharju
1996,22.8,KU507,Mäntyharju
1997,20.3,KU507,Mäntyharju
1998,17.9,KU507,Mäntyharju
1999,16.7,KU507,Mäntyharju
2000,14.8,KU507,Mäntyharju
2001,14.3,KU507,Mäntyharju
2002,14.7,KU507,Mäntyharju
2003,11.1,KU507,Mäntyharju
2004,12.8,KU507,Mäntyharju
2005,10.9,KU507,Mäntyharju
2006,10.9,KU507,Mäntyharju
2007,8.9,KU507,Mäntyharju
2008,9.5,KU507,Mäntyharju
2009,10.7,KU507,Mäntyharju
2010,9.5,KU507,Mäntyharju
2011,11.5,KU507,Mäntyharju
2012,13.2,KU507,Mäntyharju
2013,13.4,KU507,Mäntyharju
2014,15.7,KU507,Mäntyharju
2015,17.7,KU507,Mäntyharju
2016,16.7,KU507,Mäntyharju
2017,12.1,KU507,Mäntyharju
2018,11.1,KU507,Mäntyharju
2019,11.3,KU507,Mäntyharju
2020,12.7,KU507,Mäntyharju
2021,10.4,KU507,Mäntyharju
2022,10.2,KU507,Mäntyharju
2023,12.5,KU507,Mäntyharju
2024,12.1,KU507,Mäntyharju
1987,3.9,KU529,Naantali
1988,3.5,KU529,Naantali
1989,3.0,KU529,Naantali
1990,4.1,KU529,Naantali
1991,10.7,KU529,Naantali
1992,15.3,KU529,Naantali
1993,19.8,KU529,Naantali
1994,17.4,KU529,Naantali
1995,16.1,KU529,Naantali
1996,14.4,KU529,Naantali
1997,12.8,KU529,Naantali
1998,10.9,KU529,Naantali
1999,10.2,KU529,Naantali
2000,8.6,KU529,Naantali
2001,9.0,KU529,Naantali
2002,8.3,KU529,Naantali
2003,9.2,KU529,Naantali
2004,8.7,KU529,Naantali
2005,7.7,KU529,Naantali
2006,5.7,KU529,Naantali
2007,5.4,KU529,Naantali
2008,5.4,KU529,Naantali
2009,8.2,KU529,Naantali
2010,8.2,KU529,Naantali
2011,7.3,KU529,Naantali
2012,7.7,KU529,Naantali
2013,9.9,KU529,Naantali
2014,11.9,KU529,Naantali
2015,11.8,KU529,Naantali
2016,10.5,KU529,Naantali
2017,8.7,KU529,Naantali
2018,7.6,KU529,Naantali
2019,7.1,KU529,Naantali
2020,11.6,KU529,Naantali
2021,6.9,KU529,Naantali
2022,6.8,KU529,Naantali
2023,7.7,KU529,Naantali
2024,8.6,KU529,Naantali
1987,8.9,KU531,Nakkila
1988,8.5,KU531,Nakkila
1989,4.8,KU531,Nakkila
1990,5.9,KU531,Nakkila
1991,14.2,KU531,Nakkila
1992,20.8,KU531,Nakkila
1993,24.2,KU531,Nakkila
1994,21.3,KU531,Nakkila
1995,19.5,KU531,Nakkila
1996,18.2,KU531,Nakkila
1997,17.6,KU531,Nakkila
1998,17.2,KU531,Nakkila
1999,15.9,KU531,Nakkila
2000,14.9,KU531,Nakkila
2001,14.7,KU531,Nakkila
2002,16.0,KU531,Nakkila
2003,15.9,KU531,Nakkila
2004,15.6,KU531,Nakkila
2005,14.9,KU531,Nakkila
2006,12.9,KU531,Nakkila
2007,10.2,KU531,Nakkila
2008,10.7,KU531,Nakkila
2009,13.2,KU531,Nakkila
2010,10.9,KU531,Nakkila
2011,11.7,KU531,Nakkila
2012,10.8,KU531,Nakkila
2013,14.0,KU531,Nakkila
2014,14.4,KU531,Nakkila
2015,15.1,KU531,Nakkila
2016,15.3,KU531,Nakkila
2017,10.9,KU531,Nakkila
2018,9.5,KU531,Nakkila
2019,8.9,KU531,Nakkila
2020,11.2,KU531,Nakkila
2021,7.5,KU531,Nakkila
2022,7.8,KU531,Nakkila
2023,8.8,KU531,Nakkila
2024,10.2,KU531,Nakkila
1987,6.5,KU535,Nivala
1988,5.7,KU535,Nivala
1989,5.5,KU535,Nivala
1990,6.4,KU535,Nivala
1991,13.6,KU535,Nivala
1992,18.4,KU535,Nivala
1993,21.3,KU535,Nivala
1994,20.8,KU535,Nivala
1995,19.2,KU535,Nivala
1996,19.3,KU535,Nivala
1997,15.8,KU535,Nivala
1998,16.1,KU535,Nivala
1999,14.6,KU535,Nivala
2000,11.4,KU535,Nivala
2001,13.1,KU535,Nivala
2002,13.0,KU535,Nivala
2003,12.1,KU535,Nivala
2004,11.9,KU535,Nivala
2005,11.1,KU535,Nivala
2006,9.6,KU535,Nivala
2007,7.9,KU535,Nivala
2008,10.8,KU535,Nivala
2009,13.0,KU535,Nivala
2010,10.2,KU535,Nivala
2011,9.2,KU535,Nivala
2012,10.4,KU535,Nivala
2013,13.5,KU535,Nivala
2014,15.2,KU535,Nivala
2015,14.8,KU535,Nivala
2016,13.2,KU535,Nivala
2017,10.8,KU535,Nivala
2018,8.4,KU535,Nivala
2019,9.3,KU535,Nivala
2020,11.0,KU535,Nivala
2021,8.0,KU535,Nivala
2022,8.3,KU535,Nivala
2023,10.6,KU535,Nivala
2024,9.8,KU535,Nivala
1987,8.0,KU536,Nokia
1988,7.1,KU536,Nokia
1989,6.0,KU536,Nokia
1990,6.5,KU536,Nokia
1991,15.1,KU536,Nokia
1992,21.3,KU536,Nokia
1993,23.0,KU536,Nokia
1994,20.7,KU536,Nokia
1995,18.8,KU536,Nokia
1996,20.6,KU536,Nokia
1997,17.2,KU536,Nokia
1998,14.9,KU536,Nokia
1999,13.5,KU536,Nokia
2000,12.3,KU536,Nokia
2001,12.6,KU536,Nokia
2002,11.8,KU536,Nokia
2003,12.5,KU536,Nokia
2004,12.1,KU536,Nokia
2005,9.8,KU536,Nokia
2006,7.8,KU536,Nokia
2007,7.3,KU536,Nokia
2008,8.6,KU536,Nokia
2009,13.5,KU536,Nokia
2010,11.1,KU536,Nokia
2011,10.2,KU536,Nokia
2012,11.9,KU536,Nokia
2013,14.6,KU536,Nokia
2014,16.6,KU536,Nokia
2015,15.9,KU536,Nokia
2016,14.5,KU536,Nokia
2017,10.2,KU536,Nokia
2018,7.9,KU536,Nokia
2019,9.6,KU536,Nokia
2020,13.2,KU536,Nokia
2021,8.2,KU536,Nokia
2022,7.5,KU536,Nokia
2023,9.9,KU536,Nokia
2024,11.1,KU536,Nokia
1987,4.0,KU538,Nousiainen
1988,2.9,KU538,Nousiainen
1989,3.0,KU538,Nousiainen
1990,3.5,KU538,Nousiainen
1991,9.1,KU538,Nousiainen
1992,15.5,KU538,Nousiainen
1993,19.0,KU538,Nousiainen
1994,16.5,KU538,Nousiainen
1995,14.4,KU538,Nousiainen
1996,13.3,KU538,Nousiainen
1997,11.9,KU538,Nousiainen
1998,10.1,KU538,Nousiainen
1999,9.5,KU538,Nousiainen
2000,7.7,KU538,Nousiainen
2001,7.6,KU538,Nousiainen
2002,7.2,KU538,Nousiainen
2003,7.5,KU538,Nousiainen
2004,6.1,KU538,Nousiainen
2005,5.0,KU538,Nousiainen
2006,4.5,KU538,Nousiainen
2007,4.2,KU538,Nousiainen
2008,4.6,KU538,Nousiainen
2009,7.4,KU538,Nousiainen
2010,7.8,KU538,Nousiainen
2011,4.9,KU538,Nousiainen
2012,6.0,KU538,Nousiainen
2013,7.5,KU538,Nousiainen
2014,9.9,KU538,Nousiainen
2015,10.8,KU538,Nousiainen
2016,9.4,KU538,Nousiainen
2017,6.3,KU538,Nousiainen
2018,6.0,KU538,Nousiainen
2019,5.8,KU538,Nousiainen
2020,10.1,KU538,Nousiainen
2021,5.9,KU538,Nousiainen
2022,4.8,KU538,Nousiainen
2023,6.5,KU538,Nousiainen
2024,6.2,KU538,Nousiainen
1987,11.8,KU541,Nurmes
1988,10.4,KU541,Nurmes
1989,9.5,KU541,Nurmes
1990,11.5,KU541,Nurmes
1991,16.4,KU541,Nurmes
1992,25.5,KU541,Nurmes
1993,29.2,KU541,Nurmes
1994,28.8,KU541,Nurmes
1995,29.9,KU541,Nurmes
1996,31.9,KU541,Nurmes
1997,28.4,KU541,Nurmes
1998,29.4,KU541,Nurmes
1999,27.9,KU541,Nurmes
2000,25.6,KU541,Nurmes
2001,25.0,KU541,Nurmes
2002,21.3,KU541,Nurmes
2003,20.4,KU541,Nurmes
2004,21.3,KU541,Nurmes
2005,19.7,KU541,Nurmes
2006,16.3,KU541,Nurmes
2007,16.6,KU541,Nurmes
2008,17.1,KU541,Nurmes
2009,16.9,KU541,Nurmes
2010,16.8,KU541,Nurmes
2011,17.0,KU541,Nurmes
2012,16.1,KU541,Nurmes
2013,17.4,KU541,Nurmes
2014,18.4,KU541,Nurmes
2015,19.7,KU541,Nurmes
2016,18.6,KU541,Nurmes
2017,17.0,KU541,Nurmes
2018,14.8,KU541,Nurmes
2019,15.8,KU541,Nurmes
2020,17.4,KU541,Nurmes
2021,14.4,KU541,Nurmes
2022,13.5,KU541,Nurmes
2023,15.2,KU541,Nurmes
2024,16.5,KU541,Nurmes
1987,1.4,KU543,Nurmijärvi
1988,1.5,KU543,Nurmijärvi
1989,1.7,KU543,Nurmijärvi
1990,2.2,KU543,Nurmijärvi
1991,9.2,KU543,Nurmijärvi
1992,13.6,KU543,Nurmijärvi
1993,17.1,KU543,Nurmijärvi
1994,15.8,KU543,Nurmijärvi
1995,14.6,KU543,Nurmijärvi
1996,12.7,KU543,Nurmijärvi
1997,9.8,KU543,Nurmijärvi
1998,7.9,KU543,Nurmijärvi
1999,6.6,KU543,Nurmijärvi
2000,6.0,KU543,Nurmijärvi
2001,6.1,KU543,Nurmijärvi
2002,5.8,KU543,Nurmijärvi
2003,5.5,KU543,Nurmijärvi
2004,5.5,KU543,Nurmijärvi
2005,4.7,KU543,Nurmijärvi
2006,4.5,KU543,Nurmijärvi
2007,3.9,KU543,Nurmijärvi
2008,3.5,KU543,Nurmijärvi
2009,5.8,KU543,Nurmijärvi
2010,5.3,KU543,Nurmijärvi
2011,4.5,KU543,Nurmijärvi
2012,4.9,KU543,Nurmijärvi
2013,6.3,KU543,Nurmijärvi
2014,8.2,KU543,Nurmijärvi
2015,8.5,KU543,Nurmijärvi
2016,7.5,KU543,Nurmijärvi
2017,6.5,KU543,Nurmijärvi
2018,6.0,KU543,Nurmijärvi
2019,6.1,KU543,Nurmijärvi
2020,10.5,KU543,Nurmijärvi
2021,7.2,KU543,Nurmijärvi
2022,7.0,KU543,Nurmijärvi
2023,8.0,KU543,Nurmijärvi
2024,8.6,KU543,Nurmijärvi
1987,3.3,KU545,Närpiö
1988,3.7,KU545,Närpiö
1989,3.8,KU545,Närpiö
1990,5.4,KU545,Närpiö
1991,12.6,KU545,Närpiö
1992,14.3,KU545,Närpiö
1993,16.1,KU545,Närpiö
1994,13.6,KU545,Närpiö
1995,13.1,KU545,Närpiö
1996,13.4,KU545,Närpiö
1997,10.9,KU545,Närpiö
1998,9.7,KU545,Närpiö
1999,10.9,KU545,Närpiö
2000,8.1,KU545,Närpiö
2001,7.6,KU545,Närpiö
2002,5.8,KU545,Närpiö
2003,5.4,KU545,Närpiö
2004,5.5,KU545,Närpiö
2005,5.0,KU545,Närpiö
2006,4.5,KU545,Närpiö
2007,3.0,KU545,Närpiö
2008,3.8,KU545,Närpiö
2009,6.9,KU545,Närpiö
2010,5.3,KU545,Närpiö
2011,4.4,KU545,Närpiö
2012,3.9,KU545,Närpiö
2013,4.9,KU545,Närpiö
2014,6.3,KU545,Närpiö
2015,5.5,KU545,Närpiö
2016,5.5,KU545,Närpiö
2017,4.0,KU545,Närpiö
2018,3.9,KU545,Närpiö
2019,4.0,KU545,Närpiö
2020,5.1,KU545,Närpiö
2021,3.6,KU545,Närpiö
2022,6.5,KU545,Närpiö
2023,5.1,KU545,Närpiö
2024,4.7,KU545,Närpiö
1987,5.5,KU560,Orimattila
1988,4.1,KU560,Orimattila
1989,3.1,KU560,Orimattila
1990,4.4,KU560,Orimattila
1991,12.1,KU560,Orimattila
1992,18.0,KU560,Orimattila
1993,23.3,KU560,Orimattila
1994,21.6,KU560,Orimattila
1995,20.8,KU560,Orimattila
1996,19.2,KU560,Orimattila
1997,16.0,KU560,Orimattila
1998,14.3,KU560,Orimattila
1999,12.9,KU560,Orimattila
2000,11.2,KU560,Orimattila
2001,11.1,KU560,Orimattila
2002,10.5,KU560,Orimattila
2003,10.7,KU560,Orimattila
2004,10.6,KU560,Orimattila
2005,11.4,KU560,Orimattila
2006,9.4,KU560,Orimattila
2007,8.1,KU560,Orimattila
2008,9.0,KU560,Orimattila
2009,13.2,KU560,Orimattila
2010,10.5,KU560,Orimattila
2011,10.8,KU560,Orimattila
2012,11.6,KU560,Orimattila
2013,12.8,KU560,Orimattila
2014,15.6,KU560,Orimattila
2015,14.6,KU560,Orimattila
2016,13.5,KU560,Orimattila
2017,12.2,KU560,Orimattila
2018,10.5,KU560,Orimattila
2019,9.3,KU560,Orimattila
2020,13.5,KU560,Orimattila
2021,11.1,KU560,Orimattila
2022,10.4,KU560,Orimattila
2023,12.1,KU560,Orimattila
2024,13.0,KU560,Orimattila
1987,5.1,KU561,Oripää
1988,4.4,KU561,Oripää
1989,2.3,KU561,Oripää
1990,4.4,KU561,Oripää
1991,11.1,KU561,Oripää
1992,15.9,KU561,Oripää
1993,18.6,KU561,Oripää
1994,16.7,KU561,Oripää
1995,14.9,KU561,Oripää
1996,14.0,KU561,Oripää
1997,12.5,KU561,Oripää
1998,11.0,KU561,Oripää
1999,10.5,KU561,Oripää
2000,9.3,KU561,Oripää
2001,8.7,KU561,Oripää
2002,10.0,KU561,Oripää
2003,11.0,KU561,Oripää
2004,11.8,KU561,Oripää
2005,9.8,KU561,Oripää
2006,7.9,KU561,Oripää
2007,7.3,KU561,Oripää
2008,7.9,KU561,Oripää
2009,9.6,KU561,Oripää
2010,9.2,KU561,Oripää
2011,8.4,KU561,Oripää
2012,7.7,KU561,Oripää
2013,9.8,KU561,Oripää
2014,10.9,KU561,Oripää
2015,9.4,KU561,Oripää
2016,9.7,KU561,Oripää
2017,7.3,KU561,Oripää
2018,6.9,KU561,Oripää
2019,7.9,KU561,Oripää
2020,8.2,KU561,Oripää
2021,7.3,KU561,Oripää
2022,9.2,KU561,Oripää
2023,8.7,KU561,Oripää
2024,8.7,KU561,Oripää
1987,5.2,KU562,Orivesi
1988,6.4,KU562,Orivesi
1989,4.3,KU562,Orivesi
1990,7.5,KU562,Orivesi
1991,12.7,KU562,Orivesi
1992,17.8,KU562,Orivesi
1993,24.9,KU562,Orivesi
1994,21.8,KU562,Orivesi
1995,22.2,KU562,Orivesi
1996,21.1,KU562,Orivesi
1997,20.0,KU562,Orivesi
1998,16.6,KU562,Orivesi
1999,17.0,KU562,Orivesi
2000,14.5,KU562,Orivesi
2001,16.5,KU562,Orivesi
2002,15.7,KU562,Orivesi
2003,16.0,KU562,Orivesi
2004,15.9,KU562,Orivesi
2005,14.1,KU562,Orivesi
2006,11.8,KU562,Orivesi
2007,10.3,KU562,Orivesi
2008,11.3,KU562,Orivesi
2009,14.8,KU562,Orivesi
2010,12.7,KU562,Orivesi
2011,11.1,KU562,Orivesi
2012,13.3,KU562,Orivesi
2013,14.8,KU562,Orivesi
2014,16.3,KU562,Orivesi
2015,16.2,KU562,Orivesi
2016,14.9,KU562,Orivesi
2017,12.0,KU562,Orivesi
2018,9.9,KU562,Orivesi
2019,10.8,KU562,Orivesi
2020,12.7,KU562,Orivesi
2021,10.7,KU562,Orivesi
2022,9.5,KU562,Orivesi
2023,10.8,KU562,Orivesi
2024,11.5,KU562,Orivesi
1987,7.3,KU563,Oulainen
1988,5.6,KU563,Oulainen
1989,5.2,KU563,Oulainen
1990,6.1,KU563,Oulainen
1991,11.3,KU563,Oulainen
1992,18.1,KU563,Oulainen
1993,20.3,KU563,Oulainen
1994,16.7,KU563,Oulainen
1995,18.0,KU563,Oulainen
1996,18.4,KU563,Oulainen
1997,15.3,KU563,Oulainen
1998,14.8,KU563,Oulainen
1999,12.8,KU563,Oulainen
2000,11.2,KU563,Oulainen
2001,11.9,KU563,Oulainen
2002,10.9,KU563,Oulainen
2003,9.9,KU563,Oulainen
2004,12.1,KU563,Oulainen
2005,11.7,KU563,Oulainen
2006,10.6,KU563,Oulainen
2007,10.0,KU563,Oulainen
2008,10.8,KU563,Oulainen
2009,14.7,KU563,Oulainen
2010,12.4,KU563,Oulainen
2011,12.1,KU563,Oulainen
2012,12.5,KU563,Oulainen
2013,14.9,KU563,Oulainen
2014,15.6,KU563,Oulainen
2015,14.8,KU563,Oulainen
2016,13.5,KU563,Oulainen
2017,11.1,KU563,Oulainen
2018,10.2,KU563,Oulainen
2019,12.4,KU563,Oulainen
2020,13.5,KU563,Oulainen
2021,9.4,KU563,Oulainen
2022,9.0,KU563,Oulainen
2023,11.7,KU563,Oulainen
2024,10.6,KU563,Oulainen
1987,7.2,KU564,Oulu
1988,6.5,KU564,Oulu
1989,5.0,KU564,Oulu
1990,6.4,KU564,Oulu
1991,12.1,KU564,Oulu
1992,18.8,KU564,Oulu
1993,23.3,KU564,Oulu
1994,22.3,KU564,Oulu
1995,20.9,KU564,Oulu
1996,19.9,KU564,Oulu
1997,17.0,KU564,Oulu
1998,16.7,KU564,Oulu
1999,15.1,KU564,Oulu
2000,13.7,KU564,Oulu
2001,13.9,KU564,Oulu
2002,13.4,KU564,Oulu
2003,13.1,KU564,Oulu
2004,12.8,KU564,Oulu
2005,12.9,KU564,Oulu
2006,11.5,KU564,Oulu
2007,10.8,KU564,Oulu
2008,11.4,KU564,Oulu
2009,13.7,KU564,Oulu
2010,12.5,KU564,Oulu
2011,12.3,KU564,Oulu
2012,13.9,KU564,Oulu
2013,15.7,KU564,Oulu
2014,17.3,KU564,Oulu
2015,17.4,KU564,Oulu
2016,16.7,KU564,Oulu
2017,14.0,KU564,Oulu
2018,11.9,KU564,Oulu
2019,11.8,KU564,Oulu
2020,14.1,KU564,Oulu
2021,11.8,KU564,Oulu
2022,12.0,KU564,Oulu
2023,13.2,KU564,Oulu
2024,13.7,KU564,Oulu
1987,12.4,KU309,Outokumpu
1988,10.7,KU309,Outokumpu
1989,11.0,KU309,Outokumpu
1990,11.2,KU309,Outokumpu
1991,19.1,KU309,Outokumpu
1992,24.4,KU309,Outokumpu
1993,26.6,KU309,Outokumpu
1994,25.8,KU309,Outokumpu
1995,26.7,KU309,Outokumpu
1996,27.7,KU309,Outokumpu
1997,25.6,KU309,Outokumpu
1998,24.3,KU309,Outokumpu
1999,23.1,KU309,Outokumpu
2000,19.8,KU309,Outokumpu
2001,20.6,KU309,Outokumpu
2002,19.5,KU309,Outokumpu
2003,18.4,KU309,Outokumpu
2004,19.7,KU309,Outokumpu
2005,18.1,KU309,Outokumpu
2006,16.3,KU309,Outokumpu
2007,15.6,KU309,Outokumpu
2008,16.2,KU309,Outokumpu
2009,21.6,KU309,Outokumpu
2010,16.0,KU309,Outokumpu
2011,15.5,KU309,Outokumpu
2012,16.3,KU309,Outokumpu
2013,17.6,KU309,Outokumpu
2014,17.3,KU309,Outokumpu
2015,19.7,KU309,Outokumpu
2016,19.8,KU309,Outokumpu
2017,17.5,KU309,Outokumpu
2018,15.3,KU309,Outokumpu
2019,16.7,KU309,Outokumpu
2020,21.8,KU309,Outokumpu
2021,16.5,KU309,Outokumpu
2022,17.2,KU309,Outokumpu
2023,17.2,KU309,Outokumpu
2024,19.5,KU309,Outokumpu
1987,4.6,KU576,Padasjoki
1988,3.1,KU576,Padasjoki
1989,2.6,KU576,Padasjoki
1990,4.0,KU576,Padasjoki
1991,11.1,KU576,Padasjoki
1992,18.2,KU576,Padasjoki
1993,23.1,KU576,Padasjoki
1994,20.3,KU576,Padasjoki
1995,20.1,KU576,Padasjoki
1996,21.0,KU576,Padasjoki
1997,17.4,KU576,Padasjoki
1998,18.2,KU576,Padasjoki
1999,16.1,KU576,Padasjoki
2000,13.1,KU576,Padasjoki
2001,14.5,KU576,Padasjoki
2002,14.5,KU576,Padasjoki
2003,16.2,KU576,Padasjoki
2004,13.9,KU576,Padasjoki
2005,13.3,KU576,Padasjoki
2006,12.5,KU576,Padasjoki
2007,10.6,KU576,Padasjoki
2008,10.6,KU576,Padasjoki
2009,12.7,KU576,Padasjoki
2010,11.3,KU576,Padasjoki
2011,10.4,KU576,Padasjoki
2012,10.2,KU576,Padasjoki
2013,13.2,KU576,Padasjoki
2014,14.9,KU576,Padasjoki
2015,16.1,KU576,Padasjoki
2016,13.8,KU576,Padasjoki
2017,13.5,KU576,Padasjoki
2018,12.2,KU576,Padasjoki
2019,10.9,KU576,Padasjoki
2020,13.5,KU576,Padasjoki
2021,11.9,KU576,Padasjoki
2022,11.8,KU576,Padasjoki
2023,14.0,KU576,Padasjoki
2024,15.7,KU576,Padasjoki
1987,2.5,KU577,Paimio
1988,1.7,KU577,Paimio
1989,1.3,KU577,Paimio
1990,1.5,KU577,Paimio
1991,7.2,KU577,Paimio
1992,12.0,KU577,Paimio
1993,16.0,KU577,Paimio
1994,12.5,KU577,Paimio
1995,10.7,KU577,Paimio
1996,9.5,KU577,Paimio
1997,7.8,KU577,Paimio
1998,6.4,KU577,Paimio
1999,5.7,KU577,Paimio
2000,4.9,KU577,Paimio
2001,5.3,KU577,Paimio
2002,5.2,KU577,Paimio
2003,6.0,KU577,Paimio
2004,5.4,KU577,Paimio
2005,4.4,KU577,Paimio
2006,3.9,KU577,Paimio
2007,3.0,KU577,Paimio
2008,3.5,KU577,Paimio
2009,6.2,KU577,Paimio
2010,5.9,KU577,Paimio
2011,5.5,KU577,Paimio
2012,7.0,KU577,Paimio
2013,7.7,KU577,Paimio
2014,8.5,KU577,Paimio
2015,9.4,KU577,Paimio
2016,10.1,KU577,Paimio
2017,6.2,KU577,Paimio
2018,4.5,KU577,Paimio
2019,4.8,KU577,Paimio
2020,9.4,KU577,Paimio
2021,5.2,KU577,Paimio
2022,4.9,KU577,Paimio
2023,5.9,KU577,Paimio
2024,6.9,KU577,Paimio
1987,12.7,KU578,Paltamo
1988,9.9,KU578,Paltamo
1989,7.9,KU578,Paltamo
1990,9.8,KU578,Paltamo
1991,18.3,KU578,Paltamo
1992,26.2,KU578,Paltamo
1993,29.1,KU578,Paltamo
1994,26.8,KU578,Paltamo
1995,29.3,KU578,Paltamo
1996,30.3,KU578,Paltamo
1997,25.3,KU578,Paltamo
1998,25.0,KU578,Paltamo
1999,23.8,KU578,Paltamo
2000,24.8,KU578,Paltamo
2001,26.4,KU578,Paltamo
2002,21.2,KU578,Paltamo
2003,21.9,KU578,Paltamo
2004,20.9,KU578,Paltamo
2005,21.7,KU578,Paltamo
2006,19.7,KU578,Paltamo
2007,18.0,KU578,Paltamo
2008,18.4,KU578,Paltamo
2009,12.8,KU578,Paltamo
2010,6.5,KU578,Paltamo
2011,4.7,KU578,Paltamo
2012,5.7,KU578,Paltamo
2013,17.6,KU578,Paltamo
2014,22.0,KU578,Paltamo
2015,19.1,KU578,Paltamo
2016,17.8,KU578,Paltamo
2017,18.4,KU578,Paltamo
2018,15.0,KU578,Paltamo
2019,15.4,KU578,Paltamo
2020,15.8,KU578,Paltamo
2021,13.4,KU578,Paltamo
2022,12.3,KU578,Paltamo
2023,11.1,KU578,Paltamo
2024,12.0,KU578,Paltamo
1987,4.6,KU445,Parainen
1988,3.7,KU445,Parainen
1989,3.2,KU445,Parainen
1990,4.4,KU445,Parainen
1991,8.5,KU445,Parainen
1992,13.8,KU445,Parainen
1993,17.3,KU445,Parainen
1994,16.3,KU445,Parainen
1995,14.6,KU445,Parainen
1996,13.0,KU445,Parainen
1997,10.8,KU445,Parainen
1998,9.9,KU445,Parainen
1999,9.2,KU445,Parainen
2000,8.2,KU445,Parainen
2001,8.7,KU445,Parainen
2002,7.9,KU445,Parainen
2003,8.4,KU445,Parainen
2004,8.2,KU445,Parainen
2005,7.3,KU445,Parainen
2006,5.9,KU445,Parainen
2007,5.0,KU445,Parainen
2008,4.8,KU445,Parainen
2009,6.8,KU445,Parainen
2010,6.6,KU445,Parainen
2011,5.8,KU445,Parainen
2012,5.6,KU445,Parainen
2013,7.0,KU445,Parainen
2014,8.7,KU445,Parainen
2015,8.4,KU445,Parainen
2016,8.7,KU445,Parainen
2017,7.1,KU445,Parainen
2018,6.0,KU445,Parainen
2019,5.5,KU445,Parainen
2020,9.1,KU445,Parainen
2021,6.2,KU445,Parainen
2022,6.1,KU445,Parainen
2023,6.3,KU445,Parainen
2024,6.3,KU445,Parainen
1987,8.2,KU580,Parikkala
1988,6.4,KU580,Parikkala
1989,7.4,KU580,Parikkala
1990,7.3,KU580,Parikkala
1991,11.6,KU580,Parikkala
1992,19.7,KU580,Parikkala
1993,22.1,KU580,Parikkala
1994,22.5,KU580,Parikkala
1995,24.4,KU580,Parikkala
1996,25.8,KU580,Parikkala
1997,23.2,KU580,Parikkala
1998,23.1,KU580,Parikkala
1999,22.4,KU580,Parikkala
2000,20.4,KU580,Parikkala
2001,19.0,KU580,Parikkala
2002,19.6,KU580,Parikkala
2003,18.4,KU580,Parikkala
2004,17.3,KU580,Parikkala
2005,16.8,KU580,Parikkala
2006,15.3,KU580,Parikkala
2007,13.8,KU580,Parikkala
2008,13.4,KU580,Parikkala
2009,14.9,KU580,Parikkala
2010,14.6,KU580,Parikkala
2011,13.8,KU580,Parikkala
2012,14.3,KU580,Parikkala
2013,16.5,KU580,Parikkala
2014,16.0,KU580,Parikkala
2015,16.7,KU580,Parikkala
2016,16.5,KU580,Parikkala
2017,14.7,KU580,Parikkala
2018,12.2,KU580,Parikkala
2019,12.1,KU580,Parikkala
2020,15.1,KU580,Parikkala
2021,11.6,KU580,Parikkala
2022,11.6,KU580,Parikkala
2023,14.8,KU580,Parikkala
2024,13.1,KU580,Parikkala
1987,8.7,KU581,Parkano
1988,8.9,KU581,Parkano
1989,5.8,KU581,Parkano
1990,7.7,KU581,Parkano
1991,13.9,KU581,Parkano
1992,21.1,KU581,Parkano
1993,24.6,KU581,Parkano
1994,22.1,KU581,Parkano
1995,22.0,KU581,Parkano
1996,23.5,KU581,Parkano
1997,18.8,KU581,Parkano
1998,15.7,KU581,Parkano
1999,14.3,KU581,Parkano
2000,14.2,KU581,Parkano
2001,15.0,KU581,Parkano
2002,14.4,KU581,Parkano
2003,14.1,KU581,Parkano
2004,12.4,KU581,Parkano
2005,12.6,KU581,Parkano
2006,10.5,KU581,Parkano
2007,8.6,KU581,Parkano
2008,9.2,KU581,Parkano
2009,12.8,KU581,Parkano
2010,10.7,KU581,Parkano
2011,9.5,KU581,Parkano
2012,9.5,KU581,Parkano
2013,13.2,KU581,Parkano
2014,15.5,KU581,Parkano
2015,16.5,KU581,Parkano
2016,14.8,KU581,Parkano
2017,11.2,KU581,Parkano
2018,9.2,KU581,Parkano
2019,10.5,KU581,Parkano
2020,13.7,KU581,Parkano
2021,9.9,KU581,Parkano
2022,9.9,KU581,Parkano
2023,9.7,KU581,Parkano
2024,12.0,KU581,Parkano
1987,2.0,KU599,Pedersören kunta
1988,3.0,KU599,Pedersören kunta
1989,2.8,KU599,Pedersören kunta
1990,4.9,KU599,Pedersören kunta
1991,8.9,KU599,Pedersören kunta
1992,13.4,KU599,Pedersören kunta
1993,15.8,KU599,Pedersören kunta
1994,12.2,KU599,Pedersören kunta
1995,12.4,KU599,Pedersören kunta
1996,10.4,KU599,Pedersören kunta
1997,8.7,KU599,Pedersören kunta
1998,8.6,KU599,Pedersören kunta
1999,8.2,KU599,Pedersören kunta
2000,6.9,KU599,Pedersören kunta
2001,6.3,KU599,Pedersören kunta
2002,5.4,KU599,Pedersören kunta
2003,5.5,KU599,Pedersören kunta
2004,5.4,KU599,Pedersören kunta
2005,5.1,KU599,Pedersören kunta
2006,4.2,KU599,Pedersören kunta
2007,3.8,KU599,Pedersören kunta
2008,4.2,KU599,Pedersören kunta
2009,8.8,KU599,Pedersören kunta
2010,4.5,KU599,Pedersören kunta
2011,3.9,KU599,Pedersören kunta
2012,3.4,KU599,Pedersören kunta
2013,5.1,KU599,Pedersören kunta
2014,4.6,KU599,Pedersören kunta
2015,4.5,KU599,Pedersören kunta
2016,5.2,KU599,Pedersören kunta
2017,3.8,KU599,Pedersören kunta
2018,3.0,KU599,Pedersören kunta
2019,2.9,KU599,Pedersören kunta
2020,7.1,KU599,Pedersören kunta
2021,2.8,KU599,Pedersören kunta
2022,2.7,KU599,Pedersören kunta
2023,3.8,KU599,Pedersören kunta
2024,4.2,KU599,Pedersören kunta
1987,16.2,KU583,Pelkosenniemi
1988,13.6,KU583,Pelkosenniemi
1989,6.1,KU583,Pelkosenniemi
1990,15.4,KU583,Pelkosenniemi
1991,26.1,KU583,Pelkosenniemi
1992,32.2,KU583,Pelkosenniemi
1993,37.1,KU583,Pelkosenniemi
1994,34.5,KU583,Pelkosenniemi
1995,34.6,KU583,Pelkosenniemi
1996,37.4,KU583,Pelkosenniemi
1997,31.0,KU583,Pelkosenniemi
1998,31.6,KU583,Pelkosenniemi
1999,28.1,KU583,Pelkosenniemi
2000,28.0,KU583,Pelkosenniemi
2001,30.8,KU583,Pelkosenniemi
2002,27.1,KU583,Pelkosenniemi
2003,28.7,KU583,Pelkosenniemi
2004,27.2,KU583,Pelkosenniemi
2005,27.7,KU583,Pelkosenniemi
2006,23.2,KU583,Pelkosenniemi
2007,19.2,KU583,Pelkosenniemi
2008,20.3,KU583,Pelkosenniemi
2009,21.8,KU583,Pelkosenniemi
2010,21.6,KU583,Pelkosenniemi
2011,18.4,KU583,Pelkosenniemi
2012,20.5,KU583,Pelkosenniemi
2013,24.1,KU583,Pelkosenniemi
2014,21.0,KU583,Pelkosenniemi
2015,22.1,KU583,Pelkosenniemi
2016,19.4,KU583,Pelkosenniemi
2017,17.9,KU583,Pelkosenniemi
2018,13.8,KU583,Pelkosenniemi
2019,12.2,KU583,Pelkosenniemi
2020,17.2,KU583,Pelkosenniemi
2021,12.4,KU583,Pelkosenniemi
2022,8.6,KU583,Pelkosenniemi
2023,7.4,KU583,Pelkosenniemi
2024,7.0,KU583,Pelkosenniemi
1987,16.6,KU854,Pello
1988,15.8,KU854,Pello
1989,13.2,KU854,Pello
1990,11.9,KU854,Pello
1991,22.9,KU854,Pello
1992,27.9,KU854,Pello
1993,34.7,KU854,Pello
1994,37.1,KU854,Pello
1995,33.4,KU854,Pello
1996,31.7,KU854,Pello
1997,27.9,KU854,Pello
1998,27.9,KU854,Pello
1999,27.6,KU854,Pello
2000,23.6,KU854,Pello
2001,24.2,KU854,Pello
2002,19.3,KU854,Pello
2003,20.3,KU854,Pello
2004,21.1,KU854,Pello
2005,21.2,KU854,Pello
2006,17.5,KU854,Pello
2007,15.8,KU854,Pello
2008,18.2,KU854,Pello
2009,18.5,KU854,Pello
2010,16.3,KU854,Pello
2011,15.8,KU854,Pello
2012,16.0,KU854,Pello
2013,17.5,KU854,Pello
2014,19.0,KU854,Pello
2015,19.5,KU854,Pello
2016,17.3,KU854,Pello
2017,17.7,KU854,Pello
2018,14.1,KU854,Pello
2019,14.0,KU854,Pello
2020,16.2,KU854,Pello
2021,12.6,KU854,Pello
2022,11.5,KU854,Pello
2023,11.9,KU854,Pello
2024,11.8,KU854,Pello
1987,5.8,KU584,Perho
1988,5.2,KU584,Perho
1989,4.8,KU584,Perho
1990,7.0,KU584,Perho
1991,12.0,KU584,Perho
1992,19.3,KU584,Perho
1993,25.4,KU584,Perho
1994,20.9,KU584,Perho
1995,20.0,KU584,Perho
1996,19.6,KU584,Perho
1997,18.0,KU584,Perho
1998,15.6,KU584,Perho
1999,14.5,KU584,Perho
2000,14.0,KU584,Perho
2001,14.7,KU584,Perho
2002,11.9,KU584,Perho
2003,11.1,KU584,Perho
2004,11.7,KU584,Perho
2005,12.9,KU584,Perho
2006,10.5,KU584,Perho
2007,7.7,KU584,Perho
2008,11.5,KU584,Perho
2009,13.3,KU584,Perho
2010,9.5,KU584,Perho
2011,11.9,KU584,Perho
2012,10.7,KU584,Perho
2013,13.9,KU584,Perho
2014,13.3,KU584,Perho
2015,15.1,KU584,Perho
2016,12.5,KU584,Perho
2017,9.9,KU584,Perho
2018,8.3,KU584,Perho
2019,9.2,KU584,Perho
2020,10.9,KU584,Perho
2021,8.7,KU584,Perho
2022,10.0,KU584,Perho
2023,10.7,KU584,Perho
2024,11.6,KU584,Perho
1987,9.2,KU592,Petäjävesi
1988,8.4,KU592,Petäjävesi
1989,7.0,KU592,Petäjävesi
1990,9.4,KU592,Petäjävesi
1991,16.3,KU592,Petäjävesi
1992,23.8,KU592,Petäjävesi
1993,29.3,KU592,Petäjävesi
1994,26.8,KU592,Petäjävesi
1995,27.4,KU592,Petäjävesi
1996,26.4,KU592,Petäjävesi
1997,22.6,KU592,Petäjävesi
1998,22.6,KU592,Petäjävesi
1999,19.8,KU592,Petäjävesi
2000,17.7,KU592,Petäjävesi
2001,17.8,KU592,Petäjävesi
2002,17.4,KU592,Petäjävesi
2003,15.9,KU592,Petäjävesi
2004,16.8,KU592,Petäjävesi
2005,15.6,KU592,Petäjävesi
2006,12.3,KU592,Petäjävesi
2007,11.2,KU592,Petäjävesi
2008,10.4,KU592,Petäjävesi
2009,13.0,KU592,Petäjävesi
2010,11.0,KU592,Petäjävesi
2011,11.3,KU592,Petäjävesi
2012,12.9,KU592,Petäjävesi
2013,16.9,KU592,Petäjävesi
2014,16.6,KU592,Petäjävesi
2015,17.3,KU592,Petäjävesi
2016,15.1,KU592,Petäjävesi
2017,11.6,KU592,Petäjävesi
2018,11.4,KU592,Petäjävesi
2019,12.6,KU592,Petäjävesi
2020,13.5,KU592,Petäjävesi
2021,12.2,KU592,Petäjävesi
2022,9.9,KU592,Petäjävesi
2023,12.9,KU592,Petäjävesi
2024,12.2,KU592,Petäjävesi
1987,7.0,KU593,Pieksämäki
1988,6.8,KU593,Pieksämäki
1989,6.9,KU593,Pieksämäki
1990,7.5,KU593,Pieksämäki
1991,13.5,KU593,Pieksämäki
1992,19.4,KU593,Pieksämäki
1993,25.4,KU593,Pieksämäki
1994,23.4,KU593,Pieksämäki
1995,22.5,KU593,Pieksämäki
1996,21.6,KU593,Pieksämäki
1997,20.2,KU593,Pieksämäki
1998,19.9,KU593,Pieksämäki
1999,17.6,KU593,Pieksämäki
2000,18.8,KU593,Pieksämäki
2001,16.5,KU593,Pieksämäki
2002,15.8,KU593,Pieksämäki
2003,15.3,KU593,Pieksämäki
2004,15.4,KU593,Pieksämäki
2005,13.1,KU593,Pieksämäki
2006,12.2,KU593,Pieksämäki
2007,10.3,KU593,Pieksämäki
2008,10.7,KU593,Pieksämäki
2009,13.5,KU593,Pieksämäki
2010,10.7,KU593,Pieksämäki
2011,9.6,KU593,Pieksämäki
2012,11.2,KU593,Pieksämäki
2013,13.1,KU593,Pieksämäki
2014,14.5,KU593,Pieksämäki
2015,14.9,KU593,Pieksämäki
2016,13.5,KU593,Pieksämäki
2017,11.9,KU593,Pieksämäki
2018,10.2,KU593,Pieksämäki
2019,9.7,KU593,Pieksämäki
2020,12.0,KU593,Pieksämäki
2021,10.0,KU593,Pieksämäki
2022,9.2,KU593,Pieksämäki
2023,10.2,KU593,Pieksämäki
2024,12.0,KU593,Pieksämäki
1987,11.5,KU595,Pielavesi
1988,10.1,KU595,Pielavesi
1989,7.5,KU595,Pielavesi
1990,12.5,KU595,Pielavesi
1991,15.3,KU595,Pielavesi
1992,19.8,KU595,Pielavesi
1993,26.6,KU595,Pielavesi
1994,25.5,KU595,Pielavesi
1995,27.7,KU595,Pielavesi
1996,27.0,KU595,Pielavesi
1997,24.6,KU595,Pielavesi
1998,21.8,KU595,Pielavesi
1999,21.5,KU595,Pielavesi
2000,20.3,KU595,Pielavesi
2001,20.2,KU595,Pielavesi
2002,17.1,KU595,Pielavesi
2003,15.0,KU595,Pielavesi
2004,15.3,KU595,Pielavesi
2005,15.7,KU595,Pielavesi
2006,14.1,KU595,Pielavesi
2007,12.7,KU595,Pielavesi
2008,13.9,KU595,Pielavesi
2009,14.9,KU595,Pielavesi
2010,12.6,KU595,Pielavesi
2011,11.6,KU595,Pielavesi
2012,13.4,KU595,Pielavesi
2013,13.6,KU595,Pielavesi
2014,14.4,KU595,Pielavesi
2015,14.3,KU595,Pielavesi
2016,12.2,KU595,Pielavesi
2017,11.0,KU595,Pielavesi
2018,10.4,KU595,Pielavesi
2019,10.1,KU595,Pielavesi
2020,12.0,KU595,Pielavesi
2021,9.9,KU595,Pielavesi
2022,9.4,KU595,Pielavesi
2023,11.6,KU595,Pielavesi
2024,11.7,KU595,Pielavesi
1987,5.3,KU598,Pietarsaari
1988,5.2,KU598,Pietarsaari
1989,5.4,KU598,Pietarsaari
1990,6.8,KU598,Pietarsaari
1991,11.1,KU598,Pietarsaari
1992,16.7,KU598,Pietarsaari
1993,20.1,KU598,Pietarsaari
1994,17.0,KU598,Pietarsaari
1995,16.9,KU598,Pietarsaari
1996,16.1,KU598,Pietarsaari
1997,14.1,KU598,Pietarsaari
1998,13.7,KU598,Pietarsaari
1999,13.9,KU598,Pietarsaari
2000,12.0,KU598,Pietarsaari
2001,10.5,KU598,Pietarsaari
2002,10.1,KU598,Pietarsaari
2003,9.3,KU598,Pietarsaari
2004,9.3,KU598,Pietarsaari
2005,9.1,KU598,Pietarsaari
2006,8.6,KU598,Pietarsaari
2007,7.4,KU598,Pietarsaari
2008,8.0,KU598,Pietarsaari
2009,11.6,KU598,Pietarsaari
2010,9.5,KU598,Pietarsaari
2011,8.5,KU598,Pietarsaari
2012,8.8,KU598,Pietarsaari
2013,10.0,KU598,Pietarsaari
2014,11.2,KU598,Pietarsaari
2015,11.0,KU598,Pietarsaari
2016,10.8,KU598,Pietarsaari
2017,8.1,KU598,Pietarsaari
2018,7.0,KU598,Pietarsaari
2019,7.7,KU598,Pietarsaari
2020,10.6,KU598,Pietarsaari
2021,7.0,KU598,Pietarsaari
2022,7.0,KU598,Pietarsaari
2023,8.8,KU598,Pietarsaari
2024,10.8,KU598,Pietarsaari
1987,11.2,KU601,Pihtipudas
1988,8.2,KU601,Pihtipudas
1989,7.5,KU601,Pihtipudas
1990,9.5,KU601,Pihtipudas
1991,15.1,KU601,Pihtipudas
1992,22.7,KU601,Pihtipudas
1993,27.9,KU601,Pihtipudas
1994,25.1,KU601,Pihtipudas
1995,25.4,KU601,Pihtipudas
1996,26.8,KU601,Pihtipudas
1997,23.0,KU601,Pihtipudas
1998,21.6,KU601,Pihtipudas
1999,20.8,KU601,Pihtipudas
2000,17.8,KU601,Pihtipudas
2001,17.4,KU601,Pihtipudas
2002,16.5,KU601,Pihtipudas
2003,16.8,KU601,Pihtipudas
2004,15.8,KU601,Pihtipudas
2005,16.6,KU601,Pihtipudas
2006,13.4,KU601,Pihtipudas
2007,12.1,KU601,Pihtipudas
2008,13.7,KU601,Pihtipudas
2009,13.9,KU601,Pihtipudas
2010,14.4,KU601,Pihtipudas
2011,14.1,KU601,Pihtipudas
2012,14.1,KU601,Pihtipudas
2013,17.1,KU601,Pihtipudas
2014,18.3,KU601,Pihtipudas
2015,17.8,KU601,Pihtipudas
2016,16.1,KU601,Pihtipudas
2017,13.8,KU601,Pihtipudas
2018,12.6,KU601,Pihtipudas
2019,11.5,KU601,Pihtipudas
2020,13.1,KU601,Pihtipudas
2021,11.5,KU601,Pihtipudas
2022,11.9,KU601,Pihtipudas
2023,15.1,KU601,Pihtipudas
2024,12.9,KU601,Pihtipudas
1987,5.8,KU604,Pirkkala
1988,4.9,KU604,Pirkkala
1989,4.2,KU604,Pirkkala
1990,5.0,KU604,Pirkkala
1991,13.1,KU604,Pirkkala
1992,18.5,KU604,Pirkkala
1993,22.2,KU604,Pirkkala
1994,20.2,KU604,Pirkkala
1995,17.5,KU604,Pirkkala
1996,18.0,KU604,Pirkkala
1997,14.9,KU604,Pirkkala
1998,13.5,KU604,Pirkkala
1999,11.8,KU604,Pirkkala
2000,10.4,KU604,Pirkkala
2001,9.8,KU604,Pirkkala
2002,9.1,KU604,Pirkkala
2003,9.6,KU604,Pirkkala
2004,9.0,KU604,Pirkkala
2005,8.6,KU604,Pirkkala
2006,7.1,KU604,Pirkkala
2007,5.8,KU604,Pirkkala
2008,6.7,KU604,Pirkkala
2009,10.7,KU604,Pirkkala
2010,8.6,KU604,Pirkkala
2011,8.1,KU604,Pirkkala
2012,9.0,KU604,Pirkkala
2013,11.2,KU604,Pirkkala
2014,12.0,KU604,Pirkkala
2015,12.2,KU604,Pirkkala
2016,10.7,KU604,Pirkkala
2017,7.6,KU604,Pirkkala
2018,6.2,KU604,Pirkkala
2019,6.3,KU604,Pirkkala
2020,9.7,KU604,Pirkkala
2021,6.2,KU604,Pirkkala
2022,6.0,KU604,Pirkkala
2023,8.1,KU604,Pirkkala
2024,8.9,KU604,Pirkkala
1987,10.1,KU607,Polvijärvi
1988,8.7,KU607,Polvijärvi
1989,8.4,KU607,Polvijärvi
1990,8.7,KU607,Polvijärvi
1991,15.4,KU607,Polvijärvi
1992,22.8,KU607,Polvijärvi
1993,26.1,KU607,Polvijärvi
1994,25.7,KU607,Polvijärvi
1995,25.5,KU607,Polvijärvi
1996,25.9,KU607,Polvijärvi
1997,24.3,KU607,Polvijärvi
1998,23.5,KU607,Polvijärvi
1999,22.9,KU607,Polvijärvi
2000,21.7,KU607,Polvijärvi
2001,21.6,KU607,Polvijärvi
2002,19.6,KU607,Polvijärvi
2003,18.6,KU607,Polvijärvi
2004,19.2,KU607,Polvijärvi
2005,17.2,KU607,Polvijärvi
2006,16.5,KU607,Polvijärvi
2007,16.0,KU607,Polvijärvi
2008,16.4,KU607,Polvijärvi
2009,20.3,KU607,Polvijärvi
2010,17.3,KU607,Polvijärvi
2011,15.4,KU607,Polvijärvi
2012,16.3,KU607,Polvijärvi
2013,17.0,KU607,Polvijärvi
2014,18.6,KU607,Polvijärvi
2015,19.7,KU607,Polvijärvi
2016,19.8,KU607,Polvijärvi
2017,15.4,KU607,Polvijärvi
2018,14.3,KU607,Polvijärvi
2019,13.7,KU607,Polvijärvi
2020,18.9,KU607,Polvijärvi
2021,14.4,KU607,Polvijärvi
2022,13.4,KU607,Polvijärvi
2023,13.6,KU607,Polvijärvi
2024,15.8,KU607,Polvijärvi
1987,8.5,KU608,Pomarkku
1988,7.3,KU608,Pomarkku
1989,6.8,KU608,Pomarkku
1990,6.4,KU608,Pomarkku
1991,15.0,KU608,Pomarkku
1992,19.7,KU608,Pomarkku
1993,27.3,KU608,Pomarkku
1994,20.6,KU608,Pomarkku
1995,23.1,KU608,Pomarkku
1996,22.3,KU608,Pomarkku
1997,22.1,KU608,Pomarkku
1998,20.7,KU608,Pomarkku
1999,22.0,KU608,Pomarkku
2000,17.4,KU608,Pomarkku
2001,20.2,KU608,Pomarkku
2002,19.7,KU608,Pomarkku
2003,19.0,KU608,Pomarkku
2004,18.1,KU608,Pomarkku
2005,15.6,KU608,Pomarkku
2006,14.2,KU608,Pomarkku
2007,11.9,KU608,Pomarkku
2008,12.0,KU608,Pomarkku
2009,15.7,KU608,Pomarkku
2010,13.4,KU608,Pomarkku
2011,12.7,KU608,Pomarkku
2012,15.5,KU608,Pomarkku
2013,14.2,KU608,Pomarkku
2014,16.1,KU608,Pomarkku
2015,16.0,KU608,Pomarkku
2016,16.3,KU608,Pomarkku
2017,11.2,KU608,Pomarkku
2018,10.2,KU608,Pomarkku
2019,9.8,KU608,Pomarkku
2020,14.2,KU608,Pomarkku
2021,9.0,KU608,Pomarkku
2022,8.6,KU608,Pomarkku
2023,10.1,KU608,Pomarkku
2024,13.2,KU608,Pomarkku
1987,11.0,KU609,Pori
1988,9.1,KU609,Pori
1989,7.3,KU609,Pori
1990,9.0,KU609,Pori
1991,16.9,KU609,Pori
1992,21.9,KU609,Pori
1993,26.9,KU609,Pori
1994,25.7,KU609,Pori
1995,25.9,KU609,Pori
1996,25.7,KU609,Pori
1997,23.1,KU609,Pori
1998,21.8,KU609,Pori
1999,21.1,KU609,Pori
2000,19.5,KU609,Pori
2001,18.6,KU609,Pori
2002,17.2,KU609,Pori
2003,18.0,KU609,Pori
2004,16.7,KU609,Pori
2005,16.0,KU609,Pori
2006,13.8,KU609,Pori
2007,12.2,KU609,Pori
2008,11.7,KU609,Pori
2009,14.1,KU609,Pori
2010,13.6,KU609,Pori
2011,12.5,KU609,Pori
2012,13.7,KU609,Pori
2013,15.3,KU609,Pori
2014,16.9,KU609,Pori
2015,18.4,KU609,Pori
2016,18.6,KU609,Pori
2017,13.8,KU609,Pori
2018,12.7,KU609,Pori
2019,13.4,KU609,Pori
2020,16.1,KU609,Pori
2021,12.0,KU609,Pori
2022,12.1,KU609,Pori
2023,13.3,KU609,Pori
2024,14.1,KU609,Pori
1987,1.4,KU611,Pornainen
1988,0.9,KU611,Pornainen
1989,1.1,KU611,Pornainen
1990,1.6,KU611,Pornainen
1991,7.2,KU611,Pornainen
1992,14.1,KU611,Pornainen
1993,16.4,KU611,Pornainen
1994,15.7,KU611,Pornainen
1995,14.1,KU611,Pornainen
1996,11.2,KU611,Pornainen
1997,9.8,KU611,Pornainen
1998,7.8,KU611,Pornainen
1999,6.3,KU611,Pornainen
2000,5.5,KU611,Pornainen
2001,5.7,KU611,Pornainen
2002,5.5,KU611,Pornainen
2003,5.9,KU611,Pornainen
2004,5.4,KU611,Pornainen
2005,5.4,KU611,Pornainen
2006,4.1,KU611,Pornainen
2007,3.7,KU611,Pornainen
2008,4.1,KU611,Pornainen
2009,5.7,KU611,Pornainen
2010,4.7,KU611,Pornainen
2011,5.0,KU611,Pornainen
2012,5.8,KU611,Pornainen
2013,7.0,KU611,Pornainen
2014,7.8,KU611,Pornainen
2015,8.1,KU611,Pornainen
2016,7.9,KU611,Pornainen
2017,5.9,KU611,Pornainen
2018,4.3,KU611,Pornainen
2019,5.8,KU611,Pornainen
2020,9.2,KU611,Pornainen
2021,6.2,KU611,Pornainen
2022,5.7,KU611,Pornainen
2023,8.2,KU611,Pornainen
2024,8.5,KU611,Pornainen
1987,2.7,KU638,Porvoo
1988,2.9,KU638,Porvoo
1989,2.5,KU638,Porvoo
1990,2.6,KU638,Porvoo
1991,8.3,KU638,Porvoo
1992,14.0,KU638,Porvoo
1993,17.9,KU638,Porvoo
1994,16.5,KU638,Porvoo
1995,15.5,KU638,Porvoo
1996,14.2,KU638,Porvoo
1997,12.6,KU638,Porvoo
1998,11.1,KU638,Porvoo
1999,9.7,KU638,Porvoo
2000,8.5,KU638,Porvoo
2001,8.7,KU638,Porvoo
2002,8.2,KU638,Porvoo
2003,8.4,KU638,Porvoo
2004,8.4,KU638,Porvoo
2005,7.9,KU638,Porvoo
2006,6.7,KU638,Porvoo
2007,6.2,KU638,Porvoo
2008,6.2,KU638,Porvoo
2009,8.9,KU638,Porvoo
2010,8.3,KU638,Porvoo
2011,8.3,KU638,Porvoo
2012,8.5,KU638,Porvoo
2013,9.4,KU638,Porvoo
2014,10.5,KU638,Porvoo
2015,11.3,KU638,Porvoo
2016,10.2,KU638,Porvoo
2017,9.5,KU638,Porvoo
2018,8.3,KU638,Porvoo
2019,8.2,KU638,Porvoo
2020,12.6,KU638,Porvoo
2021,10.2,KU638,Porvoo
2022,9.2,KU638,Porvoo
2023,9.8,KU638,Porvoo
2024,10.3,KU638,Porvoo
1987,16.1,KU614,Posio
1988,11.3,KU614,Posio
1989,10.1,KU614,Posio
1990,12.9,KU614,Posio
1991,21.5,KU614,Posio
1992,29.3,KU614,Posio
1993,32.9,KU614,Posio
1994,30.2,KU614,Posio
1995,31.4,KU614,Posio
1996,33.0,KU614,Posio
1997,30.0,KU614,Posio
1998,27.5,KU614,Posio
1999,24.0,KU614,Posio
2000,23.0,KU614,Posio
2001,25.2,KU614,Posio
2002,21.6,KU614,Posio
2003,23.8,KU614,Posio
2004,20.6,KU614,Posio
2005,21.3,KU614,Posio
2006,18.3,KU614,Posio
2007,14.6,KU614,Posio
2008,16.7,KU614,Posio
2009,18.9,KU614,Posio
2010,17.4,KU614,Posio
2011,17.9,KU614,Posio
2012,20.1,KU614,Posio
2013,21.7,KU614,Posio
2014,21.2,KU614,Posio
2015,23.5,KU614,Posio
2016,24.6,KU614,Posio
2017,19.6,KU614,Posio
2018,16.4,KU614,Posio
2019,17.0,KU614,Posio
2020,17.9,KU614,Posio
2021,17.0,KU614,Posio
2022,16.0,KU614,Posio
2023,15.8,KU614,Posio
2024,13.9,KU614,Posio
1987,17.7,KU615,Pudasjärvi
1988,11.1,KU615,Pudasjärvi
1989,9.1,KU615,Pudasjärvi
1990,13.6,KU615,Pudasjärvi
1991,22.3,KU615,Pudasjärvi
1992,27.3,KU615,Pudasjärvi
1993,32.3,KU615,Pudasjärvi
1994,31.0,KU615,Pudasjärvi
1995,32.8,KU615,Pudasjärvi
1996,32.6,KU615,Pudasjärvi
1997,31.0,KU615,Pudasjärvi
1998,27.8,KU615,Pudasjärvi
1999,26.3,KU615,Pudasjärvi
2000,23.1,KU615,Pudasjärvi
2001,23.1,KU615,Pudasjärvi
2002,23.6,KU615,Pudasjärvi
2003,21.6,KU615,Pudasjärvi
2004,21.8,KU615,Pudasjärvi
2005,21.4,KU615,Pudasjärvi
2006,16.8,KU615,Pudasjärvi
2007,16.2,KU615,Pudasjärvi
2008,18.5,KU615,Pudasjärvi
2009,19.9,KU615,Pudasjärvi
2010,17.5,KU615,Pudasjärvi
2011,16.9,KU615,Pudasjärvi
2012,17.3,KU615,Pudasjärvi
2013,19.7,KU615,Pudasjärvi
2014,19.4,KU615,Pudasjärvi
2015,20.6,KU615,Pudasjärvi
2016,19.1,KU615,Pudasjärvi
2017,17.1,KU615,Pudasjärvi
2018,13.1,KU615,Pudasjärvi
2019,13.6,KU615,Pudasjärvi
2020,17.7,KU615,Pudasjärvi
2021,13.9,KU615,Pudasjärvi
2022,16.6,KU615,Pudasjärvi
2023,19.1,KU615,Pudasjärvi
2024,19.7,KU615,Pudasjärvi
1987,2.6,KU616,Pukkila
1988,2.7,KU616,Pukkila
1989,1.6,KU616,Pukkila
1990,3.1,KU616,Pukkila
1991,9.1,KU616,Pukkila
1992,16.4,KU616,Pukkila
1993,20.7,KU616,Pukkila
1994,19.2,KU616,Pukkila
1995,19.4,KU616,Pukkila
1996,17.4,KU616,Pukkila
1997,15.0,KU616,Pukkila
1998,11.3,KU616,Pukkila
1999,10.7,KU616,Pukkila
2000,8.3,KU616,Pukkila
2001,8.5,KU616,Pukkila
2002,8.9,KU616,Pukkila
2003,8.1,KU616,Pukkila
2004,7.8,KU616,Pukkila
2005,8.0,KU616,Pukkila
2006,5.2,KU616,Pukkila
2007,5.2,KU616,Pukkila
2008,6.1,KU616,Pukkila
2009,7.5,KU616,Pukkila
2010,6.2,KU616,Pukkila
2011,6.1,KU616,Pukkila
2012,6.0,KU616,Pukkila
2013,8.6,KU616,Pukkila
2014,10.6,KU616,Pukkila
2015,10.1,KU616,Pukkila
2016,10.8,KU616,Pukkila
2017,10.9,KU616,Pukkila
2018,9.3,KU616,Pukkila
2019,9.5,KU616,Pukkila
2020,12.8,KU616,Pukkila
2021,11.3,KU616,Pukkila
2022,9.4,KU616,Pukkila
2023,10.0,KU616,Pukkila
2024,11.7,KU616,Pukkila
1987,5.2,KU619,Punkalaidun
1988,4.4,KU619,Punkalaidun
1989,3.6,KU619,Punkalaidun
1990,5.0,KU619,Punkalaidun
1991,10.2,KU619,Punkalaidun
1992,16.0,KU619,Punkalaidun
1993,18.3,KU619,Punkalaidun
1994,15.6,KU619,Punkalaidun
1995,16.1,KU619,Punkalaidun
1996,16.4,KU619,Punkalaidun
1997,14.2,KU619,Punkalaidun
1998,14.1,KU619,Punkalaidun
1999,12.7,KU619,Punkalaidun
2000,11.0,KU619,Punkalaidun
2001,12.1,KU619,Punkalaidun
2002,9.6,KU619,Punkalaidun
2003,11.4,KU619,Punkalaidun
2004,10.7,KU619,Punkalaidun
2005,9.7,KU619,Punkalaidun
2006,7.3,KU619,Punkalaidun
2007,6.0,KU619,Punkalaidun
2008,5.5,KU619,Punkalaidun
2009,9.0,KU619,Punkalaidun
2010,8.8,KU619,Punkalaidun
2011,7.0,KU619,Punkalaidun
2012,7.1,KU619,Punkalaidun
2013,10.7,KU619,Punkalaidun
2014,11.8,KU619,Punkalaidun
2015,12.1,KU619,Punkalaidun
2016,11.7,KU619,Punkalaidun
2017,7.0,KU619,Punkalaidun
2018,7.1,KU619,Punkalaidun
2019,6.7,KU619,Punkalaidun
2020,10.7,KU619,Punkalaidun
2021,8.2,KU619,Punkalaidun
2022,6.6,KU619,Punkalaidun
2023,8.4,KU619,Punkalaidun
2024,9.2,KU619,Punkalaidun
1987,18.4,KU620,Puolanka
1988,12.2,KU620,Puolanka
1989,10.8,KU620,Puolanka
1990,16.3,KU620,Puolanka
1991,19.4,KU620,Puolanka
1992,28.2,KU620,Puolanka
1993,29.8,KU620,Puolanka
1994,29.0,KU620,Puolanka
1995,28.1,KU620,Puolanka
1996,31.6,KU620,Puolanka
1997,28.7,KU620,Puolanka
1998,29.0,KU620,Puolanka
1999,25.7,KU620,Puolanka
2000,22.5,KU620,Puolanka
2001,25.9,KU620,Puolanka
2002,23.7,KU620,Puolanka
2003,25.4,KU620,Puolanka
2004,23.1,KU620,Puolanka
2005,23.9,KU620,Puolanka
2006,23.8,KU620,Puolanka
2007,21.7,KU620,Puolanka
2008,18.5,KU620,Puolanka
2009,18.0,KU620,Puolanka
2010,18.7,KU620,Puolanka
2011,15.6,KU620,Puolanka
2012,18.3,KU620,Puolanka
2013,18.3,KU620,Puolanka
2014,22.7,KU620,Puolanka
2015,20.7,KU620,Puolanka
2016,19.9,KU620,Puolanka
2017,18.9,KU620,Puolanka
2018,18.9,KU620,Puolanka
2019,16.7,KU620,Puolanka
2020,18.7,KU620,Puolanka
2021,16.9,KU620,Puolanka
2022,21.0,KU620,Puolanka
2023,21.3,KU620,Puolanka
2024,22.1,KU620,Puolanka
1987,7.1,KU623,Puumala
1988,5.9,KU623,Puumala
1989,7.0,KU623,Puumala
1990,8.9,KU623,Puumala
1991,13.9,KU623,Puumala
1992,19.4,KU623,Puumala
1993,22.6,KU623,Puumala
1994,22.8,KU623,Puumala
1995,23.3,KU623,Puumala
1996,25.9,KU623,Puumala
1997,24.1,KU623,Puumala
1998,20.3,KU623,Puumala
1999,18.8,KU623,Puumala
2000,18.1,KU623,Puumala
2001,15.9,KU623,Puumala
2002,14.4,KU623,Puumala
2003,14.6,KU623,Puumala
2004,14.9,KU623,Puumala
2005,14.9,KU623,Puumala
2006,12.4,KU623,Puumala
2007,12.8,KU623,Puumala
2008,11.8,KU623,Puumala
2009,14.4,KU623,Puumala
2010,11.1,KU623,Puumala
2011,11.9,KU623,Puumala
2012,11.7,KU623,Puumala
2013,12.8,KU623,Puumala
2014,14.6,KU623,Puumala
2015,15.2,KU623,Puumala
2016,14.2,KU623,Puumala
2017,12.5,KU623,Puumala
2018,11.5,KU623,Puumala
2019,9.5,KU623,Puumala
2020,10.1,KU623,Puumala
2021,10.3,KU623,Puumala
2022,8.0,KU623,Puumala
2023,10.6,KU623,Puumala
2024,11.8,KU623,Puumala
1987,6.4,KU624,Pyhtää
1988,5.8,KU624,Pyhtää
1989,4.8,KU624,Pyhtää
1990,6.8,KU624,Pyhtää
1991,12.7,KU624,Pyhtää
1992,18.1,KU624,Pyhtää
1993,20.9,KU624,Pyhtää
1994,17.7,KU624,Pyhtää
1995,18.2,KU624,Pyhtää
1996,17.7,KU624,Pyhtää
1997,16.1,KU624,Pyhtää
1998,14.6,KU624,Pyhtää
1999,14.6,KU624,Pyhtää
2000,13.2,KU624,Pyhtää
2001,13.1,KU624,Pyhtää
2002,12.9,KU624,Pyhtää
2003,12.6,KU624,Pyhtää
2004,11.7,KU624,Pyhtää
2005,10.2,KU624,Pyhtää
2006,9.3,KU624,Pyhtää
2007,7.9,KU624,Pyhtää
2008,8.9,KU624,Pyhtää
2009,11.4,KU624,Pyhtää
2010,10.2,KU624,Pyhtää
2011,10.5,KU624,Pyhtää
2012,10.6,KU624,Pyhtää
2013,12.2,KU624,Pyhtää
2014,14.2,KU624,Pyhtää
2015,16.4,KU624,Pyhtää
2016,15.5,KU624,Pyhtää
2017,11.0,KU624,Pyhtää
2018,9.7,KU624,Pyhtää
2019,8.9,KU624,Pyhtää
2020,12.5,KU624,Pyhtää
2021,9.9,KU624,Pyhtää
2022,10.0,KU624,Pyhtää
2023,11.3,KU624,Pyhtää
2024,11.5,KU624,Pyhtää
1987,7.3,KU625,Pyhäjoki
1988,7.3,KU625,Pyhäjoki
1989,6.5,KU625,Pyhäjoki
1990,9.2,KU625,Pyhäjoki
1991,14.8,KU625,Pyhäjoki
1992,21.1,KU625,Pyhäjoki
1993,23.1,KU625,Pyhäjoki
1994,18.6,KU625,Pyhäjoki
1995,18.4,KU625,Pyhäjoki
1996,19.2,KU625,Pyhäjoki
1997,18.3,KU625,Pyhäjoki
1998,15.7,KU625,Pyhäjoki
1999,14.5,KU625,Pyhäjoki
2000,14.3,KU625,Pyhäjoki
2001,12.9,KU625,Pyhäjoki
2002,14.6,KU625,Pyhäjoki
2003,13.6,KU625,Pyhäjoki
2004,15.0,KU625,Pyhäjoki
2005,14.0,KU625,Pyhäjoki
2006,10.3,KU625,Pyhäjoki
2007,8.6,KU625,Pyhäjoki
2008,9.3,KU625,Pyhäjoki
2009,15.5,KU625,Pyhäjoki
2010,10.8,KU625,Pyhäjoki
2011,9.3,KU625,Pyhäjoki
2012,10.1,KU625,Pyhäjoki
2013,12.8,KU625,Pyhäjoki
2014,11.9,KU625,Pyhäjoki
2015,12.6,KU625,Pyhäjoki
2016,12.6,KU625,Pyhäjoki
2017,10.2,KU625,Pyhäjoki
2018,9.0,KU625,Pyhäjoki
2019,9.3,KU625,Pyhäjoki
2020,14.3,KU625,Pyhäjoki
2021,9.2,KU625,Pyhäjoki
2022,11.2,KU625,Pyhäjoki
2023,13.2,KU625,Pyhäjoki
2024,12.1,KU625,Pyhäjoki
1987,13.5,KU626,Pyhäjärvi
1988,10.5,KU626,Pyhäjärvi
1989,8.4,KU626,Pyhäjärvi
1990,10.3,KU626,Pyhäjärvi
1991,19.2,KU626,Pyhäjärvi
1992,24.5,KU626,Pyhäjärvi
1993,27.7,KU626,Pyhäjärvi
1994,25.2,KU626,Pyhäjärvi
1995,27.6,KU626,Pyhäjärvi
1996,28.0,KU626,Pyhäjärvi
1997,24.7,KU626,Pyhäjärvi
1998,23.6,KU626,Pyhäjärvi
1999,22.9,KU626,Pyhäjärvi
2000,19.0,KU626,Pyhäjärvi
2001,22.0,KU626,Pyhäjärvi
2002,21.3,KU626,Pyhäjärvi
2003,20.3,KU626,Pyhäjärvi
2004,18.3,KU626,Pyhäjärvi
2005,18.3,KU626,Pyhäjärvi
2006,16.7,KU626,Pyhäjärvi
2007,13.8,KU626,Pyhäjärvi
2008,14.4,KU626,Pyhäjärvi
2009,18.0,KU626,Pyhäjärvi
2010,15.0,KU626,Pyhäjärvi
2011,11.9,KU626,Pyhäjärvi
2012,13.5,KU626,Pyhäjärvi
2013,13.9,KU626,Pyhäjärvi
2014,16.1,KU626,Pyhäjärvi
2015,16.4,KU626,Pyhäjärvi
2016,15.6,KU626,Pyhäjärvi
2017,13.0,KU626,Pyhäjärvi
2018,12.4,KU626,Pyhäjärvi
2019,12.2,KU626,Pyhäjärvi
2020,15.8,KU626,Pyhäjärvi
2021,13.0,KU626,Pyhäjärvi
2022,13.4,KU626,Pyhäjärvi
2023,14.1,KU626,Pyhäjärvi
2024,14.7,KU626,Pyhäjärvi
1987,3.2,KU630,Pyhäntä
1988,5.1,KU630,Pyhäntä
1989,1.6,KU630,Pyhäntä
1990,4.4,KU630,Pyhäntä
1991,13.8,KU630,Pyhäntä
1992,18.9,KU630,Pyhäntä
1993,19.3,KU630,Pyhäntä
1994,18.4,KU630,Pyhäntä
1995,24.7,KU630,Pyhäntä
1996,22.8,KU630,Pyhäntä
1997,19.4,KU630,Pyhäntä
1998,16.9,KU630,Pyhäntä
1999,16.9,KU630,Pyhäntä
2000,13.4,KU630,Pyhäntä
2001,16.9,KU630,Pyhäntä
2002,14.2,KU630,Pyhäntä
2003,12.9,KU630,Pyhäntä
2004,11.1,KU630,Pyhäntä
2005,10.5,KU630,Pyhäntä
2006,7.8,KU630,Pyhäntä
2007,10.3,KU630,Pyhäntä
2008,12.7,KU630,Pyhäntä
2009,12.4,KU630,Pyhäntä
2010,8.6,KU630,Pyhäntä
2011,12.2,KU630,Pyhäntä
2012,14.5,KU630,Pyhäntä
2013,16.1,KU630,Pyhäntä
2014,16.9,KU630,Pyhäntä
2015,14.9,KU630,Pyhäntä
2016,11.7,KU630,Pyhäntä
2017,10.8,KU630,Pyhäntä
2018,11.1,KU630,Pyhäntä
2019,10.3,KU630,Pyhäntä
2020,10.9,KU630,Pyhäntä
2021,5.9,KU630,Pyhäntä
2022,7.4,KU630,Pyhäntä
2023,15.3,KU630,Pyhäntä
2024,8.6,KU630,Pyhäntä
1987,5.5,KU631,Pyhäranta
1988,5.4,KU631,Pyhäranta
1989,4.9,KU631,Pyhäranta
1990,6.4,KU631,Pyhäranta
1991,14.2,KU631,Pyhäranta
1992,19.1,KU631,Pyhäranta
1993,26.8,KU631,Pyhäranta
1994,22.0,KU631,Pyhäranta
1995,19.8,KU631,Pyhäranta
1996,20.0,KU631,Pyhäranta
1997,15.7,KU631,Pyhäranta
1998,12.6,KU631,Pyhäranta
1999,16.5,KU631,Pyhäranta
2000,12.7,KU631,Pyhäranta
2001,10.3,KU631,Pyhäranta
2002,15.1,KU631,Pyhäranta
2003,12.7,KU631,Pyhäranta
2004,12.3,KU631,Pyhäranta
2005,9.0,KU631,Pyhäranta
2006,7.9,KU631,Pyhäranta
2007,6.4,KU631,Pyhäranta
2008,9.1,KU631,Pyhäranta
2009,10.2,KU631,Pyhäranta
2010,9.9,KU631,Pyhäranta
2011,8.5,KU631,Pyhäranta
2012,10.0,KU631,Pyhäranta
2013,10.1,KU631,Pyhäranta
2014,13.8,KU631,Pyhäranta
2015,11.8,KU631,Pyhäranta
2016,9.3,KU631,Pyhäranta
2017,7.5,KU631,Pyhäranta
2018,6.7,KU631,Pyhäranta
2019,9.5,KU631,Pyhäranta
2020,12.4,KU631,Pyhäranta
2021,9.1,KU631,Pyhäranta
2022,9.2,KU631,Pyhäranta
2023,7.6,KU631,Pyhäranta
2024,8.1,KU631,Pyhäranta
1987,4.4,KU635,Pälkäne
1988,4.0,KU635,Pälkäne
1989,3.6,KU635,Pälkäne
1990,4.4,KU635,Pälkäne
1991,11.2,KU635,Pälkäne
1992,15.2,KU635,Pälkäne
1993,18.5,KU635,Pälkäne
1994,16.9,KU635,Pälkäne
1995,15.7,KU635,Pälkäne
1996,15.9,KU635,Pälkäne
1997,13.9,KU635,Pälkäne
1998,12.4,KU635,Pälkäne
1999,11.1,KU635,Pälkäne
2000,10.3,KU635,Pälkäne
2001,10.2,KU635,Pälkäne
2002,9.4,KU635,Pälkäne
2003,8.4,KU635,Pälkäne
2004,8.3,KU635,Pälkäne
2005,9.0,KU635,Pälkäne
2006,7.6,KU635,Pälkäne
2007,6.2,KU635,Pälkäne
2008,7.4,KU635,Pälkäne
2009,10.5,KU635,Pälkäne
2010,10.7,KU635,Pälkäne
2011,8.9,KU635,Pälkäne
2012,9.6,KU635,Pälkäne
2013,12.7,KU635,Pälkäne
2014,14.4,KU635,Pälkäne
2015,14.3,KU635,Pälkäne
2016,13.6,KU635,Pälkäne
2017,9.8,KU635,Pälkäne
2018,8.0,KU635,Pälkäne
2019,9.1,KU635,Pälkäne
2020,10.6,KU635,Pälkäne
2021,8.0,KU635,Pälkäne
2022,6.5,KU635,Pälkäne
2023,7.8,KU635,Pälkäne
2024,8.3,KU635,Pälkäne
1987,6.0,KU636,Pöytyä
1988,4.2,KU636,Pöytyä
1989,3.8,KU636,Pöytyä
1990,3.9,KU636,Pöytyä
1991,9.9,KU636,Pöytyä
1992,16.0,KU636,Pöytyä
1993,19.6,KU636,Pöytyä
1994,17.3,KU636,Pöytyä
1995,16.9,KU636,Pöytyä
1996,15.7,KU636,Pöytyä
1997,11.9,KU636,Pöytyä
1998,10.7,KU636,Pöytyä
1999,10.7,KU636,Pöytyä
2000,9.2,KU636,Pöytyä
2001,10.1,KU636,Pöytyä
2002,9.6,KU636,Pöytyä
2003,9.0,KU636,Pöytyä
2004,9.1,KU636,Pöytyä
2005,7.5,KU636,Pöytyä
2006,6.3,KU636,Pöytyä
2007,4.7,KU636,Pöytyä
2008,6.0,KU636,Pöytyä
2009,8.8,KU636,Pöytyä
2010,8.1,KU636,Pöytyä
2011,7.5,KU636,Pöytyä
2012,8.7,KU636,Pöytyä
2013,10.6,KU636,Pöytyä
2014,11.5,KU636,Pöytyä
2015,11.9,KU636,Pöytyä
2016,10.5,KU636,Pöytyä
2017,9.4,KU636,Pöytyä
2018,8.0,KU636,Pöytyä
2019,8.7,KU636,Pöytyä
2020,11.6,KU636,Pöytyä
2021,9.1,KU636,Pöytyä
2022,8.3,KU636,Pöytyä
2023,9.9,KU636,Pöytyä
2024,9.7,KU636,Pöytyä
1987,8.6,KU678,Raahe
1988,7.1,KU678,Raahe
1989,5.4,KU678,Raahe
1990,8.7,KU678,Raahe
1991,14.7,KU678,Raahe
1992,20.4,KU678,Raahe
1993,23.5,KU678,Raahe
1994,19.7,KU678,Raahe
1995,20.1,KU678,Raahe
1996,20.1,KU678,Raahe
1997,19.0,KU678,Raahe
1998,19.2,KU678,Raahe
1999,17.5,KU678,Raahe
2000,15.0,KU678,Raahe
2001,16.6,KU678,Raahe
2002,15.4,KU678,Raahe
2003,17.2,KU678,Raahe
2004,17.5,KU678,Raahe
2005,16.6,KU678,Raahe
2006,12.6,KU678,Raahe
2007,10.5,KU678,Raahe
2008,11.2,KU678,Raahe
2009,13.7,KU678,Raahe
2010,11.3,KU678,Raahe
2011,10.2,KU678,Raahe
2012,11.6,KU678,Raahe
2013,14.4,KU678,Raahe
2014,14.7,KU678,Raahe
2015,15.4,KU678,Raahe
2016,15.1,KU678,Raahe
2017,12.6,KU678,Raahe
2018,9.9,KU678,Raahe
2019,13.4,KU678,Raahe
2020,16.0,KU678,Raahe
2021,11.1,KU678,Raahe
2022,11.7,KU678,Raahe
2023,13.8,KU678,Raahe
2024,13.4,KU678,Raahe
1987,2.3,KU710,Raasepori
1988,2.2,KU710,Raasepori
1989,2.6,KU710,Raasepori
1990,3.0,KU710,Raasepori
1991,7.8,KU710,Raasepori
1992,13.4,KU710,Raasepori
1993,17.2,KU710,Raasepori
1994,14.9,KU710,Raasepori
1995,14.7,KU710,Raasepori
1996,15.5,KU710,Raasepori
1997,13.1,KU710,Raasepori
1998,11.5,KU710,Raasepori
1999,11.4,KU710,Raasepori
2000,9.3,KU710,Raasepori
2001,9.6,KU710,Raasepori
2002,8.6,KU710,Raasepori
2003,8.6,KU710,Raasepori
2004,8.8,KU710,Raasepori
2005,8.8,KU710,Raasepori
2006,7.4,KU710,Raasepori
2007,6.3,KU710,Raasepori
2008,6.2,KU710,Raasepori
2009,9.8,KU710,Raasepori
2010,7.7,KU710,Raasepori
2011,7.7,KU710,Raasepori
2012,9.3,KU710,Raasepori
2013,10.7,KU710,Raasepori
2014,12.3,KU710,Raasepori
2015,12.5,KU710,Raasepori
2016,11.8,KU710,Raasepori
2017,10.9,KU710,Raasepori
2018,8.9,KU710,Raasepori
2019,9.0,KU710,Raasepori
2020,11.9,KU710,Raasepori
2021,10.5,KU710,Raasepori
2022,9.0,KU710,Raasepori
2023,9.2,KU710,Raasepori
2024,9.0,KU710,Raasepori
1987,4.5,KU680,Raisio
1988,3.9,KU680,Raisio
1989,4.5,KU680,Raisio
1990,5.0,KU680,Raisio
1991,10.9,KU680,Raisio
1992,17.2,KU680,Raisio
1993,20.7,KU680,Raisio
1994,18.4,KU680,Raisio
1995,16.8,KU680,Raisio
1996,17.3,KU680,Raisio
1997,14.4,KU680,Raisio
1998,12.7,KU680,Raisio
1999,11.8,KU680,Raisio
2000,9.2,KU680,Raisio
2001,9.6,KU680,Raisio
2002,8.6,KU680,Raisio
2003,9.7,KU680,Raisio
2004,8.8,KU680,Raisio
2005,7.3,KU680,Raisio
2006,6.6,KU680,Raisio
2007,5.3,KU680,Raisio
2008,5.2,KU680,Raisio
2009,9.8,KU680,Raisio
2010,10.6,KU680,Raisio
2011,8.2,KU680,Raisio
2012,9.1,KU680,Raisio
2013,11.1,KU680,Raisio
2014,13.0,KU680,Raisio
2015,13.5,KU680,Raisio
2016,12.2,KU680,Raisio
2017,9.1,KU680,Raisio
2018,7.9,KU680,Raisio
2019,7.8,KU680,Raisio
2020,13.3,KU680,Raisio
2021,7.3,KU680,Raisio
2022,7.6,KU680,Raisio
2023,8.2,KU680,Raisio
2024,9.5,KU680,Raisio
1987,9.0,KU681,Rantasalmi
1988,7.2,KU681,Rantasalmi
1989,5.7,KU681,Rantasalmi
1990,8.1,KU681,Rantasalmi
1991,15.0,KU681,Rantasalmi
1992,20.3,KU681,Rantasalmi
1993,24.9,KU681,Rantasalmi
1994,23.7,KU681,Rantasalmi
1995,23.0,KU681,Rantasalmi
1996,23.2,KU681,Rantasalmi
1997,21.0,KU681,Rantasalmi
1998,18.6,KU681,Rantasalmi
1999,17.8,KU681,Rantasalmi
2000,18.3,KU681,Rantasalmi
2001,16.8,KU681,Rantasalmi
2002,15.9,KU681,Rantasalmi
2003,15.4,KU681,Rantasalmi
2004,14.9,KU681,Rantasalmi
2005,16.2,KU681,Rantasalmi
2006,13.5,KU681,Rantasalmi
2007,13.1,KU681,Rantasalmi
2008,14.6,KU681,Rantasalmi
2009,16.6,KU681,Rantasalmi
2010,16.6,KU681,Rantasalmi
2011,15.6,KU681,Rantasalmi
2012,15.4,KU681,Rantasalmi
2013,15.7,KU681,Rantasalmi
2014,17.4,KU681,Rantasalmi
2015,18.9,KU681,Rantasalmi
2016,18.9,KU681,Rantasalmi
2017,14.7,KU681,Rantasalmi
2018,13.1,KU681,Rantasalmi
2019,12.9,KU681,Rantasalmi
2020,14.7,KU681,Rantasalmi
2021,11.3,KU681,Rantasalmi
2022,9.5,KU681,Rantasalmi
2023,11.2,KU681,Rantasalmi
2024,12.1,KU681,Rantasalmi
1987,9.9,KU683,Ranua
1988,10.9,KU683,Ranua
1989,8.8,KU683,Ranua
1990,10.0,KU683,Ranua
1991,18.2,KU683,Ranua
1992,25.6,KU683,Ranua
1993,29.5,KU683,Ranua
1994,30.1,KU683,Ranua
1995,30.4,KU683,Ranua
1996,32.4,KU683,Ranua
1997,30.5,KU683,Ranua
1998,29.9,KU683,Ranua
1999,27.3,KU683,Ranua
2000,26.1,KU683,Ranua
2001,25.9,KU683,Ranua
2002,24.2,KU683,Ranua
2003,21.1,KU683,Ranua
2004,23.5,KU683,Ranua
2005,22.7,KU683,Ranua
2006,19.2,KU683,Ranua
2007,15.3,KU683,Ranua
2008,15.6,KU683,Ranua
2009,17.0,KU683,Ranua
2010,16.0,KU683,Ranua
2011,14.3,KU683,Ranua
2012,15.5,KU683,Ranua
2013,20.4,KU683,Ranua
2014,20.1,KU683,Ranua
2015,19.0,KU683,Ranua
2016,18.1,KU683,Ranua
2017,15.9,KU683,Ranua
2018,14.6,KU683,Ranua
2019,13.9,KU683,Ranua
2020,15.9,KU683,Ranua
2021,12.9,KU683,Ranua
2022,12.1,KU683,Ranua
2023,10.2,KU683,Ranua
2024,11.6,KU683,Ranua
1987,7.0,KU684,Rauma
1988,7.2,KU684,Rauma
1989,6.8,KU684,Rauma
1990,7.4,KU684,Rauma
1991,14.7,KU684,Rauma
1992,22.8,KU684,Rauma
1993,27.1,KU684,Rauma
1994,23.0,KU684,Rauma
1995,21.3,KU684,Rauma
1996,22.8,KU684,Rauma
1997,19.4,KU684,Rauma
1998,17.4,KU684,Rauma
1999,19.7,KU684,Rauma
2000,15.7,KU684,Rauma
2001,15.1,KU684,Rauma
2002,16.1,KU684,Rauma
2003,14.3,KU684,Rauma
2004,15.7,KU684,Rauma
2005,12.0,KU684,Rauma
2006,10.4,KU684,Rauma
2007,8.8,KU684,Rauma
2008,9.2,KU684,Rauma
2009,12.6,KU684,Rauma
2010,10.8,KU684,Rauma
2011,10.7,KU684,Rauma
2012,11.8,KU684,Rauma
2013,12.2,KU684,Rauma
2014,14.5,KU684,Rauma
2015,14.4,KU684,Rauma
2016,13.7,KU684,Rauma
2017,10.3,KU684,Rauma
2018,8.9,KU684,Rauma
2019,9.7,KU684,Rauma
2020,12.1,KU684,Rauma
2021,9.4,KU684,Rauma
2022,9.1,KU684,Rauma
2023,9.6,KU684,Rauma
2024,10.3,KU684,Rauma
1987,10.9,KU686,Rautalampi
1988,9.7,KU686,Rautalampi
1989,7.5,KU686,Rautalampi
1990,9.4,KU686,Rautalampi
1991,16.7,KU686,Rautalampi
1992,22.6,KU686,Rautalampi
1993,24.3,KU686,Rautalampi
1994,26.7,KU686,Rautalampi
1995,26.0,KU686,Rautalampi
1996,24.0,KU686,Rautalampi
1997,23.8,KU686,Rautalampi
1998,21.6,KU686,Rautalampi
1999,19.9,KU686,Rautalampi
2000,20.2,KU686,Rautalampi
2001,20.3,KU686,Rautalampi
2002,18.8,KU686,Rautalampi
2003,18.5,KU686,Rautalampi
2004,17.0,KU686,Rautalampi
2005,16.4,KU686,Rautalampi
2006,15.5,KU686,Rautalampi
2007,12.8,KU686,Rautalampi
2008,12.2,KU686,Rautalampi
2009,14.0,KU686,Rautalampi
2010,13.7,KU686,Rautalampi
2011,13.4,KU686,Rautalampi
2012,13.3,KU686,Rautalampi
2013,15.3,KU686,Rautalampi
2014,14.6,KU686,Rautalampi
2015,15.7,KU686,Rautalampi
2016,13.0,KU686,Rautalampi
2017,12.9,KU686,Rautalampi
2018,11.3,KU686,Rautalampi
2019,11.2,KU686,Rautalampi
2020,12.3,KU686,Rautalampi
2021,10.0,KU686,Rautalampi
2022,12.0,KU686,Rautalampi
2023,12.3,KU686,Rautalampi
2024,11.4,KU686,Rautalampi
1987,13.6,KU687,Rautavaara
1988,13.8,KU687,Rautavaara
1989,11.5,KU687,Rautavaara
1990,13.0,KU687,Rautavaara
1991,20.9,KU687,Rautavaara
1992,27.9,KU687,Rautavaara
1993,33.8,KU687,Rautavaara
1994,29.2,KU687,Rautavaara
1995,31.8,KU687,Rautavaara
1996,32.8,KU687,Rautavaara
1997,30.4,KU687,Rautavaara
1998,28.9,KU687,Rautavaara
1999,25.4,KU687,Rautavaara
2000,24.0,KU687,Rautavaara
2001,22.3,KU687,Rautavaara
2002,19.9,KU687,Rautavaara
2003,19.6,KU687,Rautavaara
2004,18.8,KU687,Rautavaara
2005,17.3,KU687,Rautavaara
2006,15.3,KU687,Rautavaara
2007,11.8,KU687,Rautavaara
2008,14.4,KU687,Rautavaara
2009,17.4,KU687,Rautavaara
2010,15.1,KU687,Rautavaara
2011,15.7,KU687,Rautavaara
2012,15.8,KU687,Rautavaara
2013,19.1,KU687,Rautavaara
2014,18.6,KU687,Rautavaara
2015,20.9,KU687,Rautavaara
2016,21.1,KU687,Rautavaara
2017,16.2,KU687,Rautavaara
2018,16.6,KU687,Rautavaara
2019,11.8,KU687,Rautavaara
2020,14.8,KU687,Rautavaara
2021,12.6,KU687,Rautavaara
2022,12.2,KU687,Rautavaara
2023,11.8,KU687,Rautavaara
2024,16.0,KU687,Rautavaara
1987,8.5,KU689,Rautjärvi
1988,6.9,KU689,Rautjärvi
1989,6.1,KU689,Rautjärvi
1990,7.2,KU689,Rautjärvi
1991,11.7,KU689,Rautjärvi
1992,16.9,KU689,Rautjärvi
1993,20.2,KU689,Rautjärvi
1994,18.7,KU689,Rautjärvi
1995,20.5,KU689,Rautjärvi
1996,21.2,KU689,Rautjärvi
1997,19.8,KU689,Rautjärvi
1998,18.4,KU689,Rautjärvi
1999,18.8,KU689,Rautjärvi
2000,17.3,KU689,Rautjärvi
2001,19.3,KU689,Rautjärvi
2002,18.2,KU689,Rautjärvi
2003,17.6,KU689,Rautjärvi
2004,15.7,KU689,Rautjärvi
2005,14.2,KU689,Rautjärvi
2006,14.1,KU689,Rautjärvi
2007,13.4,KU689,Rautjärvi
2008,12.6,KU689,Rautjärvi
2009,13.2,KU689,Rautjärvi
2010,13.1,KU689,Rautjärvi
2011,14.7,KU689,Rautjärvi
2012,13.0,KU689,Rautjärvi
2013,14.9,KU689,Rautjärvi
2014,17.4,KU689,Rautjärvi
2015,16.3,KU689,Rautjärvi
2016,21.2,KU689,Rautjärvi
2017,19.5,KU689,Rautjärvi
2018,15.5,KU689,Rautjärvi
2019,15.6,KU689,Rautjärvi
2020,19.3,KU689,Rautjärvi
2021,16.1,KU689,Rautjärvi
2022,13.5,KU689,Rautjärvi
2023,20.9,KU689,Rautjärvi
2024,18.0,KU689,Rautjärvi
1987,9.3,KU691,Reisjärvi
1988,7.0,KU691,Reisjärvi
1989,5.1,KU691,Reisjärvi
1990,6.7,KU691,Reisjärvi
1991,13.2,KU691,Reisjärvi
1992,19.4,KU691,Reisjärvi
1993,19.5,KU691,Reisjärvi
1994,20.0,KU691,Reisjärvi
1995,20.4,KU691,Reisjärvi
1996,20.1,KU691,Reisjärvi
1997,14.1,KU691,Reisjärvi
1998,12.8,KU691,Reisjärvi
1999,9.6,KU691,Reisjärvi
2000,9.7,KU691,Reisjärvi
2001,8.4,KU691,Reisjärvi
2002,10.3,KU691,Reisjärvi
2003,9.4,KU691,Reisjärvi
2004,7.3,KU691,Reisjärvi
2005,6.5,KU691,Reisjärvi
2006,5.6,KU691,Reisjärvi
2007,4.4,KU691,Reisjärvi
2008,5.7,KU691,Reisjärvi
2009,9.7,KU691,Reisjärvi
2010,7.9,KU691,Reisjärvi
2011,5.8,KU691,Reisjärvi
2012,8.0,KU691,Reisjärvi
2013,8.6,KU691,Reisjärvi
2014,10.7,KU691,Reisjärvi
2015,9.2,KU691,Reisjärvi
2016,10.6,KU691,Reisjärvi
2017,9.1,KU691,Reisjärvi
2018,6.3,KU691,Reisjärvi
2019,7.9,KU691,Reisjärvi
2020,9.9,KU691,Reisjärvi
2021,7.4,KU691,Reisjärvi
2022,7.4,KU691,Reisjärvi
2023,7.1,KU691,Reisjärvi
2024,8.1,KU691,Reisjärvi
1987,4.1,KU694,Riihimäki
1988,4.2,KU694,Riihimäki
1989,3.3,KU694,Riihimäki
1990,5.4,KU694,Riihimäki
1991,12.0,KU694,Riihimäki
1992,17.6,KU694,Riihimäki
1993,23.0,KU694,Riihimäki
1994,21.4,KU694,Riihimäki
1995,20.6,KU694,Riihimäki
1996,20.2,KU694,Riihimäki
1997,17.1,KU694,Riihimäki
1998,15.2,KU694,Riihimäki
1999,14.2,KU694,Riihimäki
2000,12.3,KU694,Riihimäki
2001,12.0,KU694,Riihimäki
2002,11.9,KU694,Riihimäki
2003,11.5,KU694,Riihimäki
2004,11.1,KU694,Riihimäki
2005,11.1,KU694,Riihimäki
2006,9.6,KU694,Riihimäki
2007,8.5,KU694,Riihimäki
2008,8.7,KU694,Riihimäki
2009,11.1,KU694,Riihimäki
2010,10.1,KU694,Riihimäki
2011,9.9,KU694,Riihimäki
2012,10.3,KU694,Riihimäki
2013,12.1,KU694,Riihimäki
2014,12.7,KU694,Riihimäki
2015,13.3,KU694,Riihimäki
2016,12.9,KU694,Riihimäki
2017,10.4,KU694,Riihimäki
2018,8.6,KU694,Riihimäki
2019,8.2,KU694,Riihimäki
2020,11.6,KU694,Riihimäki
2021,9.4,KU694,Riihimäki
2022,8.5,KU694,Riihimäki
2023,9.9,KU694,Riihimäki
2024,11.9,KU694,Riihimäki
1987,14.6,KU697,Ristijärvi
1988,9.2,KU697,Ristijärvi
1989,9.6,KU697,Ristijärvi
1990,9.7,KU697,Ristijärvi
1991,16.9,KU697,Ristijärvi
1992,22.1,KU697,Ristijärvi
1993,25.5,KU697,Ristijärvi
1994,23.3,KU697,Ristijärvi
1995,25.7,KU697,Ristijärvi
1996,26.8,KU697,Ristijärvi
1997,24.9,KU697,Ristijärvi
1998,22.6,KU697,Ristijärvi
1999,22.1,KU697,Ristijärvi
2000,22.2,KU697,Ristijärvi
2001,24.3,KU697,Ristijärvi
2002,21.6,KU697,Ristijärvi
2003,20.5,KU697,Ristijärvi
2004,17.8,KU697,Ristijärvi
2005,19.4,KU697,Ristijärvi
2006,18.7,KU697,Ristijärvi
2007,15.1,KU697,Ristijärvi
2008,15.6,KU697,Ristijärvi
2009,13.3,KU697,Ristijärvi
2010,11.2,KU697,Ristijärvi
2011,9.3,KU697,Ristijärvi
2012,10.2,KU697,Ristijärvi
2013,14.9,KU697,Ristijärvi
2014,15.3,KU697,Ristijärvi
2015,16.2,KU697,Ristijärvi
2016,15.7,KU697,Ristijärvi
2017,12.7,KU697,Ristijärvi
2018,9.8,KU697,Ristijärvi
2019,10.1,KU697,Ristijärvi
2020,13.0,KU697,Ristijärvi
2021,11.5,KU697,Ristijärvi
2022,10.4,KU697,Ristijärvi
2023,11.8,KU697,Ristijärvi
2024,12.0,KU697,Ristijärvi
1987,9.2,KU698,Rovaniemi
1988,8.6,KU698,Rovaniemi
1989,6.6,KU698,Rovaniemi
1990,8.4,KU698,Rovaniemi
1991,14.8,KU698,Rovaniemi
1992,22.1,KU698,Rovaniemi
1993,27.0,KU698,Rovaniemi
1994,26.2,KU698,Rovaniemi
1995,26.5,KU698,Rovaniemi
1996,26.0,KU698,Rovaniemi
1997,23.1,KU698,Rovaniemi
1998,22.1,KU698,Rovaniemi
1999,20.6,KU698,Rovaniemi
2000,19.9,KU698,Rovaniemi
2001,19.4,KU698,Rovaniemi
2002,17.2,KU698,Rovaniemi
2003,16.3,KU698,Rovaniemi
2004,16.4,KU698,Rovaniemi
2005,15.5,KU698,Rovaniemi
2006,14.0,KU698,Rovaniemi
2007,12.4,KU698,Rovaniemi
2008,12.9,KU698,Rovaniemi
2009,14.5,KU698,Rovaniemi
2010,12.7,KU698,Rovaniemi
2011,12.1,KU698,Rovaniemi
2012,13.5,KU698,Rovaniemi
2013,15.6,KU698,Rovaniemi
2014,14.9,KU698,Rovaniemi
2015,16.2,KU698,Rovaniemi
2016,15.1,KU698,Rovaniemi
2017,12.6,KU698,Rovaniemi
2018,11.1,KU698,Rovaniemi
2019,10.4,KU698,Rovaniemi
2020,14.9,KU698,Rovaniemi
2021,10.9,KU698,Rovaniemi
2022,9.3,KU698,Rovaniemi
2023,9.3,KU698,Rovaniemi
2024,9.4,KU698,Rovaniemi
1987,8.0,KU700,Ruokolahti
1988,8.0,KU700,Ruokolahti
1989,6.0,KU700,Ruokolahti
1990,7.2,KU700,Ruokolahti
1991,12.8,KU700,Ruokolahti
1992,19.7,KU700,Ruokolahti
1993,23.4,KU700,Ruokolahti
1994,22.9,KU700,Ruokolahti
1995,22.0,KU700,Ruokolahti
1996,21.8,KU700,Ruokolahti
1997,18.8,KU700,Ruokolahti
1998,17.5,KU700,Ruokolahti
1999,16.7,KU700,Ruokolahti
2000,14.6,KU700,Ruokolahti
2001,15.5,KU700,Ruokolahti
2002,14.3,KU700,Ruokolahti
2003,13.4,KU700,Ruokolahti
2004,13.2,KU700,Ruokolahti
2005,12.4,KU700,Ruokolahti
2006,12.2,KU700,Ruokolahti
2007,11.6,KU700,Ruokolahti
2008,11.8,KU700,Ruokolahti
2009,14.1,KU700,Ruokolahti
2010,12.7,KU700,Ruokolahti
2011,12.0,KU700,Ruokolahti
2012,12.2,KU700,Ruokolahti
2013,12.9,KU700,Ruokolahti
2014,14.2,KU700,Ruokolahti
2015,14.6,KU700,Ruokolahti
2016,15.2,KU700,Ruokolahti
2017,12.8,KU700,Ruokolahti
2018,11.6,KU700,Ruokolahti
2019,13.9,KU700,Ruokolahti
2020,17.1,KU700,Ruokolahti
2021,13.7,KU700,Ruokolahti
2022,11.6,KU700,Ruokolahti
2023,14.1,KU700,Ruokolahti
2024,14.8,KU700,Ruokolahti
1987,6.1,KU702,Ruovesi
1988,5.5,KU702,Ruovesi
1989,5.4,KU702,Ruovesi
1990,7.5,KU702,Ruovesi
1991,12.5,KU702,Ruovesi
1992,18.5,KU702,Ruovesi
1993,19.4,KU702,Ruovesi
1994,17.4,KU702,Ruovesi
1995,16.6,KU702,Ruovesi
1996,16.5,KU702,Ruovesi
1997,15.0,KU702,Ruovesi
1998,14.5,KU702,Ruovesi
1999,13.6,KU702,Ruovesi
2000,12.7,KU702,Ruovesi
2001,13.5,KU702,Ruovesi
2002,12.6,KU702,Ruovesi
2003,11.0,KU702,Ruovesi
2004,11.5,KU702,Ruovesi
2005,11.0,KU702,Ruovesi
2006,8.9,KU702,Ruovesi
2007,8.0,KU702,Ruovesi
2008,8.9,KU702,Ruovesi
2009,10.0,KU702,Ruovesi
2010,9.9,KU702,Ruovesi
2011,11.4,KU702,Ruovesi
2012,11.6,KU702,Ruovesi
2013,12.5,KU702,Ruovesi
2014,13.5,KU702,Ruovesi
2015,14.3,KU702,Ruovesi
2016,12.5,KU702,Ruovesi
2017,10.2,KU702,Ruovesi
2018,8.7,KU702,Ruovesi
2019,12.7,KU702,Ruovesi
2020,14.3,KU702,Ruovesi
2021,8.0,KU702,Ruovesi
2022,8.6,KU702,Ruovesi
2023,12.3,KU702,Ruovesi
2024,12.1,KU702,Ruovesi
1987,3.3,KU704,Rusko
1988,3.1,KU704,Rusko
1989,2.9,KU704,Rusko
1990,3.3,KU704,Rusko
1991,8.5,KU704,Rusko
1992,13.5,KU704,Rusko
1993,17.0,KU704,Rusko
1994,14.6,KU704,Rusko
1995,13.4,KU704,Rusko
1996,12.2,KU704,Rusko
1997,11.2,KU704,Rusko
1998,9.4,KU704,Rusko
1999,9.0,KU704,Rusko
2000,7.5,KU704,Rusko
2001,7.7,KU704,Rusko
2002,7.2,KU704,Rusko
2003,7.5,KU704,Rusko
2004,6.9,KU704,Rusko
2005,5.7,KU704,Rusko
2006,4.9,KU704,Rusko
2007,4.3,KU704,Rusko
2008,4.3,KU704,Rusko
2009,7.8,KU704,Rusko
2010,6.5,KU704,Rusko
2011,5.4,KU704,Rusko
2012,6.3,KU704,Rusko
2013,7.3,KU704,Rusko
2014,8.9,KU704,Rusko
2015,8.9,KU704,Rusko
2016,8.3,KU704,Rusko
2017,6.1,KU704,Rusko
2018,4.8,KU704,Rusko
2019,4.5,KU704,Rusko
2020,8.9,KU704,Rusko
2021,4.8,KU704,Rusko
2022,3.7,KU704,Rusko
2023,4.7,KU704,Rusko
2024,5.9,KU704,Rusko
1987,12.0,KU707,Rääkkylä
1988,9.0,KU707,Rääkkylä
1989,10.3,KU707,Rääkkylä
1990,10.2,KU707,Rääkkylä
1991,14.4,KU707,Rääkkylä
1992,21.5,KU707,Rääkkylä
1993,22.9,KU707,Rääkkylä
1994,24.2,KU707,Rääkkylä
1995,25.6,KU707,Rääkkylä
1996,26.5,KU707,Rääkkylä
1997,24.3,KU707,Rääkkylä
1998,22.5,KU707,Rääkkylä
1999,21.7,KU707,Rääkkylä
2000,23.1,KU707,Rääkkylä
2001,23.4,KU707,Rääkkylä
2002,21.5,KU707,Rääkkylä
2003,21.1,KU707,Rääkkylä
2004,21.4,KU707,Rääkkylä
2005,21.9,KU707,Rääkkylä
2006,17.8,KU707,Rääkkylä
2007,17.6,KU707,Rääkkylä
2008,18.9,KU707,Rääkkylä
2009,19.3,KU707,Rääkkylä
2010,16.0,KU707,Rääkkylä
2011,17.4,KU707,Rääkkylä
2012,17.0,KU707,Rääkkylä
2013,20.3,KU707,Rääkkylä
2014,20.2,KU707,Rääkkylä
2015,21.1,KU707,Rääkkylä
2016,19.8,KU707,Rääkkylä
2017,18.2,KU707,Rääkkylä
2018,17.4,KU707,Rääkkylä
2019,18.1,KU707,Rääkkylä
2020,20.0,KU707,Rääkkylä
2021,18.1,KU707,Rääkkylä
2022,16.3,KU707,Rääkkylä
2023,20.0,KU707,Rääkkylä
2024,20.4,KU707,Rääkkylä
1987,12.6,KU729,Saarijärvi
1988,9.8,KU729,Saarijärvi
1989,8.4,KU729,Saarijärvi
1990,10.9,KU729,Saarijärvi
1991,16.9,KU729,Saarijärvi
1992,24.3,KU729,Saarijärvi
1993,29.9,KU729,Saarijärvi
1994,25.8,KU729,Saarijärvi
1995,26.4,KU729,Saarijärvi
1996,25.8,KU729,Saarijärvi
1997,22.1,KU729,Saarijärvi
1998,20.7,KU729,Saarijärvi
1999,20.6,KU729,Saarijärvi
2000,18.9,KU729,Saarijärvi
2001,19.8,KU729,Saarijärvi
2002,19.1,KU729,Saarijärvi
2003,16.9,KU729,Saarijärvi
2004,17.3,KU729,Saarijärvi
2005,16.9,KU729,Saarijärvi
2006,15.8,KU729,Saarijärvi
2007,13.8,KU729,Saarijärvi
2008,15.4,KU729,Saarijärvi
2009,17.4,KU729,Saarijärvi
2010,16.2,KU729,Saarijärvi
2011,16.1,KU729,Saarijärvi
2012,17.7,KU729,Saarijärvi
2013,21.6,KU729,Saarijärvi
2014,22.5,KU729,Saarijärvi
2015,23.5,KU729,Saarijärvi
2016,21.3,KU729,Saarijärvi
2017,19.7,KU729,Saarijärvi
2018,16.9,KU729,Saarijärvi
2019,17.6,KU729,Saarijärvi
2020,21.6,KU729,Saarijärvi
2021,16.2,KU729,Saarijärvi
2022,14.9,KU729,Saarijärvi
2023,17.4,KU729,Saarijärvi
2024,17.6,KU729,Saarijärvi
1987,19.5,KU732,Salla
1988,14.7,KU732,Salla
1989,11.4,KU732,Salla
1990,15.0,KU732,Salla
1991,20.2,KU732,Salla
1992,26.8,KU732,Salla
1993,34.0,KU732,Salla
1994,35.0,KU732,Salla
1995,36.2,KU732,Salla
1996,40.0,KU732,Salla
1997,34.7,KU732,Salla
1998,33.7,KU732,Salla
1999,32.4,KU732,Salla
2000,32.0,KU732,Salla
2001,32.3,KU732,Salla
2002,33.2,KU732,Salla
2003,30.5,KU732,Salla
2004,28.7,KU732,Salla
2005,28.8,KU732,Salla
2006,27.2,KU732,Salla
2007,25.2,KU732,Salla
2008,22.4,KU732,Salla
2009,24.8,KU732,Salla
2010,22.6,KU732,Salla
2011,23.0,KU732,Salla
2012,22.7,KU732,Salla
2013,23.9,KU732,Salla
2014,26.6,KU732,Salla
2015,24.8,KU732,Salla
2016,23.0,KU732,Salla
2017,21.0,KU732,Salla
2018,15.1,KU732,Salla
2019,16.2,KU732,Salla
2020,19.2,KU732,Salla
2021,16.6,KU732,Salla
2022,14.8,KU732,Salla
2023,13.5,KU732,Salla
2024,14.8,KU732,Salla
1987,2.7,KU734,Salo
1988,2.8,KU734,Salo
1989,2.6,KU734,Salo
1990,3.7,KU734,Salo
1991,10.9,KU734,Salo
1992,15.5,KU734,Salo
1993,18.2,KU734,Salo
1994,15.0,KU734,Salo
1995,13.3,KU734,Salo
1996,12.6,KU734,Salo
1997,10.5,KU734,Salo
1998,10.1,KU734,Salo
1999,9.6,KU734,Salo
2000,8.6,KU734,Salo
2001,9.4,KU734,Salo
2002,9.3,KU734,Salo
2003,9.7,KU734,Salo
2004,8.6,KU734,Salo
2005,8.1,KU734,Salo
2006,7.5,KU734,Salo
2007,7.0,KU734,Salo
2008,8.4,KU734,Salo
2009,12.8,KU734,Salo
2010,11.6,KU734,Salo
2011,11.9,KU734,Salo
2012,16.7,KU734,Salo
2013,17.6,KU734,Salo
2014,17.8,KU734,Salo
2015,18.6,KU734,Salo
2016,18.0,KU734,Salo
2017,15.1,KU734,Salo
2018,12.3,KU734,Salo
2019,11.6,KU734,Salo
2020,14.9,KU734,Salo
2021,10.6,KU734,Salo
2022,9.9,KU734,Salo
2023,11.0,KU734,Salo
2024,11.9,KU734,Salo
1987,0.9,KU736,Saltvik
1988,0.7,KU736,Saltvik
1989,0.4,KU736,Saltvik
1990,1.2,KU736,Saltvik
1991,2.3,KU736,Saltvik
1992,6.1,KU736,Saltvik
1993,7.4,KU736,Saltvik
1994,7.5,KU736,Saltvik
1995,5.7,KU736,Saltvik
1996,7.0,KU736,Saltvik
1997,3.9,KU736,Saltvik
1998,1.8,KU736,Saltvik
1999,1.9,KU736,Saltvik
2000,1.1,KU736,Saltvik
2001,1.3,KU736,Saltvik
2002,1.1,KU736,Saltvik
2003,1.7,KU736,Saltvik
2004,2.7,KU736,Saltvik
2005,2.4,KU736,Saltvik
2006,2.1,KU736,Saltvik
2007,2.1,KU736,Saltvik
2008,1.6,KU736,Saltvik
2009,3.1,KU736,Saltvik
2010,3.0,KU736,Saltvik
2011,2.7,KU736,Saltvik
2012,3.6,KU736,Saltvik
2013,3.7,KU736,Saltvik
2014,4.6,KU736,Saltvik
2015,3.3,KU736,Saltvik
2016,4.0,KU736,Saltvik
2017,3.1,KU736,Saltvik
2018,3.0,KU736,Saltvik
2019,3.4,KU736,Saltvik
2020,7.2,KU736,Saltvik
2021,3.8,KU736,Saltvik
2022,3.9,KU736,Saltvik
2023,3.9,KU736,Saltvik
2024,3.7,KU736,Saltvik
1987,5.9,KU790,Sastamala
1988,4.4,KU790,Sastamala
1989,3.0,KU790,Sastamala
1990,5.0,KU790,Sastamala
1991,11.4,KU790,Sastamala
1992,18.1,KU790,Sastamala
1993,21.2,KU790,Sastamala
1994,18.9,KU790,Sastamala
1995,19.1,KU790,Sastamala
1996,18.5,KU790,Sastamala
1997,15.6,KU790,Sastamala
1998,15.0,KU790,Sastamala
1999,14.6,KU790,Sastamala
2000,13.8,KU790,Sastamala
2001,13.2,KU790,Sastamala
2002,12.8,KU790,Sastamala
2003,12.7,KU790,Sastamala
2004,12.4,KU790,Sastamala
2005,10.5,KU790,Sastamala
2006,8.0,KU790,Sastamala
2007,6.0,KU790,Sastamala
2008,6.5,KU790,Sastamala
2009,10.2,KU790,Sastamala
2010,7.7,KU790,Sastamala
2011,7.3,KU790,Sastamala
2012,7.6,KU790,Sastamala
2013,11.2,KU790,Sastamala
2014,13.4,KU790,Sastamala
2015,13.8,KU790,Sastamala
2016,12.4,KU790,Sastamala
2017,8.8,KU790,Sastamala
2018,7.7,KU790,Sastamala
2019,8.4,KU790,Sastamala
2020,11.3,KU790,Sastamala
2021,7.5,KU790,Sastamala
2022,7.5,KU790,Sastamala
2023,9.2,KU790,Sastamala
2024,11.2,KU790,Sastamala
1987,1.7,KU738,Sauvo
1988,0.7,KU738,Sauvo
1989,0.9,KU738,Sauvo
1990,1.3,KU738,Sauvo
1991,6.0,KU738,Sauvo
1992,9.7,KU738,Sauvo
1993,13.0,KU738,Sauvo
1994,10.1,KU738,Sauvo
1995,11.7,KU738,Sauvo
1996,10.3,KU738,Sauvo
1997,7.1,KU738,Sauvo
1998,6.8,KU738,Sauvo
1999,7.2,KU738,Sauvo
2000,4.9,KU738,Sauvo
2001,5.8,KU738,Sauvo
2002,5.3,KU738,Sauvo
2003,6.0,KU738,Sauvo
2004,6.0,KU738,Sauvo
2005,3.9,KU738,Sauvo
2006,4.1,KU738,Sauvo
2007,2.8,KU738,Sauvo
2008,3.8,KU738,Sauvo
2009,5.5,KU738,Sauvo
2010,4.6,KU738,Sauvo
2011,5.8,KU738,Sauvo
2012,6.2,KU738,Sauvo
2013,8.1,KU738,Sauvo
2014,9.9,KU738,Sauvo
2015,10.5,KU738,Sauvo
2016,9.4,KU738,Sauvo
2017,7.0,KU738,Sauvo
2018,5.4,KU738,Sauvo
2019,5.6,KU738,Sauvo
2020,8.3,KU738,Sauvo
2021,3.9,KU738,Sauvo
2022,4.7,KU738,Sauvo
2023,7.4,KU738,Sauvo
2024,7.5,KU738,Sauvo
1987,6.5,KU739,Savitaipale
1988,5.2,KU739,Savitaipale
1989,4.1,KU739,Savitaipale
1990,7.1,KU739,Savitaipale
1991,13.7,KU739,Savitaipale
1992,18.2,KU739,Savitaipale
1993,21.4,KU739,Savitaipale
1994,20.4,KU739,Savitaipale
1995,19.2,KU739,Savitaipale
1996,21.4,KU739,Savitaipale
1997,18.2,KU739,Savitaipale
1998,15.7,KU739,Savitaipale
1999,15.2,KU739,Savitaipale
2000,15.3,KU739,Savitaipale
2001,14.2,KU739,Savitaipale
2002,15.0,KU739,Savitaipale
2003,13.2,KU739,Savitaipale
2004,13.6,KU739,Savitaipale
2005,13.3,KU739,Savitaipale
2006,9.7,KU739,Savitaipale
2007,11.0,KU739,Savitaipale
2008,13.3,KU739,Savitaipale
2009,14.2,KU739,Savitaipale
2010,13.7,KU739,Savitaipale
2011,14.2,KU739,Savitaipale
2012,15.1,KU739,Savitaipale
2013,13.7,KU739,Savitaipale
2014,13.0,KU739,Savitaipale
2015,14.3,KU739,Savitaipale
2016,13.9,KU739,Savitaipale
2017,11.4,KU739,Savitaipale
2018,10.8,KU739,Savitaipale
2019,11.9,KU739,Savitaipale
2020,12.0,KU739,Savitaipale
2021,10.3,KU739,Savitaipale
2022,10.6,KU739,Savitaipale
2023,12.4,KU739,Savitaipale
2024,12.7,KU739,Savitaipale
1987,10.6,KU740,Savonlinna
1988,8.9,KU740,Savonlinna
1989,7.8,KU740,Savonlinna
1990,9.9,KU740,Savonlinna
1991,15.0,KU740,Savonlinna
1992,21.4,KU740,Savonlinna
1993,26.6,KU740,Savonlinna
1994,25.8,KU740,Savonlinna
1995,25.0,KU740,Savonlinna
1996,25.4,KU740,Savonlinna
1997,22.6,KU740,Savonlinna
1998,21.3,KU740,Savonlinna
1999,20.2,KU740,Savonlinna
2000,19.6,KU740,Savonlinna
2001,18.3,KU740,Savonlinna
2002,17.1,KU740,Savonlinna
2003,17.0,KU740,Savonlinna
2004,17.3,KU740,Savonlinna
2005,16.2,KU740,Savonlinna
2006,13.4,KU740,Savonlinna
2007,12.2,KU740,Savonlinna
2008,13.4,KU740,Savonlinna
2009,16.6,KU740,Savonlinna
2010,15.0,KU740,Savonlinna
2011,14.5,KU740,Savonlinna
2012,14.7,KU740,Savonlinna
2013,16.5,KU740,Savonlinna
2014,17.9,KU740,Savonlinna
2015,19.1,KU740,Savonlinna
2016,17.9,KU740,Savonlinna
2017,15.4,KU740,Savonlinna
2018,14.0,KU740,Savonlinna
2019,13.1,KU740,Savonlinna
2020,17.8,KU740,Savonlinna
2021,13.4,KU740,Savonlinna
2022,12.3,KU740,Savonlinna
2023,14.0,KU740,Savonlinna
2024,15.7,KU740,Savonlinna
1987,15.2,KU742,Savukoski
1988,10.3,KU742,Savukoski
1989,5.3,KU742,Savukoski
1990,11.2,KU742,Savukoski
1991,19.7,KU742,Savukoski
1992,26.5,KU742,Savukoski
1993,32.4,KU742,Savukoski
1994,32.0,KU742,Savukoski
1995,30.8,KU742,Savukoski
1996,33.9,KU742,Savukoski
1997,31.9,KU742,Savukoski
1998,30.7,KU742,Savukoski
1999,27.9,KU742,Savukoski
2000,30.1,KU742,Savukoski
2001,31.2,KU742,Savukoski
2002,30.1,KU742,Savukoski
2003,27.5,KU742,Savukoski
2004,25.0,KU742,Savukoski
2005,24.5,KU742,Savukoski
2006,23.3,KU742,Savukoski
2007,17.5,KU742,Savukoski
2008,19.2,KU742,Savukoski
2009,20.7,KU742,Savukoski
2010,18.7,KU742,Savukoski
2011,18.4,KU742,Savukoski
2012,19.2,KU742,Savukoski
2013,22.5,KU742,Savukoski
2014,23.3,KU742,Savukoski
2015,22.6,KU742,Savukoski
2016,22.5,KU742,Savukoski
2017,16.9,KU742,Savukoski
2018,16.1,KU742,Savukoski
2019,19.0,KU742,Savukoski
2020,17.5,KU742,Savukoski
2021,17.0,KU742,Savukoski
2022,16.6,KU742,Savukoski
2023,14.4,KU742,Savukoski
2024,14.6,KU742,Savukoski
1987,5.3,KU743,Seinäjoki
1988,5.3,KU743,Seinäjoki
1989,4.6,KU743,Seinäjoki
1990,5.5,KU743,Seinäjoki
1991,11.4,KU743,Seinäjoki
1992,16.4,KU743,Seinäjoki
1993,22.7,KU743,Seinäjoki
1994,20.2,KU743,Seinäjoki
1995,19.6,KU743,Seinäjoki
1996,18.1,KU743,Seinäjoki
1997,15.3,KU743,Seinäjoki
1998,13.6,KU743,Seinäjoki
1999,13.3,KU743,Seinäjoki
2000,11.8,KU743,Seinäjoki
2001,12.3,KU743,Seinäjoki
2002,11.0,KU743,Seinäjoki
2003,10.4,KU743,Seinäjoki
2004,10.0,KU743,Seinäjoki
2005,9.9,KU743,Seinäjoki
2006,8.8,KU743,Seinäjoki
2007,7.7,KU743,Seinäjoki
2008,8.2,KU743,Seinäjoki
2009,10.7,KU743,Seinäjoki
2010,9.1,KU743,Seinäjoki
2011,8.3,KU743,Seinäjoki
2012,9.3,KU743,Seinäjoki
2013,10.8,KU743,Seinäjoki
2014,12.6,KU743,Seinäjoki
2015,12.8,KU743,Seinäjoki
2016,11.9,KU743,Seinäjoki
2017,9.5,KU743,Seinäjoki
2018,8.5,KU743,Seinäjoki
2019,8.4,KU743,Seinäjoki
2020,11.0,KU743,Seinäjoki
2021,7.8,KU743,Seinäjoki
2022,7.5,KU743,Seinäjoki
2023,8.5,KU743,Seinäjoki
2024,9.2,KU743,Seinäjoki
1987,6.7,KU746,Sievi
1988,5.6,KU746,Sievi
1989,4.4,KU746,Sievi
1990,5.9,KU746,Sievi
1991,12.1,KU746,Sievi
1992,16.1,KU746,Sievi
1993,19.1,KU746,Sievi
1994,13.6,KU746,Sievi
1995,13.9,KU746,Sievi
1996,13.1,KU746,Sievi
1997,11.3,KU746,Sievi
1998,9.7,KU746,Sievi
1999,9.5,KU746,Sievi
2000,8.3,KU746,Sievi
2001,9.0,KU746,Sievi
2002,10.0,KU746,Sievi
2003,9.6,KU746,Sievi
2004,9.5,KU746,Sievi
2005,9.2,KU746,Sievi
2006,8.5,KU746,Sievi
2007,8.0,KU746,Sievi
2008,9.4,KU746,Sievi
2009,11.2,KU746,Sievi
2010,8.6,KU746,Sievi
2011,8.2,KU746,Sievi
2012,11.1,KU746,Sievi
2013,11.9,KU746,Sievi
2014,13.3,KU746,Sievi
2015,12.8,KU746,Sievi
2016,12.3,KU746,Sievi
2017,9.0,KU746,Sievi
2018,8.9,KU746,Sievi
2019,8.9,KU746,Sievi
2020,11.7,KU746,Sievi
2021,6.9,KU746,Sievi
2022,8.1,KU746,Sievi
2023,11.7,KU746,Sievi
2024,10.7,KU746,Sievi
1987,8.2,KU747,Siikainen
1988,7.9,KU747,Siikainen
1989,7.1,KU747,Siikainen
1990,9.6,KU747,Siikainen
1991,16.4,KU747,Siikainen
1992,22.6,KU747,Siikainen
1993,26.6,KU747,Siikainen
1994,22.8,KU747,Siikainen
1995,22.5,KU747,Siikainen
1996,21.2,KU747,Siikainen
1997,18.0,KU747,Siikainen
1998,20.4,KU747,Siikainen
1999,20.0,KU747,Siikainen
2000,17.2,KU747,Siikainen
2001,17.8,KU747,Siikainen
2002,16.3,KU747,Siikainen
2003,15.6,KU747,Siikainen
2004,16.5,KU747,Siikainen
2005,16.5,KU747,Siikainen
2006,16.0,KU747,Siikainen
2007,15.7,KU747,Siikainen
2008,15.7,KU747,Siikainen
2009,18.3,KU747,Siikainen
2010,14.9,KU747,Siikainen
2011,15.5,KU747,Siikainen
2012,13.8,KU747,Siikainen
2013,16.6,KU747,Siikainen
2014,18.1,KU747,Siikainen
2015,17.9,KU747,Siikainen
2016,18.9,KU747,Siikainen
2017,15.2,KU747,Siikainen
2018,14.5,KU747,Siikainen
2019,15.1,KU747,Siikainen
2020,14.6,KU747,Siikainen
2021,11.7,KU747,Siikainen
2022,12.7,KU747,Siikainen
2023,12.0,KU747,Siikainen
2024,13.8,KU747,Siikainen
1987,8.0,KU748,Siikajoki
1988,7.7,KU748,Siikajoki
1989,5.0,KU748,Siikajoki
1990,7.8,KU748,Siikajoki
1991,12.0,KU748,Siikajoki
1992,18.4,KU748,Siikajoki
1993,23.4,KU748,Siikajoki
1994,20.2,KU748,Siikajoki
1995,20.5,KU748,Siikajoki
1996,20.7,KU748,Siikajoki
1997,16.5,KU748,Siikajoki
1998,15.2,KU748,Siikajoki
1999,14.3,KU748,Siikajoki
2000,14.0,KU748,Siikajoki
2001,15.9,KU748,Siikajoki
2002,13.6,KU748,Siikajoki
2003,15.1,KU748,Siikajoki
2004,15.8,KU748,Siikajoki
2005,14.7,KU748,Siikajoki
2006,13.3,KU748,Siikajoki
2007,10.9,KU748,Siikajoki
2008,11.0,KU748,Siikajoki
2009,13.0,KU748,Siikajoki
2010,10.4,KU748,Siikajoki
2011,10.4,KU748,Siikajoki
2012,11.8,KU748,Siikajoki
2013,12.9,KU748,Siikajoki
2014,14.3,KU748,Siikajoki
2015,15.0,KU748,Siikajoki
2016,12.3,KU748,Siikajoki
2017,10.3,KU748,Siikajoki
2018,8.9,KU748,Siikajoki
2019,10.9,KU748,Siikajoki
2020,13.9,KU748,Siikajoki
2021,10.2,KU748,Siikajoki
2022,9.0,KU748,Siikajoki
2023,11.4,KU748,Siikajoki
2024,10.8,KU748,Siikajoki
1987,6.9,KU791,Siikalatva
1988,7.2,KU791,Siikalatva
1989,4.3,KU791,Siikalatva
1990,8.0,KU791,Siikalatva
1991,13.3,KU791,Siikalatva
1992,18.2,KU791,Siikalatva
1993,18.7,KU791,Siikalatva
1994,17.2,KU791,Siikalatva
1995,18.3,KU791,Siikalatva
1996,18.3,KU791,Siikalatva
1997,17.1,KU791,Siikalatva
1998,16.6,KU791,Siikalatva
1999,16.3,KU791,Siikalatva
2000,14.3,KU791,Siikalatva
2001,14.8,KU791,Siikalatva
2002,13.8,KU791,Siikalatva
2003,12.3,KU791,Siikalatva
2004,12.4,KU791,Siikalatva
2005,11.6,KU791,Siikalatva
2006,9.7,KU791,Siikalatva
2007,8.7,KU791,Siikalatva
2008,11.6,KU791,Siikalatva
2009,12.7,KU791,Siikalatva
2010,8.6,KU791,Siikalatva
2011,11.9,KU791,Siikalatva
2012,13.5,KU791,Siikalatva
2013,12.4,KU791,Siikalatva
2014,15.0,KU791,Siikalatva
2015,13.6,KU791,Siikalatva
2016,12.7,KU791,Siikalatva
2017,13.5,KU791,Siikalatva
2018,11.2,KU791,Siikalatva
2019,11.0,KU791,Siikalatva
2020,13.0,KU791,Siikalatva
2021,9.2,KU791,Siikalatva
2022,9.9,KU791,Siikalatva
2023,13.0,KU791,Siikalatva
2024,10.7,KU791,Siikalatva
1987,6.2,KU749,Siilinjärvi
1988,4.9,KU749,Siilinjärvi
1989,4.0,KU749,Siilinjärvi
1990,5.5,KU749,Siilinjärvi
1991,11.7,KU749,Siilinjärvi
1992,17.4,KU749,Siilinjärvi
1993,21.7,KU749,Siilinjärvi
1994,19.4,KU749,Siilinjärvi
1995,19.0,KU749,Siilinjärvi
1996,19.1,KU749,Siilinjärvi
1997,15.7,KU749,Siilinjärvi
1998,14.7,KU749,Siilinjärvi
1999,13.1,KU749,Siilinjärvi
2000,12.9,KU749,Siilinjärvi
2001,12.5,KU749,Siilinjärvi
2002,10.8,KU749,Siilinjärvi
2003,10.7,KU749,Siilinjärvi
2004,10.6,KU749,Siilinjärvi
2005,10.2,KU749,Siilinjärvi
2006,8.4,KU749,Siilinjärvi
2007,6.8,KU749,Siilinjärvi
2008,8.3,KU749,Siilinjärvi
2009,9.4,KU749,Siilinjärvi
2010,7.8,KU749,Siilinjärvi
2011,7.7,KU749,Siilinjärvi
2012,7.8,KU749,Siilinjärvi
2013,8.8,KU749,Siilinjärvi
2014,10.5,KU749,Siilinjärvi
2015,11.0,KU749,Siilinjärvi
2016,10.0,KU749,Siilinjärvi
2017,8.2,KU749,Siilinjärvi
2018,7.9,KU749,Siilinjärvi
2019,8.1,KU749,Siilinjärvi
2020,9.8,KU749,Siilinjärvi
2021,6.9,KU749,Siilinjärvi
2022,7.2,KU749,Siilinjärvi
2023,9.0,KU749,Siilinjärvi
2024,9.9,KU749,Siilinjärvi
1987,14.0,KU751,Simo
1988,12.7,KU751,Simo
1989,8.8,KU751,Simo
1990,10.9,KU751,Simo
1991,16.7,KU751,Simo
1992,23.7,KU751,Simo
1993,28.4,KU751,Simo
1994,26.9,KU751,Simo
1995,24.6,KU751,Simo
1996,24.1,KU751,Simo
1997,23.9,KU751,Simo
1998,23.7,KU751,Simo
1999,23.5,KU751,Simo
2000,21.7,KU751,Simo
2001,21.1,KU751,Simo
2002,19.7,KU751,Simo
2003,17.6,KU751,Simo
2004,18.0,KU751,Simo
2005,17.5,KU751,Simo
2006,14.5,KU751,Simo
2007,13.3,KU751,Simo
2008,13.6,KU751,Simo
2009,16.7,KU751,Simo
2010,14.5,KU751,Simo
2011,14.1,KU751,Simo
2012,14.1,KU751,Simo
2013,19.4,KU751,Simo
2014,19.8,KU751,Simo
2015,17.8,KU751,Simo
2016,16.8,KU751,Simo
2017,12.9,KU751,Simo
2018,11.4,KU751,Simo
2019,10.1,KU751,Simo
2020,13.1,KU751,Simo
2021,9.8,KU751,Simo
2022,11.5,KU751,Simo
2023,12.4,KU751,Simo
2024,10.3,KU751,Simo
1987,1.4,KU753,Sipoo
1988,1.1,KU753,Sipoo
1989,1.2,KU753,Sipoo
1990,1.5,KU753,Sipoo
1991,6.7,KU753,Sipoo
1992,11.2,KU753,Sipoo
1993,13.5,KU753,Sipoo
1994,12.3,KU753,Sipoo
1995,10.8,KU753,Sipoo
1996,10.6,KU753,Sipoo
1997,8.1,KU753,Sipoo
1998,6.5,KU753,Sipoo
1999,5.7,KU753,Sipoo
2000,5.2,KU753,Sipoo
2001,4.5,KU753,Sipoo
2002,4.6,KU753,Sipoo
2003,4.4,KU753,Sipoo
2004,4.9,KU753,Sipoo
2005,4.5,KU753,Sipoo
2006,4.4,KU753,Sipoo
2007,3.5,KU753,Sipoo
2008,3.5,KU753,Sipoo
2009,5.6,KU753,Sipoo
2010,5.2,KU753,Sipoo
2011,4.4,KU753,Sipoo
2012,4.7,KU753,Sipoo
2013,5.9,KU753,Sipoo
2014,6.7,KU753,Sipoo
2015,7.4,KU753,Sipoo
2016,7.3,KU753,Sipoo
2017,6.0,KU753,Sipoo
2018,5.5,KU753,Sipoo
2019,6.0,KU753,Sipoo
2020,10.0,KU753,Sipoo
2021,7.2,KU753,Sipoo
2022,6.5,KU753,Sipoo
2023,7.1,KU753,Sipoo
2024,7.7,KU753,Sipoo
1987,0.8,KU755,Siuntio
1988,1.6,KU755,Siuntio
1989,1.2,KU755,Siuntio
1990,1.5,KU755,Siuntio
1991,7.6,KU755,Siuntio
1992,13.4,KU755,Siuntio
1993,18.1,KU755,Siuntio
1994,16.4,KU755,Siuntio
1995,13.9,KU755,Siuntio
1996,11.7,KU755,Siuntio
1997,9.7,KU755,Siuntio
1998,7.7,KU755,Siuntio
1999,7.3,KU755,Siuntio
2000,6.3,KU755,Siuntio
2001,7.2,KU755,Siuntio
2002,6.6,KU755,Siuntio
2003,5.8,KU755,Siuntio
2004,6.2,KU755,Siuntio
2005,5.3,KU755,Siuntio
2006,4.7,KU755,Siuntio
2007,3.9,KU755,Siuntio
2008,4.2,KU755,Siuntio
2009,6.1,KU755,Siuntio
2010,5.2,KU755,Siuntio
2011,4.7,KU755,Siuntio
2012,4.8,KU755,Siuntio
2013,6.7,KU755,Siuntio
2014,8.9,KU755,Siuntio
2015,8.2,KU755,Siuntio
2016,7.2,KU755,Siuntio
2017,6.8,KU755,Siuntio
2018,6.1,KU755,Siuntio
2019,6.4,KU755,Siuntio
2020,9.9,KU755,Siuntio
2021,6.6,KU755,Siuntio
2022,6.4,KU755,Siuntio
2023,7.3,KU755,Siuntio
2024,7.1,KU755,Siuntio
1987,15.3,KU758,Sodankylä
1988,11.5,KU758,Sodankylä
1989,9.6,KU758,Sodankylä
1990,10.4,KU758,Sodankylä
1991,18.1,KU758,Sodankylä
1992,25.8,KU758,Sodankylä
1993,29.9,KU758,Sodankylä
1994,30.7,KU758,Sodankylä
1995,32.1,KU758,Sodankylä
1996,30.2,KU758,Sodankylä
1997,29.3,KU758,Sodankylä
1998,30.0,KU758,Sodankylä
1999,26.9,KU758,Sodankylä
2000,25.3,KU758,Sodankylä
2001,26.3,KU758,Sodankylä
2002,23.3,KU758,Sodankylä
2003,20.3,KU758,Sodankylä
2004,21.3,KU758,Sodankylä
2005,20.4,KU758,Sodankylä
2006,16.8,KU758,Sodankylä
2007,12.6,KU758,Sodankylä
2008,13.3,KU758,Sodankylä
2009,14.3,KU758,Sodankylä
2010,11.0,KU758,Sodankylä
2011,11.0,KU758,Sodankylä
2012,10.2,KU758,Sodankylä
2013,14.2,KU758,Sodankylä
2014,14.3,KU758,Sodankylä
2015,14.7,KU758,Sodankylä
2016,13.3,KU758,Sodankylä
2017,11.3,KU758,Sodankylä
2018,7.9,KU758,Sodankylä
2019,7.6,KU758,Sodankylä
2020,11.6,KU758,Sodankylä
2021,7.5,KU758,Sodankylä
2022,6.6,KU758,Sodankylä
2023,7.1,KU758,Sodankylä
2024,6.2,KU758,Sodankylä
1987,9.6,KU759,Soini
1988,6.5,KU759,Soini
1989,6.3,KU759,Soini
1990,7.5,KU759,Soini
1991,19.7,KU759,Soini
1992,22.6,KU759,Soini
1993,27.0,KU759,Soini
1994,23.6,KU759,Soini
1995,26.6,KU759,Soini
1996,24.7,KU759,Soini
1997,21.5,KU759,Soini
1998,16.9,KU759,Soini
1999,16.6,KU759,Soini
2000,15.6,KU759,Soini
2001,18.8,KU759,Soini
2002,16.1,KU759,Soini
2003,16.8,KU759,Soini
2004,16.0,KU759,Soini
2005,15.1,KU759,Soini
2006,13.3,KU759,Soini
2007,13.8,KU759,Soini
2008,16.7,KU759,Soini
2009,17.7,KU759,Soini
2010,14.6,KU759,Soini
2011,16.0,KU759,Soini
2012,14.9,KU759,Soini
2013,16.7,KU759,Soini
2014,17.2,KU759,Soini
2015,18.6,KU759,Soini
2016,17.3,KU759,Soini
2017,11.6,KU759,Soini
2018,10.9,KU759,Soini
2019,12.7,KU759,Soini
2020,11.4,KU759,Soini
2021,10.0,KU759,Soini
2022,9.9,KU759,Soini
2023,11.2,KU759,Soini
2024,9.1,KU759,Soini
1987,2.7,KU761,Somero
1988,3.0,KU761,Somero
1989,2.8,KU761,Somero
1990,4.6,KU761,Somero
1991,10.5,KU761,Somero
1992,18.2,KU761,Somero
1993,18.4,KU761,Somero
1994,15.0,KU761,Somero
1995,16.4,KU761,Somero
1996,13.9,KU761,Somero
1997,12.4,KU761,Somero
1998,10.5,KU761,Somero
1999,9.9,KU761,Somero
2000,9.2,KU761,Somero
2001,9.5,KU761,Somero
2002,9.3,KU761,Somero
2003,9.6,KU761,Somero
2004,9.0,KU761,Somero
2005,7.7,KU761,Somero
2006,6.7,KU761,Somero
2007,6.2,KU761,Somero
2008,6.9,KU761,Somero
2009,10.7,KU761,Somero
2010,10.9,KU761,Somero
2011,10.1,KU761,Somero
2012,12.0,KU761,Somero
2013,12.3,KU761,Somero
2014,13.8,KU761,Somero
2015,14.0,KU761,Somero
2016,12.9,KU761,Somero
2017,10.2,KU761,Somero
2018,7.9,KU761,Somero
2019,7.7,KU761,Somero
2020,9.8,KU761,Somero
2021,8.1,KU761,Somero
2022,7.9,KU761,Somero
2023,9.4,KU761,Somero
2024,11.4,KU761,Somero
1987,11.1,KU762,Sonkajärvi
1988,10.4,KU762,Sonkajärvi
1989,6.3,KU762,Sonkajärvi
1990,10.0,KU762,Sonkajärvi
1991,14.4,KU762,Sonkajärvi
1992,19.7,KU762,Sonkajärvi
1993,25.2,KU762,Sonkajärvi
1994,24.4,KU762,Sonkajärvi
1995,24.8,KU762,Sonkajärvi
1996,24.0,KU762,Sonkajärvi
1997,22.9,KU762,Sonkajärvi
1998,19.9,KU762,Sonkajärvi
1999,21.4,KU762,Sonkajärvi
2000,22.5,KU762,Sonkajärvi
2001,20.0,KU762,Sonkajärvi
2002,19.7,KU762,Sonkajärvi
2003,19.4,KU762,Sonkajärvi
2004,19.1,KU762,Sonkajärvi
2005,17.8,KU762,Sonkajärvi
2006,17.8,KU762,Sonkajärvi
2007,15.1,KU762,Sonkajärvi
2008,15.6,KU762,Sonkajärvi
2009,17.8,KU762,Sonkajärvi
2010,17.2,KU762,Sonkajärvi
2011,15.5,KU762,Sonkajärvi
2012,17.8,KU762,Sonkajärvi
2013,20.8,KU762,Sonkajärvi
2014,20.6,KU762,Sonkajärvi
2015,20.6,KU762,Sonkajärvi
2016,17.3,KU762,Sonkajärvi
2017,16.5,KU762,Sonkajärvi
2018,14.0,KU762,Sonkajärvi
2019,10.8,KU762,Sonkajärvi
2020,15.7,KU762,Sonkajärvi
2021,13.0,KU762,Sonkajärvi
2022,12.0,KU762,Sonkajärvi
2023,13.2,KU762,Sonkajärvi
2024,13.8,KU762,Sonkajärvi
1987,10.7,KU765,Sotkamo
1988,8.1,KU765,Sotkamo
1989,6.7,KU765,Sotkamo
1990,9.4,KU765,Sotkamo
1991,14.0,KU765,Sotkamo
1992,20.4,KU765,Sotkamo
1993,23.0,KU765,Sotkamo
1994,21.3,KU765,Sotkamo
1995,22.2,KU765,Sotkamo
1996,24.1,KU765,Sotkamo
1997,20.4,KU765,Sotkamo
1998,19.4,KU765,Sotkamo
1999,18.2,KU765,Sotkamo
2000,19.1,KU765,Sotkamo
2001,19.7,KU765,Sotkamo
2002,17.8,KU765,Sotkamo
2003,17.0,KU765,Sotkamo
2004,16.9,KU765,Sotkamo
2005,16.2,KU765,Sotkamo
2006,14.4,KU765,Sotkamo
2007,11.0,KU765,Sotkamo
2008,12.1,KU765,Sotkamo
2009,12.2,KU765,Sotkamo
2010,12.2,KU765,Sotkamo
2011,11.3,KU765,Sotkamo
2012,12.0,KU765,Sotkamo
2013,14.5,KU765,Sotkamo
2014,15.4,KU765,Sotkamo
2015,14.7,KU765,Sotkamo
2016,12.3,KU765,Sotkamo
2017,10.8,KU765,Sotkamo
2018,8.7,KU765,Sotkamo
2019,7.9,KU765,Sotkamo
2020,8.0,KU765,Sotkamo
2021,6.6,KU765,Sotkamo
2022,6.3,KU765,Sotkamo
2023,6.7,KU765,Sotkamo
2024,7.8,KU765,Sotkamo
1987,1.6,KU766,Sottunga
1988,3.2,KU766,Sottunga
1989,,KU766,Sottunga
1990,1.6,KU766,Sottunga
1991,,KU766,Sottunga
1992,1.9,KU766,Sottunga
1993,3.7,KU766,Sottunga
1994,7.0,KU766,Sottunga
1995,5.6,KU766,Sottunga
1996,,KU766,Sottunga
1997,,KU766,Sottunga
1998,,KU766,Sottunga
1999,1.9,KU766,Sottunga
2000,,KU766,Sottunga
2001,,KU766,Sottunga
2002,1.7,KU766,Sottunga
2003,3.3,KU766,Sottunga
2004,1.6,KU766,Sottunga
2005,,KU766,Sottunga
2006,,KU766,Sottunga
2007,,KU766,Sottunga
2008,3.5,KU766,Sottunga
2009,6.5,KU766,Sottunga
2010,3.6,KU766,Sottunga
2011,3.9,KU766,Sottunga
2012,3.8,KU766,Sottunga
2013,1.9,KU766,Sottunga
2014,,KU766,Sottunga
2015,,KU766,Sottunga
2016,,KU766,Sottunga
2017,2.4,KU766,Sottunga
2018,5.0,KU766,Sottunga
2019,5.0,KU766,Sottunga
2020,4.9,KU766,Sottunga
2021,5.3,KU766,Sottunga
2022,,KU766,Sottunga
2023,,KU766,Sottunga
2024,2.5,KU766,Sottunga
1987,9.4,KU768,Sulkava
1988,8.8,KU768,Sulkava
1989,7.1,KU768,Sulkava
1990,8.7,KU768,Sulkava
1991,12.8,KU768,Sulkava
1992,17.2,KU768,Sulkava
1993,22.6,KU768,Sulkava
1994,21.6,KU768,Sulkava
1995,23.1,KU768,Sulkava
1996,24.4,KU768,Sulkava
1997,22.2,KU768,Sulkava
1998,21.4,KU768,Sulkava
1999,21.5,KU768,Sulkava
2000,20.2,KU768,Sulkava
2001,17.2,KU768,Sulkava
2002,16.7,KU768,Sulkava
2003,14.6,KU768,Sulkava
2004,16.8,KU768,Sulkava
2005,16.5,KU768,Sulkava
2006,14.8,KU768,Sulkava
2007,13.4,KU768,Sulkava
2008,12.9,KU768,Sulkava
2009,14.1,KU768,Sulkava
2010,14.5,KU768,Sulkava
2011,11.7,KU768,Sulkava
2012,12.6,KU768,Sulkava
2013,13.6,KU768,Sulkava
2014,15.1,KU768,Sulkava
2015,17.1,KU768,Sulkava
2016,16.9,KU768,Sulkava
2017,16.4,KU768,Sulkava
2018,12.1,KU768,Sulkava
2019,11.8,KU768,Sulkava
2020,16.5,KU768,Sulkava
2021,11.7,KU768,Sulkava
2022,9.5,KU768,Sulkava
2023,11.1,KU768,Sulkava
2024,13.8,KU768,Sulkava
1987,0.2,KU771,Sund
1988,0.4,KU771,Sund
1989,0.4,KU771,Sund
1990,0.6,KU771,Sund
1991,3.8,KU771,Sund
1992,5.9,KU771,Sund
1993,8.8,KU771,Sund
1994,9.4,KU771,Sund
1995,6.4,KU771,Sund
1996,6.7,KU771,Sund
1997,4.0,KU771,Sund
1998,3.4,KU771,Sund
1999,2.0,KU771,Sund
2000,2.5,KU771,Sund
2001,1.0,KU771,Sund
2002,1.3,KU771,Sund
2003,1.9,KU771,Sund
2004,2.0,KU771,Sund
2005,2.7,KU771,Sund
2006,3.1,KU771,Sund
2007,1.4,KU771,Sund
2008,2.1,KU771,Sund
2009,4.0,KU771,Sund
2010,3.1,KU771,Sund
2011,2.4,KU771,Sund
2012,3.3,KU771,Sund
2013,3.8,KU771,Sund
2014,3.8,KU771,Sund
2015,5.6,KU771,Sund
2016,4.1,KU771,Sund
2017,4.6,KU771,Sund
2018,4.3,KU771,Sund
2019,4.9,KU771,Sund
2020,8.7,KU771,Sund
2021,6.0,KU771,Sund
2022,4.5,KU771,Sund
2023,3.5,KU771,Sund
2024,4.8,KU771,Sund
1987,19.4,KU777,Suomussalmi
1988,16.6,KU777,Suomussalmi
1989,13.3,KU777,Suomussalmi
1990,15.4,KU777,Suomussalmi
1991,21.2,KU777,Suomussalmi
1992,28.5,KU777,Suomussalmi
1993,33.9,KU777,Suomussalmi
1994,32.1,KU777,Suomussalmi
1995,33.5,KU777,Suomussalmi
1996,36.2,KU777,Suomussalmi
1997,32.6,KU777,Suomussalmi
1998,32.8,KU777,Suomussalmi
1999,32.0,KU777,Suomussalmi
2000,30.3,KU777,Suomussalmi
2001,31.9,KU777,Suomussalmi
2002,29.0,KU777,Suomussalmi
2003,26.4,KU777,Suomussalmi
2004,26.0,KU777,Suomussalmi
2005,25.5,KU777,Suomussalmi
2006,21.4,KU777,Suomussalmi
2007,18.4,KU777,Suomussalmi
2008,18.1,KU777,Suomussalmi
2009,20.1,KU777,Suomussalmi
2010,18.2,KU777,Suomussalmi
2011,16.3,KU777,Suomussalmi
2012,17.8,KU777,Suomussalmi
2013,24.7,KU777,Suomussalmi
2014,24.2,KU777,Suomussalmi
2015,24.0,KU777,Suomussalmi
2016,21.0,KU777,Suomussalmi
2017,20.4,KU777,Suomussalmi
2018,16.3,KU777,Suomussalmi
2019,15.8,KU777,Suomussalmi
2020,17.0,KU777,Suomussalmi
2021,14.2,KU777,Suomussalmi
2022,12.5,KU777,Suomussalmi
2023,14.6,KU777,Suomussalmi
2024,16.5,KU777,Suomussalmi
1987,11.6,KU778,Suonenjoki
1988,12.2,KU778,Suonenjoki
1989,9.9,KU778,Suonenjoki
1990,11.4,KU778,Suonenjoki
1991,16.7,KU778,Suonenjoki
1992,23.7,KU778,Suonenjoki
1993,26.4,KU778,Suonenjoki
1994,24.5,KU778,Suonenjoki
1995,24.9,KU778,Suonenjoki
1996,25.5,KU778,Suonenjoki
1997,24.1,KU778,Suonenjoki
1998,24.2,KU778,Suonenjoki
1999,22.0,KU778,Suonenjoki
2000,20.7,KU778,Suonenjoki
2001,19.9,KU778,Suonenjoki
2002,18.7,KU778,Suonenjoki
2003,17.8,KU778,Suonenjoki
2004,16.0,KU778,Suonenjoki
2005,14.8,KU778,Suonenjoki
2006,12.9,KU778,Suonenjoki
2007,11.6,KU778,Suonenjoki
2008,12.6,KU778,Suonenjoki
2009,12.7,KU778,Suonenjoki
2010,11.7,KU778,Suonenjoki
2011,11.0,KU778,Suonenjoki
2012,12.0,KU778,Suonenjoki
2013,11.9,KU778,Suonenjoki
2014,14.3,KU778,Suonenjoki
2015,13.4,KU778,Suonenjoki
2016,12.4,KU778,Suonenjoki
2017,11.6,KU778,Suonenjoki
2018,9.9,KU778,Suonenjoki
2019,9.7,KU778,Suonenjoki
2020,11.7,KU778,Suonenjoki
2021,8.1,KU778,Suonenjoki
2022,9.4,KU778,Suonenjoki
2023,11.0,KU778,Suonenjoki
2024,10.6,KU778,Suonenjoki
1987,6.7,KU781,Sysmä
1988,5.8,KU781,Sysmä
1989,4.0,KU781,Sysmä
1990,6.3,KU781,Sysmä
1991,11.5,KU781,Sysmä
1992,16.5,KU781,Sysmä
1993,21.0,KU781,Sysmä
1994,18.9,KU781,Sysmä
1995,20.7,KU781,Sysmä
1996,19.7,KU781,Sysmä
1997,18.3,KU781,Sysmä
1998,17.9,KU781,Sysmä
1999,15.7,KU781,Sysmä
2000,15.0,KU781,Sysmä
2001,13.8,KU781,Sysmä
2002,12.0,KU781,Sysmä
2003,11.0,KU781,Sysmä
2004,12.5,KU781,Sysmä
2005,11.5,KU781,Sysmä
2006,12.1,KU781,Sysmä
2007,11.3,KU781,Sysmä
2008,12.4,KU781,Sysmä
2009,13.2,KU781,Sysmä
2010,12.1,KU781,Sysmä
2011,10.6,KU781,Sysmä
2012,11.5,KU781,Sysmä
2013,11.6,KU781,Sysmä
2014,14.6,KU781,Sysmä
2015,15.2,KU781,Sysmä
2016,13.1,KU781,Sysmä
2017,12.4,KU781,Sysmä
2018,10.7,KU781,Sysmä
2019,11.2,KU781,Sysmä
2020,11.6,KU781,Sysmä
2021,11.7,KU781,Sysmä
2022,11.5,KU781,Sysmä
2023,12.0,KU781,Sysmä
2024,13.3,KU781,Sysmä
1987,4.8,KU783,Säkylä
1988,3.5,KU783,Säkylä
1989,2.5,KU783,Säkylä
1990,3.3,KU783,Säkylä
1991,7.6,KU783,Säkylä
1992,16.6,KU783,Säkylä
1993,17.0,KU783,Säkylä
1994,14.1,KU783,Säkylä
1995,12.8,KU783,Säkylä
1996,12.1,KU783,Säkylä
1997,9.7,KU783,Säkylä
1998,8.9,KU783,Säkylä
1999,9.4,KU783,Säkylä
2000,9.2,KU783,Säkylä
2001,7.0,KU783,Säkylä
2002,7.7,KU783,Säkylä
2003,7.7,KU783,Säkylä
2004,7.8,KU783,Säkylä
2005,8.0,KU783,Säkylä
2006,6.6,KU783,Säkylä
2007,5.4,KU783,Säkylä
2008,4.8,KU783,Säkylä
2009,6.5,KU783,Säkylä
2010,6.8,KU783,Säkylä
2011,6.4,KU783,Säkylä
2012,6.9,KU783,Säkylä
2013,8.6,KU783,Säkylä
2014,9.3,KU783,Säkylä
2015,10.7,KU783,Säkylä
2016,9.9,KU783,Säkylä
2017,6.6,KU783,Säkylä
2018,6.1,KU783,Säkylä
2019,6.9,KU783,Säkylä
2020,9.4,KU783,Säkylä
2021,7.9,KU783,Säkylä
2022,7.3,KU783,Säkylä
2023,7.0,KU783,Säkylä
2024,8.4,KU783,Säkylä
1987,6.3,KU831,Taipalsaari
1988,4.4,KU831,Taipalsaari
1989,3.7,KU831,Taipalsaari
1990,5.6,KU831,Taipalsaari
1991,10.9,KU831,Taipalsaari
1992,16.6,KU831,Taipalsaari
1993,20.1,KU831,Taipalsaari
1994,19.4,KU831,Taipalsaari
1995,18.2,KU831,Taipalsaari
1996,18.7,KU831,Taipalsaari
1997,16.1,KU831,Taipalsaari
1998,15.5,KU831,Taipalsaari
1999,15.2,KU831,Taipalsaari
2000,13.0,KU831,Taipalsaari
2001,12.3,KU831,Taipalsaari
2002,11.9,KU831,Taipalsaari
2003,11.8,KU831,Taipalsaari
2004,10.6,KU831,Taipalsaari
2005,10.0,KU831,Taipalsaari
2006,8.6,KU831,Taipalsaari
2007,8.2,KU831,Taipalsaari
2008,8.5,KU831,Taipalsaari
2009,10.6,KU831,Taipalsaari
2010,11.3,KU831,Taipalsaari
2011,8.9,KU831,Taipalsaari
2012,9.8,KU831,Taipalsaari
2013,10.6,KU831,Taipalsaari
2014,12.4,KU831,Taipalsaari
2015,13.4,KU831,Taipalsaari
2016,12.7,KU831,Taipalsaari
2017,10.8,KU831,Taipalsaari
2018,8.4,KU831,Taipalsaari
2019,8.2,KU831,Taipalsaari
2020,12.4,KU831,Taipalsaari
2021,10.4,KU831,Taipalsaari
2022,9.2,KU831,Taipalsaari
2023,10.0,KU831,Taipalsaari
2024,11.6,KU831,Taipalsaari
1987,20.2,KU832,Taivalkoski
1988,16.4,KU832,Taivalkoski
1989,10.8,KU832,Taivalkoski
1990,17.9,KU832,Taivalkoski
1991,25.1,KU832,Taivalkoski
1992,31.6,KU832,Taivalkoski
1993,33.4,KU832,Taivalkoski
1994,32.6,KU832,Taivalkoski
1995,35.1,KU832,Taivalkoski
1996,35.8,KU832,Taivalkoski
1997,33.2,KU832,Taivalkoski
1998,30.4,KU832,Taivalkoski
1999,29.3,KU832,Taivalkoski
2000,28.5,KU832,Taivalkoski
2001,26.3,KU832,Taivalkoski
2002,21.1,KU832,Taivalkoski
2003,28.8,KU832,Taivalkoski
2004,23.9,KU832,Taivalkoski
2005,25.9,KU832,Taivalkoski
2006,18.8,KU832,Taivalkoski
2007,17.5,KU832,Taivalkoski
2008,18.0,KU832,Taivalkoski
2009,23.2,KU832,Taivalkoski
2010,20.6,KU832,Taivalkoski
2011,17.3,KU832,Taivalkoski
2012,17.0,KU832,Taivalkoski
2013,19.3,KU832,Taivalkoski
2014,22.2,KU832,Taivalkoski
2015,20.3,KU832,Taivalkoski
2016,17.8,KU832,Taivalkoski
2017,16.1,KU832,Taivalkoski
2018,13.9,KU832,Taivalkoski
2019,14.9,KU832,Taivalkoski
2020,16.2,KU832,Taivalkoski
2021,12.7,KU832,Taivalkoski
2022,12.9,KU832,Taivalkoski
2023,15.1,KU832,Taivalkoski
2024,19.3,KU832,Taivalkoski
1987,3.9,KU833,Taivassalo
1988,3.3,KU833,Taivassalo
1989,2.8,KU833,Taivassalo
1990,2.6,KU833,Taivassalo
1991,6.7,KU833,Taivassalo
1992,12.1,KU833,Taivassalo
1993,17.4,KU833,Taivassalo
1994,13.3,KU833,Taivassalo
1995,14.4,KU833,Taivassalo
1996,12.6,KU833,Taivassalo
1997,13.9,KU833,Taivassalo
1998,10.8,KU833,Taivassalo
1999,12.2,KU833,Taivassalo
2000,8.8,KU833,Taivassalo
2001,9.0,KU833,Taivassalo
2002,7.9,KU833,Taivassalo
2003,8.9,KU833,Taivassalo
2004,8.9,KU833,Taivassalo
2005,7.1,KU833,Taivassalo
2006,5.9,KU833,Taivassalo
2007,4.8,KU833,Taivassalo
2008,5.6,KU833,Taivassalo
2009,9.6,KU833,Taivassalo
2010,9.8,KU833,Taivassalo
2011,7.4,KU833,Taivassalo
2012,9.2,KU833,Taivassalo
2013,9.3,KU833,Taivassalo
2014,11.9,KU833,Taivassalo
2015,11.7,KU833,Taivassalo
2016,11.8,KU833,Taivassalo
2017,8.7,KU833,Taivassalo
2018,7.1,KU833,Taivassalo
2019,10.1,KU833,Taivassalo
2020,10.5,KU833,Taivassalo
2021,8.5,KU833,Taivassalo
2022,9.1,KU833,Taivassalo
2023,10.7,KU833,Taivassalo
2024,12.2,KU833,Taivassalo
1987,3.6,KU834,Tammela
1988,3.2,KU834,Tammela
1989,2.1,KU834,Tammela
1990,3.0,KU834,Tammela
1991,8.3,KU834,Tammela
1992,15.1,KU834,Tammela
1993,19.0,KU834,Tammela
1994,15.6,KU834,Tammela
1995,16.5,KU834,Tammela
1996,16.3,KU834,Tammela
1997,13.4,KU834,Tammela
1998,11.5,KU834,Tammela
1999,11.3,KU834,Tammela
2000,9.1,KU834,Tammela
2001,9.5,KU834,Tammela
2002,9.0,KU834,Tammela
2003,9.4,KU834,Tammela
2004,10.2,KU834,Tammela
2005,8.7,KU834,Tammela
2006,8.3,KU834,Tammela
2007,7.4,KU834,Tammela
2008,8.9,KU834,Tammela
2009,10.5,KU834,Tammela
2010,9.9,KU834,Tammela
2011,8.7,KU834,Tammela
2012,9.9,KU834,Tammela
2013,12.0,KU834,Tammela
2014,11.8,KU834,Tammela
2015,12.1,KU834,Tammela
2016,11.5,KU834,Tammela
2017,9.0,KU834,Tammela
2018,7.7,KU834,Tammela
2019,8.2,KU834,Tammela
2020,9.6,KU834,Tammela
2021,8.1,KU834,Tammela
2022,7.9,KU834,Tammela
2023,9.0,KU834,Tammela
2024,9.3,KU834,Tammela
1987,8.6,KU837,Tampere
1988,7.7,KU837,Tampere
1989,5.9,KU837,Tampere
1990,6.9,KU837,Tampere
1991,14.9,KU837,Tampere
1992,20.0,KU837,Tampere
1993,24.9,KU837,Tampere
1994,22.8,KU837,Tampere
1995,21.3,KU837,Tampere
1996,21.3,KU837,Tampere
1997,18.5,KU837,Tampere
1998,16.3,KU837,Tampere
1999,15.9,KU837,Tampere
2000,14.1,KU837,Tampere
2001,13.8,KU837,Tampere
2002,13.7,KU837,Tampere
2003,14.2,KU837,Tampere
2004,13.4,KU837,Tampere
2005,12.5,KU837,Tampere
2006,10.9,KU837,Tampere
2007,10.4,KU837,Tampere
2008,11.3,KU837,Tampere
2009,15.5,KU837,Tampere
2010,13.8,KU837,Tampere
2011,12.6,KU837,Tampere
2012,14.2,KU837,Tampere
2013,16.5,KU837,Tampere
2014,17.5,KU837,Tampere
2015,18.4,KU837,Tampere
2016,17.9,KU837,Tampere
2017,14.1,KU837,Tampere
2018,11.2,KU837,Tampere
2019,11.5,KU837,Tampere
2020,14.8,KU837,Tampere
2021,11.1,KU837,Tampere
2022,10.0,KU837,Tampere
2023,12.3,KU837,Tampere
2024,13.2,KU837,Tampere
1987,7.5,KU844,Tervo
1988,5.8,KU844,Tervo
1989,5.0,KU844,Tervo
1990,7.0,KU844,Tervo
1991,14.4,KU844,Tervo
1992,20.2,KU844,Tervo
1993,22.1,KU844,Tervo
1994,18.6,KU844,Tervo
1995,19.0,KU844,Tervo
1996,21.6,KU844,Tervo
1997,20.6,KU844,Tervo
1998,19.8,KU844,Tervo
1999,21.6,KU844,Tervo
2000,18.2,KU844,Tervo
2001,16.1,KU844,Tervo
2002,14.7,KU844,Tervo
2003,17.0,KU844,Tervo
2004,15.2,KU844,Tervo
2005,15.4,KU844,Tervo
2006,14.0,KU844,Tervo
2007,10.5,KU844,Tervo
2008,12.8,KU844,Tervo
2009,15.6,KU844,Tervo
2010,11.4,KU844,Tervo
2011,11.8,KU844,Tervo
2012,11.4,KU844,Tervo
2013,11.1,KU844,Tervo
2014,13.9,KU844,Tervo
2015,14.4,KU844,Tervo
2016,14.3,KU844,Tervo
2017,13.3,KU844,Tervo
2018,12.0,KU844,Tervo
2019,11.2,KU844,Tervo
2020,13.3,KU844,Tervo
2021,11.7,KU844,Tervo
2022,12.7,KU844,Tervo
2023,13.9,KU844,Tervo
2024,13.7,KU844,Tervo
1987,13.0,KU845,Tervola
1988,13.2,KU845,Tervola
1989,10.1,KU845,Tervola
1990,13.0,KU845,Tervola
1991,19.8,KU845,Tervola
1992,27.4,KU845,Tervola
1993,30.9,KU845,Tervola
1994,29.0,KU845,Tervola
1995,30.6,KU845,Tervola
1996,30.3,KU845,Tervola
1997,28.7,KU845,Tervola
1998,25.9,KU845,Tervola
1999,23.3,KU845,Tervola
2000,21.6,KU845,Tervola
2001,24.3,KU845,Tervola
2002,24.7,KU845,Tervola
2003,21.7,KU845,Tervola
2004,20.5,KU845,Tervola
2005,20.0,KU845,Tervola
2006,18.6,KU845,Tervola
2007,15.5,KU845,Tervola
2008,14.1,KU845,Tervola
2009,16.2,KU845,Tervola
2010,12.7,KU845,Tervola
2011,13.2,KU845,Tervola
2012,14.5,KU845,Tervola
2013,18.0,KU845,Tervola
2014,21.3,KU845,Tervola
2015,19.9,KU845,Tervola
2016,18.2,KU845,Tervola
2017,16.9,KU845,Tervola
2018,13.8,KU845,Tervola
2019,12.8,KU845,Tervola
2020,13.0,KU845,Tervola
2021,12.4,KU845,Tervola
2022,11.7,KU845,Tervola
2023,10.5,KU845,Tervola
2024,10.6,KU845,Tervola
1987,4.5,KU846,Teuva
1988,4.5,KU846,Teuva
1989,4.6,KU846,Teuva
1990,5.0,KU846,Teuva
1991,14.4,KU846,Teuva
1992,19.8,KU846,Teuva
1993,24.4,KU846,Teuva
1994,22.2,KU846,Teuva
1995,20.2,KU846,Teuva
1996,20.3,KU846,Teuva
1997,14.8,KU846,Teuva
1998,14.8,KU846,Teuva
1999,14.2,KU846,Teuva
2000,11.2,KU846,Teuva
2001,11.4,KU846,Teuva
2002,9.6,KU846,Teuva
2003,10.8,KU846,Teuva
2004,11.8,KU846,Teuva
2005,10.3,KU846,Teuva
2006,7.5,KU846,Teuva
2007,7.1,KU846,Teuva
2008,8.6,KU846,Teuva
2009,12.8,KU846,Teuva
2010,10.3,KU846,Teuva
2011,10.0,KU846,Teuva
2012,10.8,KU846,Teuva
2013,13.7,KU846,Teuva
2014,13.7,KU846,Teuva
2015,14.1,KU846,Teuva
2016,12.5,KU846,Teuva
2017,11.1,KU846,Teuva
2018,7.8,KU846,Teuva
2019,7.2,KU846,Teuva
2020,11.3,KU846,Teuva
2021,8.1,KU846,Teuva
2022,10.1,KU846,Teuva
2023,10.8,KU846,Teuva
2024,12.2,KU846,Teuva
1987,10.7,KU848,Tohmajärvi
1988,10.4,KU848,Tohmajärvi
1989,9.1,KU848,Tohmajärvi
1990,9.6,KU848,Tohmajärvi
1991,14.8,KU848,Tohmajärvi
1992,19.8,KU848,Tohmajärvi
1993,22.9,KU848,Tohmajärvi
1994,24.6,KU848,Tohmajärvi
1995,25.6,KU848,Tohmajärvi
1996,27.3,KU848,Tohmajärvi
1997,23.1,KU848,Tohmajärvi
1998,23.0,KU848,Tohmajärvi
1999,24.0,KU848,Tohmajärvi
2000,22.0,KU848,Tohmajärvi
2001,20.9,KU848,Tohmajärvi
2002,20.2,KU848,Tohmajärvi
2003,20.0,KU848,Tohmajärvi
2004,20.4,KU848,Tohmajärvi
2005,20.0,KU848,Tohmajärvi
2006,19.6,KU848,Tohmajärvi
2007,17.4,KU848,Tohmajärvi
2008,17.1,KU848,Tohmajärvi
2009,18.2,KU848,Tohmajärvi
2010,17.1,KU848,Tohmajärvi
2011,17.5,KU848,Tohmajärvi
2012,18.8,KU848,Tohmajärvi
2013,20.7,KU848,Tohmajärvi
2014,21.3,KU848,Tohmajärvi
2015,21.6,KU848,Tohmajärvi
2016,19.9,KU848,Tohmajärvi
2017,19.5,KU848,Tohmajärvi
2018,17.4,KU848,Tohmajärvi
2019,17.3,KU848,Tohmajärvi
2020,19.5,KU848,Tohmajärvi
2021,16.7,KU848,Tohmajärvi
2022,15.9,KU848,Tohmajärvi
2023,18.0,KU848,Tohmajärvi
2024,18.8,KU848,Tohmajärvi
1987,5.2,KU849,Toholampi
1988,4.2,KU849,Toholampi
1989,4.9,KU849,Toholampi
1990,4.5,KU849,Toholampi
1991,8.9,KU849,Toholampi
1992,12.6,KU849,Toholampi
1993,16.4,KU849,Toholampi
1994,14.3,KU849,Toholampi
1995,14.9,KU849,Toholampi
1996,13.4,KU849,Toholampi
1997,11.6,KU849,Toholampi
1998,9.7,KU849,Toholampi
1999,8.3,KU849,Toholampi
2000,7.6,KU849,Toholampi
2001,8.0,KU849,Toholampi
2002,8.2,KU849,Toholampi
2003,6.2,KU849,Toholampi
2004,7.2,KU849,Toholampi
2005,7.4,KU849,Toholampi
2006,6.6,KU849,Toholampi
2007,5.9,KU849,Toholampi
2008,4.5,KU849,Toholampi
2009,7.1,KU849,Toholampi
2010,6.0,KU849,Toholampi
2011,7.8,KU849,Toholampi
2012,7.7,KU849,Toholampi
2013,8.0,KU849,Toholampi
2014,9.0,KU849,Toholampi
2015,11.2,KU849,Toholampi
2016,10.7,KU849,Toholampi
2017,8.6,KU849,Toholampi
2018,8.0,KU849,Toholampi
2019,6.8,KU849,Toholampi
2020,10.4,KU849,Toholampi
2021,7.3,KU849,Toholampi
2022,6.2,KU849,Toholampi
2023,8.0,KU849,Toholampi
2024,9.1,KU849,Toholampi
1987,7.6,KU850,Toivakka
1988,7.2,KU850,Toivakka
1989,6.0,KU850,Toivakka
1990,8.2,KU850,Toivakka
1991,14.1,KU850,Toivakka
1992,19.4,KU850,Toivakka
1993,21.9,KU850,Toivakka
1994,22.3,KU850,Toivakka
1995,23.7,KU850,Toivakka
1996,22.6,KU850,Toivakka
1997,21.7,KU850,Toivakka
1998,18.5,KU850,Toivakka
1999,17.9,KU850,Toivakka
2000,16.6,KU850,Toivakka
2001,18.0,KU850,Toivakka
2002,15.2,KU850,Toivakka
2003,14.9,KU850,Toivakka
2004,15.3,KU850,Toivakka
2005,14.9,KU850,Toivakka
2006,12.2,KU850,Toivakka
2007,11.0,KU850,Toivakka
2008,12.9,KU850,Toivakka
2009,13.5,KU850,Toivakka
2010,13.1,KU850,Toivakka
2011,12.4,KU850,Toivakka
2012,12.7,KU850,Toivakka
2013,15.8,KU850,Toivakka
2014,16.4,KU850,Toivakka
2015,16.7,KU850,Toivakka
2016,14.4,KU850,Toivakka
2017,11.8,KU850,Toivakka
2018,11.6,KU850,Toivakka
2019,9.8,KU850,Toivakka
2020,12.7,KU850,Toivakka
2021,10.1,KU850,Toivakka
2022,9.6,KU850,Toivakka
2023,9.1,KU850,Toivakka
2024,10.2,KU850,Toivakka
1987,12.6,KU851,Tornio
1988,9.8,KU851,Tornio
1989,8.2,KU851,Tornio
1990,10.1,KU851,Tornio
1991,15.4,KU851,Tornio
1992,21.5,KU851,Tornio
1993,26.1,KU851,Tornio
1994,23.9,KU851,Tornio
1995,24.8,KU851,Tornio
1996,23.2,KU851,Tornio
1997,23.2,KU851,Tornio
1998,21.3,KU851,Tornio
1999,20.2,KU851,Tornio
2000,17.6,KU851,Tornio
2001,16.9,KU851,Tornio
2002,15.5,KU851,Tornio
2003,15.2,KU851,Tornio
2004,16.0,KU851,Tornio
2005,16.1,KU851,Tornio
2006,14.7,KU851,Tornio
2007,13.9,KU851,Tornio
2008,12.3,KU851,Tornio
2009,14.9,KU851,Tornio
2010,13.5,KU851,Tornio
2011,12.6,KU851,Tornio
2012,14.0,KU851,Tornio
2013,16.5,KU851,Tornio
2014,17.9,KU851,Tornio
2015,17.5,KU851,Tornio
2016,15.9,KU851,Tornio
2017,13.5,KU851,Tornio
2018,11.7,KU851,Tornio
2019,10.9,KU851,Tornio
2020,12.5,KU851,Tornio
2021,10.7,KU851,Tornio
2022,10.2,KU851,Tornio
2023,9.4,KU851,Tornio
2024,9.7,KU851,Tornio
1987,5.7,KU853,Turku
1988,4.9,KU853,Turku
1989,4.9,KU853,Turku
1990,6.0,KU853,Turku
1991,12.7,KU853,Turku
1992,18.7,KU853,Turku
1993,23.6,KU853,Turku
1994,21.8,KU853,Turku
1995,20.2,KU853,Turku
1996,19.8,KU853,Turku
1997,17.3,KU853,Turku
1998,16.9,KU853,Turku
1999,16.2,KU853,Turku
2000,14.0,KU853,Turku
2001,14.0,KU853,Turku
2002,13.1,KU853,Turku
2003,13.4,KU853,Turku
2004,13.2,KU853,Turku
2005,11.5,KU853,Turku
2006,10.2,KU853,Turku
2007,9.1,KU853,Turku
2008,9.5,KU853,Turku
2009,13.4,KU853,Turku
2010,13.0,KU853,Turku
2011,12.6,KU853,Turku
2012,13.5,KU853,Turku
2013,15.3,KU853,Turku
2014,16.9,KU853,Turku
2015,17.2,KU853,Turku
2016,16.5,KU853,Turku
2017,13.7,KU853,Turku
2018,12.0,KU853,Turku
2019,11.4,KU853,Turku
2020,16.1,KU853,Turku
2021,12.7,KU853,Turku
2022,11.6,KU853,Turku
2023,12.2,KU853,Turku
2024,14.1,KU853,Turku
1987,13.7,KU857,Tuusniemi
1988,11.6,KU857,Tuusniemi
1989,9.0,KU857,Tuusniemi
1990,11.4,KU857,Tuusniemi
1991,17.5,KU857,Tuusniemi
1992,20.9,KU857,Tuusniemi
1993,24.4,KU857,Tuusniemi
1994,23.6,KU857,Tuusniemi
1995,25.6,KU857,Tuusniemi
1996,25.7,KU857,Tuusniemi
1997,23.4,KU857,Tuusniemi
1998,19.1,KU857,Tuusniemi
1999,18.8,KU857,Tuusniemi
2000,21.6,KU857,Tuusniemi
2001,20.7,KU857,Tuusniemi
2002,19.1,KU857,Tuusniemi
2003,19.0,KU857,Tuusniemi
2004,18.8,KU857,Tuusniemi
2005,17.7,KU857,Tuusniemi
2006,14.6,KU857,Tuusniemi
2007,12.3,KU857,Tuusniemi
2008,11.9,KU857,Tuusniemi
2009,17.0,KU857,Tuusniemi
2010,14.2,KU857,Tuusniemi
2011,12.1,KU857,Tuusniemi
2012,14.1,KU857,Tuusniemi
2013,14.2,KU857,Tuusniemi
2014,17.3,KU857,Tuusniemi
2015,17.7,KU857,Tuusniemi
2016,17.0,KU857,Tuusniemi
2017,16.3,KU857,Tuusniemi
2018,14.0,KU857,Tuusniemi
2019,13.9,KU857,Tuusniemi
2020,16.5,KU857,Tuusniemi
2021,14.7,KU857,Tuusniemi
2022,13.2,KU857,Tuusniemi
2023,14.3,KU857,Tuusniemi
2024,13.3,KU857,Tuusniemi
1987,2.1,KU858,Tuusula
1988,1.8,KU858,Tuusula
1989,1.2,KU858,Tuusula
1990,2.1,KU858,Tuusula
1991,9.3,KU858,Tuusula
1992,14.7,KU858,Tuusula
1993,18.0,KU858,Tuusula
1994,16.2,KU858,Tuusula
1995,14.9,KU858,Tuusula
1996,13.4,KU858,Tuusula
1997,10.1,KU858,Tuusula
1998,7.9,KU858,Tuusula
1999,7.1,KU858,Tuusula
2000,5.4,KU858,Tuusula
2001,5.5,KU858,Tuusula
2002,5.5,KU858,Tuusula
2003,5.7,KU858,Tuusula
2004,6.2,KU858,Tuusula
2005,5.4,KU858,Tuusula
2006,4.2,KU858,Tuusula
2007,3.0,KU858,Tuusula
2008,3.6,KU858,Tuusula
2009,5.7,KU858,Tuusula
2010,5.1,KU858,Tuusula
2011,4.8,KU858,Tuusula
2012,5.3,KU858,Tuusula
2013,6.9,KU858,Tuusula
2014,7.8,KU858,Tuusula
2015,8.7,KU858,Tuusula
2016,8.5,KU858,Tuusula
2017,7.0,KU858,Tuusula
2018,6.4,KU858,Tuusula
2019,6.2,KU858,Tuusula
2020,10.3,KU858,Tuusula
2021,7.3,KU858,Tuusula
2022,6.4,KU858,Tuusula
2023,8.0,KU858,Tuusula
2024,8.7,KU858,Tuusula
1987,6.4,KU859,Tyrnävä
1988,6.8,KU859,Tyrnävä
1989,4.8,KU859,Tyrnävä
1990,7.2,KU859,Tyrnävä
1991,13.5,KU859,Tyrnävä
1992,18.8,KU859,Tyrnävä
1993,20.9,KU859,Tyrnävä
1994,20.4,KU859,Tyrnävä
1995,18.7,KU859,Tyrnävä
1996,17.5,KU859,Tyrnävä
1997,12.6,KU859,Tyrnävä
1998,12.5,KU859,Tyrnävä
1999,12.8,KU859,Tyrnävä
2000,11.4,KU859,Tyrnävä
2001,13.2,KU859,Tyrnävä
2002,13.2,KU859,Tyrnävä
2003,11.5,KU859,Tyrnävä
2004,12.9,KU859,Tyrnävä
2005,12.9,KU859,Tyrnävä
2006,9.8,KU859,Tyrnävä
2007,8.9,KU859,Tyrnävä
2008,9.2,KU859,Tyrnävä
2009,11.6,KU859,Tyrnävä
2010,9.8,KU859,Tyrnävä
2011,9.7,KU859,Tyrnävä
2012,11.0,KU859,Tyrnävä
2013,13.2,KU859,Tyrnävä
2014,14.1,KU859,Tyrnävä
2015,14.7,KU859,Tyrnävä
2016,12.5,KU859,Tyrnävä
2017,10.1,KU859,Tyrnävä
2018,9.0,KU859,Tyrnävä
2019,9.2,KU859,Tyrnävä
2020,10.5,KU859,Tyrnävä
2021,8.4,KU859,Tyrnävä
2022,7.2,KU859,Tyrnävä
2023,9.5,KU859,Tyrnävä
2024,9.7,KU859,Tyrnävä
1987,7.3,KU886,Ulvila
1988,6.9,KU886,Ulvila
1989,5.3,KU886,Ulvila
1990,7.5,KU886,Ulvila
1991,14.7,KU886,Ulvila
1992,20.0,KU886,Ulvila
1993,23.8,KU886,Ulvila
1994,20.9,KU886,Ulvila
1995,21.8,KU886,Ulvila
1996,20.7,KU886,Ulvila
1997,17.4,KU886,Ulvila
1998,16.6,KU886,Ulvila
1999,16.2,KU886,Ulvila
2000,15.1,KU886,Ulvila
2001,13.1,KU886,Ulvila
2002,12.2,KU886,Ulvila
2003,13.9,KU886,Ulvila
2004,13.1,KU886,Ulvila
2005,11.9,KU886,Ulvila
2006,10.6,KU886,Ulvila
2007,9.1,KU886,Ulvila
2008,9.1,KU886,Ulvila
2009,11.5,KU886,Ulvila
2010,10.8,KU886,Ulvila
2011,9.7,KU886,Ulvila
2012,11.0,KU886,Ulvila
2013,12.2,KU886,Ulvila
2014,13.4,KU886,Ulvila
2015,15.3,KU886,Ulvila
2016,15.1,KU886,Ulvila
2017,11.0,KU886,Ulvila
2018,9.7,KU886,Ulvila
2019,9.4,KU886,Ulvila
2020,13.1,KU886,Ulvila
2021,8.2,KU886,Ulvila
2022,8.4,KU886,Ulvila
2023,7.9,KU886,Ulvila
2024,9.2,KU886,Ulvila
1987,4.4,KU887,Urjala
1988,3.9,KU887,Urjala
1989,3.2,KU887,Urjala
1990,4.4,KU887,Urjala
1991,12.4,KU887,Urjala
1992,17.9,KU887,Urjala
1993,22.1,KU887,Urjala
1994,20.1,KU887,Urjala
1995,19.4,KU887,Urjala
1996,19.0,KU887,Urjala
1997,17.4,KU887,Urjala
1998,17.1,KU887,Urjala
1999,15.9,KU887,Urjala
2000,14.2,KU887,Urjala
2001,14.6,KU887,Urjala
2002,12.6,KU887,Urjala
2003,12.4,KU887,Urjala
2004,13.6,KU887,Urjala
2005,13.5,KU887,Urjala
2006,12.1,KU887,Urjala
2007,11.1,KU887,Urjala
2008,11.2,KU887,Urjala
2009,15.7,KU887,Urjala
2010,14.7,KU887,Urjala
2011,12.6,KU887,Urjala
2012,13.4,KU887,Urjala
2013,16.0,KU887,Urjala
2014,18.4,KU887,Urjala
2015,16.5,KU887,Urjala
2016,17.2,KU887,Urjala
2017,12.0,KU887,Urjala
2018,11.3,KU887,Urjala
2019,9.6,KU887,Urjala
2020,14.1,KU887,Urjala
2021,11.9,KU887,Urjala
2022,9.9,KU887,Urjala
2023,12.0,KU887,Urjala
2024,12.0,KU887,Urjala
1987,6.9,KU889,Utajärvi
1988,8.4,KU889,Utajärvi
1989,6.2,KU889,Utajärvi
1990,10.5,KU889,Utajärvi
1991,14.0,KU889,Utajärvi
1992,22.8,KU889,Utajärvi
1993,25.6,KU889,Utajärvi
1994,23.3,KU889,Utajärvi
1995,23.3,KU889,Utajärvi
1996,21.7,KU889,Utajärvi
1997,17.8,KU889,Utajärvi
1998,17.4,KU889,Utajärvi
1999,15.0,KU889,Utajärvi
2000,15.4,KU889,Utajärvi
2001,15.2,KU889,Utajärvi
2002,15.2,KU889,Utajärvi
2003,17.0,KU889,Utajärvi
2004,17.0,KU889,Utajärvi
2005,15.0,KU889,Utajärvi
2006,14.0,KU889,Utajärvi
2007,13.8,KU889,Utajärvi
2008,14.8,KU889,Utajärvi
2009,13.8,KU889,Utajärvi
2010,13.5,KU889,Utajärvi
2011,13.5,KU889,Utajärvi
2012,12.5,KU889,Utajärvi
2013,13.0,KU889,Utajärvi
2014,16.4,KU889,Utajärvi
2015,17.7,KU889,Utajärvi
2016,16.6,KU889,Utajärvi
2017,14.9,KU889,Utajärvi
2018,11.3,KU889,Utajärvi
2019,12.1,KU889,Utajärvi
2020,13.9,KU889,Utajärvi
2021,11.7,KU889,Utajärvi
2022,12.5,KU889,Utajärvi
2023,13.4,KU889,Utajärvi
2024,14.2,KU889,Utajärvi
1987,10.5,KU890,Utsjoki
1988,10.0,KU890,Utsjoki
1989,13.2,KU890,Utsjoki
1990,12.6,KU890,Utsjoki
1991,19.6,KU890,Utsjoki
1992,23.4,KU890,Utsjoki
1993,26.3,KU890,Utsjoki
1994,22.7,KU890,Utsjoki
1995,24.1,KU890,Utsjoki
1996,24.9,KU890,Utsjoki
1997,22.5,KU890,Utsjoki
1998,20.7,KU890,Utsjoki
1999,19.7,KU890,Utsjoki
2000,19.0,KU890,Utsjoki
2001,15.3,KU890,Utsjoki
2002,13.5,KU890,Utsjoki
2003,15.2,KU890,Utsjoki
2004,17.1,KU890,Utsjoki
2005,15.0,KU890,Utsjoki
2006,13.5,KU890,Utsjoki
2007,10.6,KU890,Utsjoki
2008,10.4,KU890,Utsjoki
2009,10.7,KU890,Utsjoki
2010,11.5,KU890,Utsjoki
2011,9.5,KU890,Utsjoki
2012,9.9,KU890,Utsjoki
2013,11.3,KU890,Utsjoki
2014,13.7,KU890,Utsjoki
2015,14.8,KU890,Utsjoki
2016,10.9,KU890,Utsjoki
2017,9.7,KU890,Utsjoki
2018,8.4,KU890,Utsjoki
2019,7.5,KU890,Utsjoki
2020,13.7,KU890,Utsjoki
2021,9.1,KU890,Utsjoki
2022,9.1,KU890,Utsjoki
2023,8.7,KU890,Utsjoki
2024,7.7,KU890,Utsjoki
1987,10.3,KU892,Uurainen
1988,8.8,KU892,Uurainen
1989,8.5,KU892,Uurainen
1990,10.0,KU892,Uurainen
1991,17.3,KU892,Uurainen
1992,26.2,KU892,Uurainen
1993,30.0,KU892,Uurainen
1994,25.6,KU892,Uurainen
1995,23.1,KU892,Uurainen
1996,23.6,KU892,Uurainen
1997,22.3,KU892,Uurainen
1998,19.0,KU892,Uurainen
1999,19.4,KU892,Uurainen
2000,17.9,KU892,Uurainen
2001,18.8,KU892,Uurainen
2002,16.8,KU892,Uurainen
2003,18.5,KU892,Uurainen
2004,16.5,KU892,Uurainen
2005,15.2,KU892,Uurainen
2006,11.7,KU892,Uurainen
2007,10.9,KU892,Uurainen
2008,12.8,KU892,Uurainen
2009,15.3,KU892,Uurainen
2010,11.9,KU892,Uurainen
2011,12.0,KU892,Uurainen
2012,12.9,KU892,Uurainen
2013,14.8,KU892,Uurainen
2014,18.1,KU892,Uurainen
2015,16.3,KU892,Uurainen
2016,15.0,KU892,Uurainen
2017,12.4,KU892,Uurainen
2018,9.7,KU892,Uurainen
2019,10.7,KU892,Uurainen
2020,13.5,KU892,Uurainen
2021,10.3,KU892,Uurainen
2022,10.7,KU892,Uurainen
2023,11.6,KU892,Uurainen
2024,11.9,KU892,Uurainen
1987,1.4,KU893,Uusikaarlepyy
1988,2.8,KU893,Uusikaarlepyy
1989,3.1,KU893,Uusikaarlepyy
1990,5.5,KU893,Uusikaarlepyy
1991,10.2,KU893,Uusikaarlepyy
1992,14.7,KU893,Uusikaarlepyy
1993,18.0,KU893,Uusikaarlepyy
1994,12.6,KU893,Uusikaarlepyy
1995,12.3,KU893,Uusikaarlepyy
1996,10.5,KU893,Uusikaarlepyy
1997,9.9,KU893,Uusikaarlepyy
1998,9.1,KU893,Uusikaarlepyy
1999,8.3,KU893,Uusikaarlepyy
2000,6.3,KU893,Uusikaarlepyy
2001,5.3,KU893,Uusikaarlepyy
2002,4.5,KU893,Uusikaarlepyy
2003,4.6,KU893,Uusikaarlepyy
2004,4.6,KU893,Uusikaarlepyy
2005,4.1,KU893,Uusikaarlepyy
2006,3.4,KU893,Uusikaarlepyy
2007,3.4,KU893,Uusikaarlepyy
2008,3.4,KU893,Uusikaarlepyy
2009,5.4,KU893,Uusikaarlepyy
2010,4.6,KU893,Uusikaarlepyy
2011,3.5,KU893,Uusikaarlepyy
2012,4.4,KU893,Uusikaarlepyy
2013,5.0,KU893,Uusikaarlepyy
2014,4.6,KU893,Uusikaarlepyy
2015,5.2,KU893,Uusikaarlepyy
2016,5.8,KU893,Uusikaarlepyy
2017,4.3,KU893,Uusikaarlepyy
2018,3.7,KU893,Uusikaarlepyy
2019,3.9,KU893,Uusikaarlepyy
2020,6.3,KU893,Uusikaarlepyy
2021,3.6,KU893,Uusikaarlepyy
2022,5.2,KU893,Uusikaarlepyy
2023,4.8,KU893,Uusikaarlepyy
2024,5.0,KU893,Uusikaarlepyy
1987,4.5,KU895,Uusikaupunki
1988,4.6,KU895,Uusikaupunki
1989,4.7,KU895,Uusikaupunki
1990,5.1,KU895,Uusikaupunki
1991,10.8,KU895,Uusikaupunki
1992,18.0,KU895,Uusikaupunki
1993,36.2,KU895,Uusikaupunki
1994,22.2,KU895,Uusikaupunki
1995,24.0,KU895,Uusikaupunki
1996,21.5,KU895,Uusikaupunki
1997,16.3,KU895,Uusikaupunki
1998,15.3,KU895,Uusikaupunki
1999,15.8,KU895,Uusikaupunki
2000,13.4,KU895,Uusikaupunki
2001,13.8,KU895,Uusikaupunki
2002,13.3,KU895,Uusikaupunki
2003,18.6,KU895,Uusikaupunki
2004,17.7,KU895,Uusikaupunki
2005,12.3,KU895,Uusikaupunki
2006,10.5,KU895,Uusikaupunki
2007,8.5,KU895,Uusikaupunki
2008,7.9,KU895,Uusikaupunki
2009,12.4,KU895,Uusikaupunki
2010,11.7,KU895,Uusikaupunki
2011,9.4,KU895,Uusikaupunki
2012,12.2,KU895,Uusikaupunki
2013,11.4,KU895,Uusikaupunki
2014,11.3,KU895,Uusikaupunki
2015,12.3,KU895,Uusikaupunki
2016,10.3,KU895,Uusikaupunki
2017,6.7,KU895,Uusikaupunki
2018,6.4,KU895,Uusikaupunki
2019,16.2,KU895,Uusikaupunki
2020,10.3,KU895,Uusikaupunki
2021,7.7,KU895,Uusikaupunki
2022,9.6,KU895,Uusikaupunki
2023,10.4,KU895,Uusikaupunki
2024,11.2,KU895,Uusikaupunki
1987,11.3,KU785,Vaala
1988,11.6,KU785,Vaala
1989,9.0,KU785,Vaala
1990,11.5,KU785,Vaala
1991,16.5,KU785,Vaala
1992,22.2,KU785,Vaala
1993,25.5,KU785,Vaala
1994,25.6,KU785,Vaala
1995,23.7,KU785,Vaala
1996,26.0,KU785,Vaala
1997,25.3,KU785,Vaala
1998,21.7,KU785,Vaala
1999,21.3,KU785,Vaala
2000,22.3,KU785,Vaala
2001,25.6,KU785,Vaala
2002,22.2,KU785,Vaala
2003,21.2,KU785,Vaala
2004,21.7,KU785,Vaala
2005,22.2,KU785,Vaala
2006,20.8,KU785,Vaala
2007,17.6,KU785,Vaala
2008,18.4,KU785,Vaala
2009,19.4,KU785,Vaala
2010,16.6,KU785,Vaala
2011,17.8,KU785,Vaala
2012,20.1,KU785,Vaala
2013,21.4,KU785,Vaala
2014,20.9,KU785,Vaala
2015,19.9,KU785,Vaala
2016,18.3,KU785,Vaala
2017,17.5,KU785,Vaala
2018,14.7,KU785,Vaala
2019,15.6,KU785,Vaala
2020,18.4,KU785,Vaala
2021,14.6,KU785,Vaala
2022,14.2,KU785,Vaala
2023,16.3,KU785,Vaala
2024,17.7,KU785,Vaala
1987,5.6,KU905,Vaasa
1988,4.9,KU905,Vaasa
1989,4.6,KU905,Vaasa
1990,4.5,KU905,Vaasa
1991,9.7,KU905,Vaasa
1992,16.0,KU905,Vaasa
1993,19.7,KU905,Vaasa
1994,18.7,KU905,Vaasa
1995,18.1,KU905,Vaasa
1996,17.0,KU905,Vaasa
1997,14.7,KU905,Vaasa
1998,13.2,KU905,Vaasa
1999,13.4,KU905,Vaasa
2000,11.3,KU905,Vaasa
2001,11.4,KU905,Vaasa
2002,11.1,KU905,Vaasa
2003,11.1,KU905,Vaasa
2004,10.9,KU905,Vaasa
2005,10.0,KU905,Vaasa
2006,8.0,KU905,Vaasa
2007,6.5,KU905,Vaasa
2008,6.7,KU905,Vaasa
2009,8.9,KU905,Vaasa
2010,7.9,KU905,Vaasa
2011,7.9,KU905,Vaasa
2012,8.2,KU905,Vaasa
2013,9.6,KU905,Vaasa
2014,11.3,KU905,Vaasa
2015,12.2,KU905,Vaasa
2016,12.2,KU905,Vaasa
2017,10.0,KU905,Vaasa
2018,8.5,KU905,Vaasa
2019,8.6,KU905,Vaasa
2020,14.2,KU905,Vaasa
2021,8.1,KU905,Vaasa
2022,6.9,KU905,Vaasa
2023,8.3,KU905,Vaasa
2024,8.8,KU905,Vaasa
1987,7.8,KU908,Valkeakoski
1988,7.3,KU908,Valkeakoski
1989,5.5,KU908,Valkeakoski
1990,7.1,KU908,Valkeakoski
1991,13.2,KU908,Valkeakoski
1992,19.0,KU908,Valkeakoski
1993,23.5,KU908,Valkeakoski
1994,20.2,KU908,Valkeakoski
1995,19.6,KU908,Valkeakoski
1996,21.3,KU908,Valkeakoski
1997,18.0,KU908,Valkeakoski
1998,15.8,KU908,Valkeakoski
1999,15.4,KU908,Valkeakoski
2000,14.4,KU908,Valkeakoski
2001,14.6,KU908,Valkeakoski
2002,13.5,KU908,Valkeakoski
2003,13.8,KU908,Valkeakoski
2004,14.0,KU908,Valkeakoski
2005,14.2,KU908,Valkeakoski
2006,12.8,KU908,Valkeakoski
2007,11.2,KU908,Valkeakoski
2008,13.5,KU908,Valkeakoski
2009,16.7,KU908,Valkeakoski
2010,13.4,KU908,Valkeakoski
2011,12.5,KU908,Valkeakoski
2012,12.8,KU908,Valkeakoski
2013,14.8,KU908,Valkeakoski
2014,15.3,KU908,Valkeakoski
2015,14.6,KU908,Valkeakoski
2016,15.2,KU908,Valkeakoski
2017,11.4,KU908,Valkeakoski
2018,9.4,KU908,Valkeakoski
2019,10.5,KU908,Valkeakoski
2020,13.0,KU908,Valkeakoski
2021,9.8,KU908,Valkeakoski
2022,9.8,KU908,Valkeakoski
2023,12.0,KU908,Valkeakoski
2024,12.4,KU908,Valkeakoski
1987,1.5,KU092,Vantaa
1988,1.2,KU092,Vantaa
1989,0.9,KU092,Vantaa
1990,1.7,KU092,Vantaa
1991,8.2,KU092,Vantaa
1992,14.1,KU092,Vantaa
1993,17.7,KU092,Vantaa
1994,16.2,KU092,Vantaa
1995,15.5,KU092,Vantaa
1996,14.2,KU092,Vantaa
1997,11.8,KU092,Vantaa
1998,9.7,KU092,Vantaa
1999,8.7,KU092,Vantaa
2000,7.3,KU092,Vantaa
2001,7.2,KU092,Vantaa
2002,7.6,KU092,Vantaa
2003,8.0,KU092,Vantaa
2004,8.2,KU092,Vantaa
2005,7.9,KU092,Vantaa
2006,7.1,KU092,Vantaa
2007,6.2,KU092,Vantaa
2008,6.3,KU092,Vantaa
2009,9.2,KU092,Vantaa
2010,8.5,KU092,Vantaa
2011,8.2,KU092,Vantaa
2012,8.8,KU092,Vantaa
2013,10.4,KU092,Vantaa
2014,11.5,KU092,Vantaa
2015,12.3,KU092,Vantaa
2016,11.8,KU092,Vantaa
2017,9.9,KU092,Vantaa
2018,8.5,KU092,Vantaa
2019,8.4,KU092,Vantaa
2020,14.5,KU092,Vantaa
2021,11.9,KU092,Vantaa
2022,10.5,KU092,Vantaa
2023,11.9,KU092,Vantaa
2024,13.3,KU092,Vantaa
1987,8.3,KU915,Varkaus
1988,7.8,KU915,Varkaus
1989,7.0,KU915,Varkaus
1990,10.1,KU915,Varkaus
1991,17.2,KU915,Varkaus
1992,23.5,KU915,Varkaus
1993,28.9,KU915,Varkaus
1994,25.8,KU915,Varkaus
1995,25.0,KU915,Varkaus
1996,24.4,KU915,Varkaus
1997,20.8,KU915,Varkaus
1998,20.8,KU915,Varkaus
1999,19.6,KU915,Varkaus
2000,18.2,KU915,Varkaus
2001,16.8,KU915,Varkaus
2002,16.0,KU915,Varkaus
2003,15.4,KU915,Varkaus
2004,15.8,KU915,Varkaus
2005,15.3,KU915,Varkaus
2006,14.1,KU915,Varkaus
2007,13.7,KU915,Varkaus
2008,13.6,KU915,Varkaus
2009,19.2,KU915,Varkaus
2010,17.2,KU915,Varkaus
2011,16.9,KU915,Varkaus
2012,18.4,KU915,Varkaus
2013,18.9,KU915,Varkaus
2014,19.6,KU915,Varkaus
2015,20.4,KU915,Varkaus
2016,18.2,KU915,Varkaus
2017,16.1,KU915,Varkaus
2018,15.0,KU915,Varkaus
2019,13.6,KU915,Varkaus
2020,17.8,KU915,Varkaus
2021,14.0,KU915,Varkaus
2022,12.7,KU915,Varkaus
2023,15.0,KU915,Varkaus
2024,17.2,KU915,Varkaus
1987,4.6,KU918,Vehmaa
1988,5.0,KU918,Vehmaa
1989,4.6,KU918,Vehmaa
1990,4.9,KU918,Vehmaa
1991,11.0,KU918,Vehmaa
1992,17.3,KU918,Vehmaa
1993,19.8,KU918,Vehmaa
1994,16.8,KU918,Vehmaa
1995,18.4,KU918,Vehmaa
1996,15.9,KU918,Vehmaa
1997,14.6,KU918,Vehmaa
1998,13.1,KU918,Vehmaa
1999,14.9,KU918,Vehmaa
2000,10.5,KU918,Vehmaa
2001,12.4,KU918,Vehmaa
2002,11.6,KU918,Vehmaa
2003,10.6,KU918,Vehmaa
2004,9.8,KU918,Vehmaa
2005,8.5,KU918,Vehmaa
2006,6.3,KU918,Vehmaa
2007,5.0,KU918,Vehmaa
2008,5.3,KU918,Vehmaa
2009,8.2,KU918,Vehmaa
2010,8.0,KU918,Vehmaa
2011,5.6,KU918,Vehmaa
2012,6.7,KU918,Vehmaa
2013,7.8,KU918,Vehmaa
2014,10.3,KU918,Vehmaa
2015,10.1,KU918,Vehmaa
2016,11.2,KU918,Vehmaa
2017,7.8,KU918,Vehmaa
2018,7.1,KU918,Vehmaa
2019,9.4,KU918,Vehmaa
2020,8.8,KU918,Vehmaa
2021,5.4,KU918,Vehmaa
2022,8.1,KU918,Vehmaa
2023,9.7,KU918,Vehmaa
2024,9.2,KU918,Vehmaa
1987,6.5,KU921,Vesanto
1988,6.6,KU921,Vesanto
1989,5.1,KU921,Vesanto
1990,8.1,KU921,Vesanto
1991,12.8,KU921,Vesanto
1992,19.1,KU921,Vesanto
1993,24.5,KU921,Vesanto
1994,23.3,KU921,Vesanto
1995,22.5,KU921,Vesanto
1996,21.0,KU921,Vesanto
1997,20.5,KU921,Vesanto
1998,20.9,KU921,Vesanto
1999,19.4,KU921,Vesanto
2000,18.6,KU921,Vesanto
2001,19.3,KU921,Vesanto
2002,16.2,KU921,Vesanto
2003,16.8,KU921,Vesanto
2004,17.5,KU921,Vesanto
2005,16.4,KU921,Vesanto
2006,14.0,KU921,Vesanto
2007,14.4,KU921,Vesanto
2008,15.1,KU921,Vesanto
2009,13.4,KU921,Vesanto
2010,13.0,KU921,Vesanto
2011,11.1,KU921,Vesanto
2012,13.4,KU921,Vesanto
2013,13.9,KU921,Vesanto
2014,17.3,KU921,Vesanto
2015,16.5,KU921,Vesanto
2016,14.1,KU921,Vesanto
2017,14.2,KU921,Vesanto
2018,13.0,KU921,Vesanto
2019,12.8,KU921,Vesanto
2020,12.7,KU921,Vesanto
2021,11.1,KU921,Vesanto
2022,11.3,KU921,Vesanto
2023,11.9,KU921,Vesanto
2024,15.3,KU921,Vesanto
1987,6.5,KU922,Vesilahti
1988,4.7,KU922,Vesilahti
1989,3.6,KU922,Vesilahti
1990,4.3,KU922,Vesilahti
1991,11.6,KU922,Vesilahti
1992,16.3,KU922,Vesilahti
1993,21.0,KU922,Vesilahti
1994,20.0,KU922,Vesilahti
1995,17.9,KU922,Vesilahti
1996,18.2,KU922,Vesilahti
1997,15.0,KU922,Vesilahti
1998,14.0,KU922,Vesilahti
1999,11.5,KU922,Vesilahti
2000,11.3,KU922,Vesilahti
2001,11.5,KU922,Vesilahti
2002,12.1,KU922,Vesilahti
2003,10.4,KU922,Vesilahti
2004,10.6,KU922,Vesilahti
2005,8.8,KU922,Vesilahti
2006,7.5,KU922,Vesilahti
2007,6.9,KU922,Vesilahti
2008,7.0,KU922,Vesilahti
2009,10.7,KU922,Vesilahti
2010,7.8,KU922,Vesilahti
2011,7.3,KU922,Vesilahti
2012,8.3,KU922,Vesilahti
2013,10.7,KU922,Vesilahti
2014,11.6,KU922,Vesilahti
2015,12.7,KU922,Vesilahti
2016,12.5,KU922,Vesilahti
2017,7.8,KU922,Vesilahti
2018,6.5,KU922,Vesilahti
2019,7.1,KU922,Vesilahti
2020,8.9,KU922,Vesilahti
2021,6.0,KU922,Vesilahti
2022,5.0,KU922,Vesilahti
2023,7.8,KU922,Vesilahti
2024,8.2,KU922,Vesilahti
1987,3.6,KU924,Veteli
1988,4.9,KU924,Veteli
1989,4.6,KU924,Veteli
1990,5.0,KU924,Veteli
1991,11.1,KU924,Veteli
1992,16.9,KU924,Veteli
1993,21.5,KU924,Veteli
1994,18.7,KU924,Veteli
1995,16.9,KU924,Veteli
1996,16.0,KU924,Veteli
1997,14.3,KU924,Veteli
1998,14.0,KU924,Veteli
1999,13.2,KU924,Veteli
2000,13.5,KU924,Veteli
2001,10.3,KU924,Veteli
2002,9.4,KU924,Veteli
2003,11.6,KU924,Veteli
2004,10.3,KU924,Veteli
2005,9.6,KU924,Veteli
2006,6.8,KU924,Veteli
2007,6.1,KU924,Veteli
2008,9.9,KU924,Veteli
2009,10.5,KU924,Veteli
2010,8.0,KU924,Veteli
2011,7.5,KU924,Veteli
2012,7.2,KU924,Veteli
2013,7.4,KU924,Veteli
2014,8.1,KU924,Veteli
2015,8.2,KU924,Veteli
2016,8.8,KU924,Veteli
2017,7.5,KU924,Veteli
2018,6.7,KU924,Veteli
2019,6.3,KU924,Veteli
2020,9.0,KU924,Veteli
2021,6.4,KU924,Veteli
2022,7.4,KU924,Veteli
2023,8.0,KU924,Veteli
2024,7.0,KU924,Veteli
1987,8.3,KU925,Vieremä
1988,7.9,KU925,Vieremä
1989,6.0,KU925,Vieremä
1990,9.3,KU925,Vieremä
1991,13.0,KU925,Vieremä
1992,19.6,KU925,Vieremä
1993,22.8,KU925,Vieremä
1994,20.1,KU925,Vieremä
1995,21.3,KU925,Vieremä
1996,19.7,KU925,Vieremä
1997,19.3,KU925,Vieremä
1998,16.4,KU925,Vieremä
1999,18.0,KU925,Vieremä
2000,17.7,KU925,Vieremä
2001,16.3,KU925,Vieremä
2002,14.8,KU925,Vieremä
2003,14.2,KU925,Vieremä
2004,13.9,KU925,Vieremä
2005,12.0,KU925,Vieremä
2006,10.5,KU925,Vieremä
2007,9.4,KU925,Vieremä
2008,10.7,KU925,Vieremä
2009,13.6,KU925,Vieremä
2010,11.3,KU925,Vieremä
2011,9.3,KU925,Vieremä
2012,13.1,KU925,Vieremä
2013,12.7,KU925,Vieremä
2014,12.4,KU925,Vieremä
2015,13.6,KU925,Vieremä
2016,11.6,KU925,Vieremä
2017,10.1,KU925,Vieremä
2018,9.4,KU925,Vieremä
2019,8.7,KU925,Vieremä
2020,14.3,KU925,Vieremä
2021,9.3,KU925,Vieremä
2022,8.0,KU925,Vieremä
2023,9.3,KU925,Vieremä
2024,11.4,KU925,Vieremä
1987,1.6,KU927,Vihti
1988,1.7,KU927,Vihti
1989,1.4,KU927,Vihti
1990,2.6,KU927,Vihti
1991,8.0,KU927,Vihti
1992,14.0,KU927,Vihti
1993,18.0,KU927,Vihti
1994,15.8,KU927,Vihti
1995,13.8,KU927,Vihti
1996,13.3,KU927,Vihti
1997,10.6,KU927,Vihti
1998,7.6,KU927,Vihti
1999,6.1,KU927,Vihti
2000,5.2,KU927,Vihti
2001,6.4,KU927,Vihti
2002,7.0,KU927,Vihti
2003,7.1,KU927,Vihti
2004,6.7,KU927,Vihti
2005,7.1,KU927,Vihti
2006,5.7,KU927,Vihti
2007,4.2,KU927,Vihti
2008,4.4,KU927,Vihti
2009,8.0,KU927,Vihti
2010,6.9,KU927,Vihti
2011,6.7,KU927,Vihti
2012,7.4,KU927,Vihti
2013,9.3,KU927,Vihti
2014,10.7,KU927,Vihti
2015,10.9,KU927,Vihti
2016,10.0,KU927,Vihti
2017,8.2,KU927,Vihti
2018,7.5,KU927,Vihti
2019,7.5,KU927,Vihti
2020,10.5,KU927,Vihti
2021,7.6,KU927,Vihti
2022,7.6,KU927,Vihti
2023,8.5,KU927,Vihti
2024,9.3,KU927,Vihti
1987,7.1,KU931,Viitasaari
1988,6.3,KU931,Viitasaari
1989,4.8,KU931,Viitasaari
1990,8.5,KU931,Viitasaari
1991,15.8,KU931,Viitasaari
1992,22.7,KU931,Viitasaari
1993,27.1,KU931,Viitasaari
1994,25.5,KU931,Viitasaari
1995,25.2,KU931,Viitasaari
1996,25.0,KU931,Viitasaari
1997,22.5,KU931,Viitasaari
1998,21.2,KU931,Viitasaari
1999,20.1,KU931,Viitasaari
2000,18.4,KU931,Viitasaari
2001,16.4,KU931,Viitasaari
2002,16.2,KU931,Viitasaari
2003,16.3,KU931,Viitasaari
2004,16.3,KU931,Viitasaari
2005,16.3,KU931,Viitasaari
2006,13.2,KU931,Viitasaari
2007,12.7,KU931,Viitasaari
2008,12.7,KU931,Viitasaari
2009,15.3,KU931,Viitasaari
2010,12.8,KU931,Viitasaari
2011,13.4,KU931,Viitasaari
2012,15.6,KU931,Viitasaari
2013,17.1,KU931,Viitasaari
2014,19.7,KU931,Viitasaari
2015,21.7,KU931,Viitasaari
2016,19.3,KU931,Viitasaari
2017,15.6,KU931,Viitasaari
2018,12.5,KU931,Viitasaari
2019,13.4,KU931,Viitasaari
2020,15.3,KU931,Viitasaari
2021,11.7,KU931,Viitasaari
2022,11.1,KU931,Viitasaari
2023,13.5,KU931,Viitasaari
2024,12.9,KU931,Viitasaari
1987,6.8,KU934,Vimpeli
1988,8.2,KU934,Vimpeli
1989,5.5,KU934,Vimpeli
1990,9.3,KU934,Vimpeli
1991,13.5,KU934,Vimpeli
1992,19.8,KU934,Vimpeli
1993,27.0,KU934,Vimpeli
1994,22.5,KU934,Vimpeli
1995,23.8,KU934,Vimpeli
1996,22.2,KU934,Vimpeli
1997,19.6,KU934,Vimpeli
1998,16.6,KU934,Vimpeli
1999,15.8,KU934,Vimpeli
2000,13.8,KU934,Vimpeli
2001,15.1,KU934,Vimpeli
2002,14.4,KU934,Vimpeli
2003,11.3,KU934,Vimpeli
2004,13.0,KU934,Vimpeli
2005,11.3,KU934,Vimpeli
2006,9.9,KU934,Vimpeli
2007,9.3,KU934,Vimpeli
2008,10.1,KU934,Vimpeli
2009,13.2,KU934,Vimpeli
2010,10.8,KU934,Vimpeli
2011,11.5,KU934,Vimpeli
2012,13.4,KU934,Vimpeli
2013,14.0,KU934,Vimpeli
2014,13.5,KU934,Vimpeli
2015,15.0,KU934,Vimpeli
2016,12.1,KU934,Vimpeli
2017,9.8,KU934,Vimpeli
2018,7.3,KU934,Vimpeli
2019,6.7,KU934,Vimpeli
2020,9.0,KU934,Vimpeli
2021,7.8,KU934,Vimpeli
2022,6.7,KU934,Vimpeli
2023,8.1,KU934,Vimpeli
2024,8.1,KU934,Vimpeli
1987,5.9,KU935,Virolahti
1988,4.9,KU935,Virolahti
1989,4.0,KU935,Virolahti
1990,5.0,KU935,Virolahti
1991,7.8,KU935,Virolahti
1992,12.5,KU935,Virolahti
1993,14.7,KU935,Virolahti
1994,15.5,KU935,Virolahti
1995,15.9,KU935,Virolahti
1996,16.0,KU935,Virolahti
1997,12.7,KU935,Virolahti
1998,12.7,KU935,Virolahti
1999,12.4,KU935,Virolahti
2000,11.8,KU935,Virolahti
2001,10.0,KU935,Virolahti
2002,10.3,KU935,Virolahti
2003,9.6,KU935,Virolahti
2004,10.2,KU935,Virolahti
2005,9.8,KU935,Virolahti
2006,9.3,KU935,Virolahti
2007,8.2,KU935,Virolahti
2008,10.9,KU935,Virolahti
2009,12.5,KU935,Virolahti
2010,10.1,KU935,Virolahti
2011,9.0,KU935,Virolahti
2012,8.5,KU935,Virolahti
2013,8.6,KU935,Virolahti
2014,13.8,KU935,Virolahti
2015,15.1,KU935,Virolahti
2016,15.5,KU935,Virolahti
2017,14.0,KU935,Virolahti
2018,12.4,KU935,Virolahti
2019,12.5,KU935,Virolahti
2020,16.9,KU935,Virolahti
2021,14.5,KU935,Virolahti
2022,13.5,KU935,Virolahti
2023,13.1,KU935,Virolahti
2024,16.0,KU935,Virolahti
1987,7.6,KU936,Virrat
1988,6.4,KU936,Virrat
1989,5.4,KU936,Virrat
1990,8.8,KU936,Virrat
1991,16.6,KU936,Virrat
1992,20.4,KU936,Virrat
1993,24.3,KU936,Virrat
1994,22.8,KU936,Virrat
1995,22.6,KU936,Virrat
1996,22.3,KU936,Virrat
1997,18.7,KU936,Virrat
1998,17.8,KU936,Virrat
1999,17.3,KU936,Virrat
2000,16.3,KU936,Virrat
2001,16.8,KU936,Virrat
2002,14.9,KU936,Virrat
2003,13.7,KU936,Virrat
2004,12.4,KU936,Virrat
2005,11.8,KU936,Virrat
2006,9.9,KU936,Virrat
2007,8.1,KU936,Virrat
2008,10.3,KU936,Virrat
2009,13.3,KU936,Virrat
2010,11.2,KU936,Virrat
2011,12.8,KU936,Virrat
2012,12.9,KU936,Virrat
2013,14.5,KU936,Virrat
2014,17.2,KU936,Virrat
2015,18.2,KU936,Virrat
2016,15.6,KU936,Virrat
2017,12.5,KU936,Virrat
2018,9.9,KU936,Virrat
2019,10.3,KU936,Virrat
2020,13.7,KU936,Virrat
2021,9.0,KU936,Virrat
2022,9.0,KU936,Virrat
2023,10.5,KU936,Virrat
2024,10.7,KU936,Virrat
1987,1.2,KU941,Vårdö
1988,1.1,KU941,Vårdö
1989,0.6,KU941,Vårdö
1990,2.1,KU941,Vårdö
1991,1.1,KU941,Vårdö
1992,1.6,KU941,Vårdö
1993,0.6,KU941,Vårdö
1994,3.3,KU941,Vårdö
1995,3.8,KU941,Vårdö
1996,2.7,KU941,Vårdö
1997,1.7,KU941,Vårdö
1998,1.7,KU941,Vårdö
1999,1.1,KU941,Vårdö
2000,0.6,KU941,Vårdö
2001,1.7,KU941,Vårdö
2002,0.6,KU941,Vårdö
2003,0.5,KU941,Vårdö
2004,3.2,KU941,Vårdö
2005,2.1,KU941,Vårdö
2006,2.6,KU941,Vårdö
2007,2.6,KU941,Vårdö
2008,2.5,KU941,Vårdö
2009,3.6,KU941,Vårdö
2010,2.6,KU941,Vårdö
2011,1.6,KU941,Vårdö
2012,2.2,KU941,Vårdö
2013,1.6,KU941,Vårdö
2014,3.6,KU941,Vårdö
2015,2.5,KU941,Vårdö
2016,3.1,KU941,Vårdö
2017,2.6,KU941,Vårdö
2018,2.6,KU941,Vårdö
2019,3.8,KU941,Vårdö
2020,9.3,KU941,Vårdö
2021,3.9,KU941,Vårdö
2022,4.0,KU941,Vårdö
2023,4.5,KU941,Vårdö
2024,6.9,KU941,Vårdö
1987,1.6,KU946,Vöyri
1988,3.2,KU946,Vöyri
1989,2.5,KU946,Vöyri
1990,3.2,KU946,Vöyri
1991,8.1,KU946,Vöyri
1992,10.7,KU946,Vöyri
1993,13.7,KU946,Vöyri
1994,12.0,KU946,Vöyri
1995,12.6,KU946,Vöyri
1996,11.0,KU946,Vöyri
1997,8.6,KU946,Vöyri
1998,7.2,KU946,Vöyri
1999,6.9,KU946,Vöyri
2000,6.4,KU946,Vöyri
2001,7.1,KU946,Vöyri
2002,5.5,KU946,Vöyri
2003,4.9,KU946,Vöyri
2004,4.9,KU946,Vöyri
2005,4.2,KU946,Vöyri
2006,3.8,KU946,Vöyri
2007,2.9,KU946,Vöyri
2008,3.5,KU946,Vöyri
2009,4.2,KU946,Vöyri
2010,3.4,KU946,Vöyri
2011,3.7,KU946,Vöyri
2012,4.0,KU946,Vöyri
2013,6.7,KU946,Vöyri
2014,7.2,KU946,Vöyri
2015,7.9,KU946,Vöyri
2016,8.1,KU946,Vöyri
2017,6.0,KU946,Vöyri
2018,5.1,KU946,Vöyri
2019,3.9,KU946,Vöyri
2020,6.8,KU946,Vöyri
2021,3.7,KU946,Vöyri
2022,4.9,KU946,Vöyri
2023,5.5,KU946,Vöyri
2024,5.7,KU946,Vöyri
1987,15.4,KU976,Ylitornio
1988,11.9,KU976,Ylitornio
1989,9.5,KU976,Ylitornio
1990,10.0,KU976,Ylitornio
1991,18.2,KU976,Ylitornio
1992,27.0,KU976,Ylitornio
1993,29.3,KU976,Ylitornio
1994,28.8,KU976,Ylitornio
1995,27.7,KU976,Ylitornio
1996,28.7,KU976,Ylitornio
1997,25.2,KU976,Ylitornio
1998,21.3,KU976,Ylitornio
1999,21.4,KU976,Ylitornio
2000,18.5,KU976,Ylitornio
2001,20.2,KU976,Ylitornio
2002,16.9,KU976,Ylitornio
2003,16.8,KU976,Ylitornio
2004,19.0,KU976,Ylitornio
2005,17.0,KU976,Ylitornio
2006,16.4,KU976,Ylitornio
2007,13.5,KU976,Ylitornio
2008,16.2,KU976,Ylitornio
2009,16.9,KU976,Ylitornio
2010,15.1,KU976,Ylitornio
2011,14.2,KU976,Ylitornio
2012,13.9,KU976,Ylitornio
2013,16.9,KU976,Ylitornio
2014,18.9,KU976,Ylitornio
2015,18.6,KU976,Ylitornio
2016,16.3,KU976,Ylitornio
2017,14.1,KU976,Ylitornio
2018,13.7,KU976,Ylitornio
2019,14.0,KU976,Ylitornio
2020,15.7,KU976,Ylitornio
2021,13.5,KU976,Ylitornio
2022,12.1,KU976,Ylitornio
2023,13.9,KU976,Ylitornio
2024,13.4,KU976,Ylitornio
1987,6.2,KU977,Ylivieska
1988,5.7,KU977,Ylivieska
1989,5.2,KU977,Ylivieska
1990,6.8,KU977,Ylivieska
1991,13.0,KU977,Ylivieska
1992,17.9,KU977,Ylivieska
1993,22.4,KU977,Ylivieska
1994,19.5,KU977,Ylivieska
1995,19.2,KU977,Ylivieska
1996,20.0,KU977,Ylivieska
1997,16.6,KU977,Ylivieska
1998,15.2,KU977,Ylivieska
1999,14.3,KU977,Ylivieska
2000,12.5,KU977,Ylivieska
2001,13.0,KU977,Ylivieska
2002,12.3,KU977,Ylivieska
2003,11.8,KU977,Ylivieska
2004,11.7,KU977,Ylivieska
2005,11.1,KU977,Ylivieska
2006,9.9,KU977,Ylivieska
2007,8.8,KU977,Ylivieska
2008,9.8,KU977,Ylivieska
2009,12.7,KU977,Ylivieska
2010,10.9,KU977,Ylivieska
2011,9.4,KU977,Ylivieska
2012,10.6,KU977,Ylivieska
2013,12.6,KU977,Ylivieska
2014,14.0,KU977,Ylivieska
2015,14.3,KU977,Ylivieska
2016,13.4,KU977,Ylivieska
2017,11.3,KU977,Ylivieska
2018,9.2,KU977,Ylivieska
2019,10.3,KU977,Ylivieska
2020,11.5,KU977,Ylivieska
2021,8.7,KU977,Ylivieska
2022,8.0,KU977,Ylivieska
2023,10.6,KU977,Ylivieska
2024,10.4,KU977,Ylivieska
1987,6.2,KU980,Ylöjärvi
1988,5.4,KU980,Ylöjärvi
1989,4.2,KU980,Ylöjärvi
1990,5.8,KU980,Ylöjärvi
1991,14.7,KU980,Ylöjärvi
1992,19.0,KU980,Ylöjärvi
1993,23.9,KU980,Ylöjärvi
1994,19.8,KU980,Ylöjärvi
1995,18.1,KU980,Ylöjärvi
1996,18.0,KU980,Ylöjärvi
1997,15.0,KU980,Ylöjärvi
1998,13.1,KU980,Ylöjärvi
1999,12.0,KU980,Ylöjärvi
2000,11.1,KU980,Ylöjärvi
2001,10.3,KU980,Ylöjärvi
2002,9.9,KU980,Ylöjärvi
2003,10.8,KU980,Ylöjärvi
2004,9.9,KU980,Ylöjärvi
2005,9.4,KU980,Ylöjärvi
2006,7.5,KU980,Ylöjärvi
2007,6.2,KU980,Ylöjärvi
2008,7.6,KU980,Ylöjärvi
2009,10.6,KU980,Ylöjärvi
2010,9.5,KU980,Ylöjärvi
2011,8.6,KU980,Ylöjärvi
2012,9.3,KU980,Ylöjärvi
2013,12.2,KU980,Ylöjärvi
2014,13.8,KU980,Ylöjärvi
2015,14.0,KU980,Ylöjärvi
2016,11.8,KU980,Ylöjärvi
2017,8.4,KU980,Ylöjärvi
2018,6.8,KU980,Ylöjärvi
2019,7.2,KU980,Ylöjärvi
2020,10.2,KU980,Ylöjärvi
2021,6.5,KU980,Ylöjärvi
2022,6.0,KU980,Ylöjärvi
2023,8.1,KU980,Ylöjärvi
2024,8.0,KU980,Ylöjärvi
1987,3.7,KU981,Ypäjä
1988,2.7,KU981,Ypäjä
1989,2.1,KU981,Ypäjä
1990,3.0,KU981,Ypäjä
1991,8.0,KU981,Ypäjä
1992,15.5,KU981,Ypäjä
1993,22.4,KU981,Ypäjä
1994,18.6,KU981,Ypäjä
1995,18.8,KU981,Ypäjä
1996,19.3,KU981,Ypäjä
1997,16.0,KU981,Ypäjä
1998,15.0,KU981,Ypäjä
1999,13.4,KU981,Ypäjä
2000,12.5,KU981,Ypäjä
2001,12.3,KU981,Ypäjä
2002,10.1,KU981,Ypäjä
2003,10.7,KU981,Ypäjä
2004,12.6,KU981,Ypäjä
2005,11.4,KU981,Ypäjä
2006,10.4,KU981,Ypäjä
2007,9.3,KU981,Ypäjä
2008,10.6,KU981,Ypäjä
2009,14.3,KU981,Ypäjä
2010,11.2,KU981,Ypäjä
2011,10.1,KU981,Ypäjä
2012,11.5,KU981,Ypäjä
2013,11.6,KU981,Ypäjä
2014,13.8,KU981,Ypäjä
2015,14.3,KU981,Ypäjä
2016,13.4,KU981,Ypäjä
2017,9.8,KU981,Ypäjä
2018,7.4,KU981,Ypäjä
2019,8.1,KU981,Ypäjä
2020,10.2,KU981,Ypäjä
2021,9.4,KU981,Ypäjä
2022,7.5,KU981,Ypäjä
2023,9.5,KU981,Ypäjä
2024,9.9,KU981,Ypäjä
1987,8.0,KU989,Ähtäri
1988,7.2,KU989,Ähtäri
1989,7.6,KU989,Ähtäri
1990,7.4,KU989,Ähtäri
1991,13.6,KU989,Ähtäri
1992,20.2,KU989,Ähtäri
1993,25.4,KU989,Ähtäri
1994,23.6,KU989,Ähtäri
1995,22.8,KU989,Ähtäri
1996,22.1,KU989,Ähtäri
1997,18.0,KU989,Ähtäri
1998,17.4,KU989,Ähtäri
1999,16.7,KU989,Ähtäri
2000,13.0,KU989,Ähtäri
2001,14.1,KU989,Ähtäri
2002,13.3,KU989,Ähtäri
2003,12.9,KU989,Ähtäri
2004,12.3,KU989,Ähtäri
2005,11.4,KU989,Ähtäri
2006,9.8,KU989,Ähtäri
2007,9.6,KU989,Ähtäri
2008,12.6,KU989,Ähtäri
2009,14.3,KU989,Ähtäri
2010,12.4,KU989,Ähtäri
2011,11.4,KU989,Ähtäri
2012,11.7,KU989,Ähtäri
2013,13.7,KU989,Ähtäri
2014,15.5,KU989,Ähtäri
2015,15.0,KU989,Ähtäri
2016,13.2,KU989,Ähtäri
2017,11.8,KU989,Ähtäri
2018,8.9,KU989,Ähtäri
2019,11.3,KU989,Ähtäri
2020,10.9,KU989,Ähtäri
2021,8.1,KU989,Ähtäri
2022,8.1,KU989,Ähtäri
2023,14.2,KU989,Ähtäri
2024,10.9,KU989,Ähtäri
1987,9.0,KU992,Äänekoski
1988,7.7,KU992,Äänekoski
1989,7.6,KU992,Äänekoski
1990,10.3,KU992,Äänekoski
1991,15.4,KU992,Äänekoski
1992,24.2,KU992,Äänekoski
1993,29.7,KU992,Äänekoski
1994,26.4,KU992,Äänekoski
1995,23.9,KU992,Äänekoski
1996,23.3,KU992,Äänekoski
1997,21.6,KU992,Äänekoski
1998,19.6,KU992,Äänekoski
1999,19.6,KU992,Äänekoski
2000,16.5,KU992,Äänekoski
2001,17.5,KU992,Äänekoski
2002,17.9,KU992,Äänekoski
2003,18.5,KU992,Äänekoski
2004,17.8,KU992,Äänekoski
2005,16.1,KU992,Äänekoski
2006,14.0,KU992,Äänekoski
2007,13.6,KU992,Äänekoski
2008,13.7,KU992,Äänekoski
2009,16.7,KU992,Äänekoski
2010,15.2,KU992,Äänekoski
2011,15.6,KU992,Äänekoski
2012,17.6,KU992,Äänekoski
2013,22.2,KU992,Äänekoski
2014,21.3,KU992,Äänekoski
2015,21.0,KU992,Äänekoski
2016,19.9,KU992,Äänekoski
2017,16.6,KU992,Äänekoski
2018,15.0,KU992,Äänekoski
2019,17.5,KU992,Äänekoski
2020,19.5,KU992,Äänekoski
2021,14.4,KU992,Äänekoski
2022,12.4,KU992,Äänekoski
2023,17.7,KU992,Äänekoski
2024,18.5,KU992,Äänekoski
1987,2.1,MK01,MK01 Uusimaa
1988,1.8,MK01,MK01 Uusimaa
1989,1.4,MK01,MK01 Uusimaa
1990,2.1,MK01,MK01 Uusimaa
1991,8.6,MK01,MK01 Uusimaa
1992,14.2,MK01,MK01 Uusimaa
1993,17.9,MK01,MK01 Uusimaa
1994,16.9,MK01,MK01 Uusimaa
1995,16.1,MK01,MK01 Uusimaa
1996,15.0,MK01,MK01 Uusimaa
1997,12.3,MK01,MK01 Uusimaa
1998,10.0,MK01,MK01 Uusimaa
1999,9.0,MK01,MK01 Uusimaa
2000,7.6,MK01,MK01 Uusimaa
2001,7.6,MK01,MK01 Uusimaa
2002,7.9,MK01,MK01 Uusimaa
2003,8.3,MK01,MK01 Uusimaa
2004,8.3,MK01,MK01 Uusimaa
2005,7.8,MK01,MK01 Uusimaa
2006,6.8,MK01,MK01 Uusimaa
2007,5.6,MK01,MK01 Uusimaa
2008,5.7,MK01,MK01 Uusimaa
2009,8.1,MK01,MK01 Uusimaa
2010,7.4,MK01,MK01 Uusimaa
2011,7.1,MK01,MK01 Uusimaa
2012,7.8,MK01,MK01 Uusimaa
2013,9.5,MK01,MK01 Uusimaa
2014,11.0,MK01,MK01 Uusimaa
2015,11.7,MK01,MK01 Uusimaa
2016,11.1,MK01,MK01 Uusimaa
2017,9.6,MK01,MK01 Uusimaa
2018,8.4,MK01,MK01 Uusimaa
2019,8.3,MK01,MK01 Uusimaa
2020,13.1,MK01,MK01 Uusimaa
2021,10.2,MK01,MK01 Uusimaa
2022,9.3,MK01,MK01 Uusimaa
2023,10.4,MK01,MK01 Uusimaa
2024,11.5,MK01,MK01 Uusimaa
1987,4.6,MK02,MK02 Varsinais-Suomi
1988,3.9,MK02,MK02 Varsinais-Suomi
1989,3.8,MK02,MK02 Varsinais-Suomi
1990,4.7,MK02,MK02 Varsinais-Suomi
1991,10.9,MK02,MK02 Varsinais-Suomi
1992,16.6,MK02,MK02 Varsinais-Suomi
1993,21.1,MK02,MK02 Varsinais-Suomi
1994,18.2,MK02,MK02 Varsinais-Suomi
1995,17.1,MK02,MK02 Varsinais-Suomi
1996,16.5,MK02,MK02 Varsinais-Suomi
1997,14.1,MK02,MK02 Varsinais-Suomi
1998,13.1,MK02,MK02 Varsinais-Suomi
1999,12.6,MK02,MK02 Varsinais-Suomi
2000,10.8,MK02,MK02 Varsinais-Suomi
2001,11.0,MK02,MK02 Varsinais-Suomi
2002,10.4,MK02,MK02 Varsinais-Suomi
2003,10.9,MK02,MK02 Varsinais-Suomi
2004,10.5,MK02,MK02 Varsinais-Suomi
2005,9.0,MK02,MK02 Varsinais-Suomi
2006,7.9,MK02,MK02 Varsinais-Suomi
2007,6.9,MK02,MK02 Varsinais-Suomi
2008,7.4,MK02,MK02 Varsinais-Suomi
2009,11.0,MK02,MK02 Varsinais-Suomi
2010,10.4,MK02,MK02 Varsinais-Suomi
2011,9.7,MK02,MK02 Varsinais-Suomi
2012,11.2,MK02,MK02 Varsinais-Suomi
2013,12.7,MK02,MK02 Varsinais-Suomi
2014,14.0,MK02,MK02 Varsinais-Suomi
2015,14.4,MK02,MK02 Varsinais-Suomi
2016,13.6,MK02,MK02 Varsinais-Suomi
2017,11.0,MK02,MK02 Varsinais-Suomi
2018,9.5,MK02,MK02 Varsinais-Suomi
2019,9.5,MK02,MK02 Varsinais-Suomi
2020,13.3,MK02,MK02 Varsinais-Suomi
2021,9.7,MK02,MK02 Varsinais-Suomi
2022,9.1,MK02,MK02 Varsinais-Suomi
2023,10.0,MK02,MK02 Varsinais-Suomi
2024,11.3,MK02,MK02 Varsinais-Suomi
1987,8.6,MK04,MK04 Satakunta
1988,7.5,MK04,MK04 Satakunta
1989,6.1,MK04,MK04 Satakunta
1990,7.4,MK04,MK04 Satakunta
1991,14.5,MK04,MK04 Satakunta
1992,20.4,MK04,MK04 Satakunta
1993,24.5,MK04,MK04 Satakunta
1994,22.1,MK04,MK04 Satakunta
1995,21.7,MK04,MK04 Satakunta
1996,21.8,MK04,MK04 Satakunta
1997,19.1,MK04,MK04 Satakunta
1998,18.0,MK04,MK04 Satakunta
1999,18.1,MK04,MK04 Satakunta
2000,16.2,MK04,MK04 Satakunta
2001,15.6,MK04,MK04 Satakunta
2002,15.4,MK04,MK04 Satakunta
2003,15.2,MK04,MK04 Satakunta
2004,15.0,MK04,MK04 Satakunta
2005,13.6,MK04,MK04 Satakunta
2006,11.8,MK04,MK04 Satakunta
2007,10.1,MK04,MK04 Satakunta
2008,10.2,MK04,MK04 Satakunta
2009,12.8,MK04,MK04 Satakunta
2010,11.7,MK04,MK04 Satakunta
2011,11.0,MK04,MK04 Satakunta
2012,11.9,MK04,MK04 Satakunta
2013,13.1,MK04,MK04 Satakunta
2014,14.7,MK04,MK04 Satakunta
2015,15.6,MK04,MK04 Satakunta
2016,15.3,MK04,MK04 Satakunta
2017,11.6,MK04,MK04 Satakunta
2018,10.4,MK04,MK04 Satakunta
2019,11.0,MK04,MK04 Satakunta
2020,13.6,MK04,MK04 Satakunta
2021,10.1,MK04,MK04 Satakunta
2022,10.0,MK04,MK04 Satakunta
2023,10.8,MK04,MK04 Satakunta
2024,11.8,MK04,MK04 Satakunta
1987,4.6,MK05,MK05 Kanta-Häme
1988,4.2,MK05,MK05 Kanta-Häme
1989,2.9,MK05,MK05 Kanta-Häme
1990,4.6,MK05,MK05 Kanta-Häme
1991,11.3,MK05,MK05 Kanta-Häme
1992,17.7,MK05,MK05 Kanta-Häme
1993,22.4,MK05,MK05 Kanta-Häme
1994,20.3,MK05,MK05 Kanta-Häme
1995,20.0,MK05,MK05 Kanta-Häme
1996,19.6,MK05,MK05 Kanta-Häme
1997,16.7,MK05,MK05 Kanta-Häme
1998,15.1,MK05,MK05 Kanta-Häme
1999,14.0,MK05,MK05 Kanta-Häme
2000,12.6,MK05,MK05 Kanta-Häme
2001,11.8,MK05,MK05 Kanta-Häme
2002,11.1,MK05,MK05 Kanta-Häme
2003,11.1,MK05,MK05 Kanta-Häme
2004,11.1,MK05,MK05 Kanta-Häme
2005,10.4,MK05,MK05 Kanta-Häme
2006,8.9,MK05,MK05 Kanta-Häme
2007,7.6,MK05,MK05 Kanta-Häme
2008,8.7,MK05,MK05 Kanta-Häme
2009,11.3,MK05,MK05 Kanta-Häme
2010,10.5,MK05,MK05 Kanta-Häme
2011,9.4,MK05,MK05 Kanta-Häme
2012,10.1,MK05,MK05 Kanta-Häme
2013,11.7,MK05,MK05 Kanta-Häme
2014,12.6,MK05,MK05 Kanta-Häme
2015,13.1,MK05,MK05 Kanta-Häme
2016,12.8,MK05,MK05 Kanta-Häme
2017,10.5,MK05,MK05 Kanta-Häme
2018,9.3,MK05,MK05 Kanta-Häme
2019,9.1,MK05,MK05 Kanta-Häme
2020,11.9,MK05,MK05 Kanta-Häme
2021,9.9,MK05,MK05 Kanta-Häme
2022,8.9,MK05,MK05 Kanta-Häme
2023,10.6,MK05,MK05 Kanta-Häme
2024,11.0,MK05,MK05 Kanta-Häme
1987,7.5,MK06,MK06 Pirkanmaa
1988,6.6,MK06,MK06 Pirkanmaa
1989,5.1,MK06,MK06 Pirkanmaa
1990,6.5,MK06,MK06 Pirkanmaa
1991,14.2,MK06,MK06 Pirkanmaa
1992,19.5,MK06,MK06 Pirkanmaa
1993,23.7,MK06,MK06 Pirkanmaa
1994,21.2,MK06,MK06 Pirkanmaa
1995,20.1,MK06,MK06 Pirkanmaa
1996,20.3,MK06,MK06 Pirkanmaa
1997,17.4,MK06,MK06 Pirkanmaa
1998,15.5,MK06,MK06 Pirkanmaa
1999,14.9,MK06,MK06 Pirkanmaa
2000,13.4,MK06,MK06 Pirkanmaa
2001,13.2,MK06,MK06 Pirkanmaa
2002,12.8,MK06,MK06 Pirkanmaa
2003,13.2,MK06,MK06 Pirkanmaa
2004,12.5,MK06,MK06 Pirkanmaa
2005,11.7,MK06,MK06 Pirkanmaa
2006,9.8,MK06,MK06 Pirkanmaa
2007,8.9,MK06,MK06 Pirkanmaa
2008,9.9,MK06,MK06 Pirkanmaa
2009,13.7,MK06,MK06 Pirkanmaa
2010,11.9,MK06,MK06 Pirkanmaa
2011,10.9,MK06,MK06 Pirkanmaa
2012,12.1,MK06,MK06 Pirkanmaa
2013,14.6,MK06,MK06 Pirkanmaa
2014,15.9,MK06,MK06 Pirkanmaa
2015,16.3,MK06,MK06 Pirkanmaa
2016,15.5,MK06,MK06 Pirkanmaa
2017,11.9,MK06,MK06 Pirkanmaa
2018,9.4,MK06,MK06 Pirkanmaa
2019,10.0,MK06,MK06 Pirkanmaa
2020,13.2,MK06,MK06 Pirkanmaa
2021,9.5,MK06,MK06 Pirkanmaa
2022,8.7,MK06,MK06 Pirkanmaa
2023,10.8,MK06,MK06 Pirkanmaa
2024,11.7,MK06,MK06 Pirkanmaa
1987,6.2,MK07,MK07 Päijät-Häme
1988,4.7,MK07,MK07 Päijät-Häme
1989,3.7,MK07,MK07 Päijät-Häme
1990,5.8,MK07,MK07 Päijät-Häme
1991,14.1,MK07,MK07 Päijät-Häme
1992,20.5,MK07,MK07 Päijät-Häme
1993,25.9,MK07,MK07 Päijät-Häme
1994,23.8,MK07,MK07 Päijät-Häme
1995,22.6,MK07,MK07 Päijät-Häme
1996,22.8,MK07,MK07 Päijät-Häme
1997,19.4,MK07,MK07 Päijät-Häme
1998,18.0,MK07,MK07 Päijät-Häme
1999,16.8,MK07,MK07 Päijät-Häme
2000,15.1,MK07,MK07 Päijät-Häme
2001,14.6,MK07,MK07 Päijät-Häme
2002,14.0,MK07,MK07 Päijät-Häme
2003,14.3,MK07,MK07 Päijät-Häme
2004,13.9,MK07,MK07 Päijät-Häme
2005,13.9,MK07,MK07 Päijät-Häme
2006,12.4,MK07,MK07 Päijät-Häme
2007,10.5,MK07,MK07 Päijät-Häme
2008,11.2,MK07,MK07 Päijät-Häme
2009,15.1,MK07,MK07 Päijät-Häme
2010,13.2,MK07,MK07 Päijät-Häme
2011,12.3,MK07,MK07 Päijät-Häme
2012,13.3,MK07,MK07 Päijät-Häme
2013,15.2,MK07,MK07 Päijät-Häme
2014,17.5,MK07,MK07 Päijät-Häme
2015,17.3,MK07,MK07 Päijät-Häme
2016,16.2,MK07,MK07 Päijät-Häme
2017,14.6,MK07,MK07 Päijät-Häme
2018,13.1,MK07,MK07 Päijät-Häme
2019,12.7,MK07,MK07 Päijät-Häme
2020,16.5,MK07,MK07 Päijät-Häme
2021,13.4,MK07,MK07 Päijät-Häme
2022,12.7,MK07,MK07 Päijät-Häme
2023,13.7,MK07,MK07 Päijät-Häme
2024,14.9,MK07,MK07 Päijät-Häme
1987,7.3,MK08,MK08 Kymenlaakso
1988,6.7,MK08,MK08 Kymenlaakso
1989,5.5,MK08,MK08 Kymenlaakso
1990,7.5,MK08,MK08 Kymenlaakso
1991,13.2,MK08,MK08 Kymenlaakso
1992,18.4,MK08,MK08 Kymenlaakso
1993,22.6,MK08,MK08 Kymenlaakso
1994,20.9,MK08,MK08 Kymenlaakso
1995,20.4,MK08,MK08 Kymenlaakso
1996,20.4,MK08,MK08 Kymenlaakso
1997,18.5,MK08,MK08 Kymenlaakso
1998,17.4,MK08,MK08 Kymenlaakso
1999,17.0,MK08,MK08 Kymenlaakso
2000,16.0,MK08,MK08 Kymenlaakso
2001,14.9,MK08,MK08 Kymenlaakso
2002,14.4,MK08,MK08 Kymenlaakso
2003,13.8,MK08,MK08 Kymenlaakso
2004,13.7,MK08,MK08 Kymenlaakso
2005,13.1,MK08,MK08 Kymenlaakso
2006,12.0,MK08,MK08 Kymenlaakso
2007,10.7,MK08,MK08 Kymenlaakso
2008,11.3,MK08,MK08 Kymenlaakso
2009,14.4,MK08,MK08 Kymenlaakso
2010,13.5,MK08,MK08 Kymenlaakso
2011,13.6,MK08,MK08 Kymenlaakso
2012,14.5,MK08,MK08 Kymenlaakso
2013,16.4,MK08,MK08 Kymenlaakso
2014,17.7,MK08,MK08 Kymenlaakso
2015,18.8,MK08,MK08 Kymenlaakso
2016,18.2,MK08,MK08 Kymenlaakso
2017,15.5,MK08,MK08 Kymenlaakso
2018,13.5,MK08,MK08 Kymenlaakso
2019,13.3,MK08,MK08 Kymenlaakso
2020,15.9,MK08,MK08 Kymenlaakso
2021,12.9,MK08,MK08 Kymenlaakso
2022,11.9,MK08,MK08 Kymenlaakso
2023,13.7,MK08,MK08 Kymenlaakso
2024,15.0,MK08,MK08 Kymenlaakso
1987,7.9,MK09,MK09 Etelä-Karjala
1988,6.6,MK09,MK09 Etelä-Karjala
1989,5.6,MK09,MK09 Etelä-Karjala
1990,7.1,MK09,MK09 Etelä-Karjala
1991,14.0,MK09,MK09 Etelä-Karjala
1992,19.7,MK09,MK09 Etelä-Karjala
1993,23.7,MK09,MK09 Etelä-Karjala
1994,23.0,MK09,MK09 Etelä-Karjala
1995,22.2,MK09,MK09 Etelä-Karjala
1996,22.9,MK09,MK09 Etelä-Karjala
1997,20.5,MK09,MK09 Etelä-Karjala
1998,19.2,MK09,MK09 Etelä-Karjala
1999,18.2,MK09,MK09 Etelä-Karjala
2000,15.8,MK09,MK09 Etelä-Karjala
2001,16.2,MK09,MK09 Etelä-Karjala
2002,15.9,MK09,MK09 Etelä-Karjala
2003,15.4,MK09,MK09 Etelä-Karjala
2004,15.2,MK09,MK09 Etelä-Karjala
2005,14.4,MK09,MK09 Etelä-Karjala
2006,13.1,MK09,MK09 Etelä-Karjala
2007,11.7,MK09,MK09 Etelä-Karjala
2008,12.0,MK09,MK09 Etelä-Karjala
2009,14.7,MK09,MK09 Etelä-Karjala
2010,13.4,MK09,MK09 Etelä-Karjala
2011,12.7,MK09,MK09 Etelä-Karjala
2012,13.5,MK09,MK09 Etelä-Karjala
2013,14.4,MK09,MK09 Etelä-Karjala
2014,15.9,MK09,MK09 Etelä-Karjala
2015,17.2,MK09,MK09 Etelä-Karjala
2016,16.9,MK09,MK09 Etelä-Karjala
2017,14.5,MK09,MK09 Etelä-Karjala
2018,12.1,MK09,MK09 Etelä-Karjala
2019,12.8,MK09,MK09 Etelä-Karjala
2020,15.6,MK09,MK09 Etelä-Karjala
2021,12.1,MK09,MK09 Etelä-Karjala
2022,11.9,MK09,MK09 Etelä-Karjala
2023,13.9,MK09,MK09 Etelä-Karjala
2024,14.7,MK09,MK09 Etelä-Karjala
1987,8.6,MK10,MK10 Etelä-Savo
1988,7.4,MK10,MK10 Etelä-Savo
1989,6.7,MK10,MK10 Etelä-Savo
1990,8.1,MK10,MK10 Etelä-Savo
1991,13.9,MK10,MK10 Etelä-Savo
1992,20.3,MK10,MK10 Etelä-Savo
1993,25.5,MK10,MK10 Etelä-Savo
1994,23.8,MK10,MK10 Etelä-Savo
1995,23.5,MK10,MK10 Etelä-Savo
1996,23.6,MK10,MK10 Etelä-Savo
1997,20.9,MK10,MK10 Etelä-Savo
1998,19.6,MK10,MK10 Etelä-Savo
1999,18.3,MK10,MK10 Etelä-Savo
2000,18.0,MK10,MK10 Etelä-Savo
2001,16.4,MK10,MK10 Etelä-Savo
2002,15.6,MK10,MK10 Etelä-Savo
2003,15.1,MK10,MK10 Etelä-Savo
2004,15.2,MK10,MK10 Etelä-Savo
2005,14.4,MK10,MK10 Etelä-Savo
2006,12.3,MK10,MK10 Etelä-Savo
2007,11.0,MK10,MK10 Etelä-Savo
2008,11.6,MK10,MK10 Etelä-Savo
2009,13.5,MK10,MK10 Etelä-Savo
2010,12.3,MK10,MK10 Etelä-Savo
2011,12.0,MK10,MK10 Etelä-Savo
2012,12.8,MK10,MK10 Etelä-Savo
2013,14.2,MK10,MK10 Etelä-Savo
2014,15.4,MK10,MK10 Etelä-Savo
2015,16.7,MK10,MK10 Etelä-Savo
2016,15.4,MK10,MK10 Etelä-Savo
2017,13.1,MK10,MK10 Etelä-Savo
2018,11.6,MK10,MK10 Etelä-Savo
2019,11.2,MK10,MK10 Etelä-Savo
2020,13.9,MK10,MK10 Etelä-Savo
2021,11.3,MK10,MK10 Etelä-Savo
2022,10.5,MK10,MK10 Etelä-Savo
2023,12.2,MK10,MK10 Etelä-Savo
2024,13.1,MK10,MK10 Etelä-Savo
1987,8.4,MK11,MK11 Pohjois-Savo
1988,7.4,MK11,MK11 Pohjois-Savo
1989,6.2,MK11,MK11 Pohjois-Savo
1990,7.9,MK11,MK11 Pohjois-Savo
1991,14.0,MK11,MK11 Pohjois-Savo
1992,19.7,MK11,MK11 Pohjois-Savo
1993,24.3,MK11,MK11 Pohjois-Savo
1994,22.6,MK11,MK11 Pohjois-Savo
1995,22.7,MK11,MK11 Pohjois-Savo
1996,22.5,MK11,MK11 Pohjois-Savo
1997,20.1,MK11,MK11 Pohjois-Savo
1998,18.5,MK11,MK11 Pohjois-Savo
1999,17.8,MK11,MK11 Pohjois-Savo
2000,17.1,MK11,MK11 Pohjois-Savo
2001,16.1,MK11,MK11 Pohjois-Savo
2002,15.0,MK11,MK11 Pohjois-Savo
2003,14.6,MK11,MK11 Pohjois-Savo
2004,14.0,MK11,MK11 Pohjois-Savo
2005,13.5,MK11,MK11 Pohjois-Savo
2006,12.0,MK11,MK11 Pohjois-Savo
2007,10.8,MK11,MK11 Pohjois-Savo
2008,11.7,MK11,MK11 Pohjois-Savo
2009,14.0,MK11,MK11 Pohjois-Savo
2010,12.3,MK11,MK11 Pohjois-Savo
2011,11.4,MK11,MK11 Pohjois-Savo
2012,12.2,MK11,MK11 Pohjois-Savo
2013,13.5,MK11,MK11 Pohjois-Savo
2014,14.9,MK11,MK11 Pohjois-Savo
2015,15.4,MK11,MK11 Pohjois-Savo
2016,14.1,MK11,MK11 Pohjois-Savo
2017,12.3,MK11,MK11 Pohjois-Savo
2018,11.0,MK11,MK11 Pohjois-Savo
2019,11.0,MK11,MK11 Pohjois-Savo
2020,13.8,MK11,MK11 Pohjois-Savo
2021,10.6,MK11,MK11 Pohjois-Savo
2022,10.3,MK11,MK11 Pohjois-Savo
2023,11.8,MK11,MK11 Pohjois-Savo
2024,12.7,MK11,MK11 Pohjois-Savo
1987,10.0,MK12,MK12 Pohjois-Karjala
1988,8.9,MK12,MK12 Pohjois-Karjala
1989,8.2,MK12,MK12 Pohjois-Karjala
1990,9.8,MK12,MK12 Pohjois-Karjala
1991,15.0,MK12,MK12 Pohjois-Karjala
1992,21.3,MK12,MK12 Pohjois-Karjala
1993,24.9,MK12,MK12 Pohjois-Karjala
1994,24.6,MK12,MK12 Pohjois-Karjala
1995,25.1,MK12,MK12 Pohjois-Karjala
1996,26.0,MK12,MK12 Pohjois-Karjala
1997,23.6,MK12,MK12 Pohjois-Karjala
1998,22.4,MK12,MK12 Pohjois-Karjala
1999,20.8,MK12,MK12 Pohjois-Karjala
2000,19.3,MK12,MK12 Pohjois-Karjala
2001,19.5,MK12,MK12 Pohjois-Karjala
2002,18.2,MK12,MK12 Pohjois-Karjala
2003,18.1,MK12,MK12 Pohjois-Karjala
2004,17.8,MK12,MK12 Pohjois-Karjala
2005,16.8,MK12,MK12 Pohjois-Karjala
2006,15.3,MK12,MK12 Pohjois-Karjala
2007,14.8,MK12,MK12 Pohjois-Karjala
2008,15.4,MK12,MK12 Pohjois-Karjala
2009,16.7,MK12,MK12 Pohjois-Karjala
2010,14.6,MK12,MK12 Pohjois-Karjala
2011,14.8,MK12,MK12 Pohjois-Karjala
2012,15.7,MK12,MK12 Pohjois-Karjala
2013,16.8,MK12,MK12 Pohjois-Karjala
2014,17.6,MK12,MK12 Pohjois-Karjala
2015,18.6,MK12,MK12 Pohjois-Karjala
2016,18.2,MK12,MK12 Pohjois-Karjala
2017,16.2,MK12,MK12 Pohjois-Karjala
2018,14.0,MK12,MK12 Pohjois-Karjala
2019,14.4,MK12,MK12 Pohjois-Karjala
2020,17.2,MK12,MK12 Pohjois-Karjala
2021,14.1,MK12,MK12 Pohjois-Karjala
2022,13.5,MK12,MK12 Pohjois-Karjala
2023,15.0,MK12,MK12 Pohjois-Karjala
2024,16.1,MK12,MK12 Pohjois-Karjala
1987,7.3,MK13,MK13 Keski-Suomi
1988,6.4,MK13,MK13 Keski-Suomi
1989,5.6,MK13,MK13 Keski-Suomi
1990,7.8,MK13,MK13 Keski-Suomi
1991,13.8,MK13,MK13 Keski-Suomi
1992,20.4,MK13,MK13 Keski-Suomi
1993,25.5,MK13,MK13 Keski-Suomi
1994,23.5,MK13,MK13 Keski-Suomi
1995,22.7,MK13,MK13 Keski-Suomi
1996,22.4,MK13,MK13 Keski-Suomi
1997,20.3,MK13,MK13 Keski-Suomi
1998,18.9,MK13,MK13 Keski-Suomi
1999,17.9,MK13,MK13 Keski-Suomi
2000,16.1,MK13,MK13 Keski-Suomi
2001,15.9,MK13,MK13 Keski-Suomi
2002,15.2,MK13,MK13 Keski-Suomi
2003,15.1,MK13,MK13 Keski-Suomi
2004,14.6,MK13,MK13 Keski-Suomi
2005,14.3,MK13,MK13 Keski-Suomi
2006,12.8,MK13,MK13 Keski-Suomi
2007,11.6,MK13,MK13 Keski-Suomi
2008,12.0,MK13,MK13 Keski-Suomi
2009,14.5,MK13,MK13 Keski-Suomi
2010,13.2,MK13,MK13 Keski-Suomi
2011,13.2,MK13,MK13 Keski-Suomi
2012,14.5,MK13,MK13 Keski-Suomi
2013,17.1,MK13,MK13 Keski-Suomi
2014,18.0,MK13,MK13 Keski-Suomi
2015,18.1,MK13,MK13 Keski-Suomi
2016,16.9,MK13,MK13 Keski-Suomi
2017,14.2,MK13,MK13 Keski-Suomi
2018,12.7,MK13,MK13 Keski-Suomi
2019,12.8,MK13,MK13 Keski-Suomi
2020,15.7,MK13,MK13 Keski-Suomi
2021,12.9,MK13,MK13 Keski-Suomi
2022,12.1,MK13,MK13 Keski-Suomi
2023,14.0,MK13,MK13 Keski-Suomi
2024,14.7,MK13,MK13 Keski-Suomi
1987,6.0,MK14,MK14 Etelä-Pohjanmaa
1988,5.7,MK14,MK14 Etelä-Pohjanmaa
1989,5.3,MK14,MK14 Etelä-Pohjanmaa
1990,6.4,MK14,MK14 Etelä-Pohjanmaa
1991,13.0,MK14,MK14 Etelä-Pohjanmaa
1992,18.3,MK14,MK14 Etelä-Pohjanmaa
1993,23.2,MK14,MK14 Etelä-Pohjanmaa
1994,20.4,MK14,MK14 Etelä-Pohjanmaa
1995,20.3,MK14,MK14 Etelä-Pohjanmaa
1996,19.0,MK14,MK14 Etelä-Pohjanmaa
1997,15.6,MK14,MK14 Etelä-Pohjanmaa
1998,14.2,MK14,MK14 Etelä-Pohjanmaa
1999,13.9,MK14,MK14 Etelä-Pohjanmaa
2000,12.0,MK14,MK14 Etelä-Pohjanmaa
2001,12.4,MK14,MK14 Etelä-Pohjanmaa
2002,11.3,MK14,MK14 Etelä-Pohjanmaa
2003,10.9,MK14,MK14 Etelä-Pohjanmaa
2004,10.7,MK14,MK14 Etelä-Pohjanmaa
2005,10.0,MK14,MK14 Etelä-Pohjanmaa
2006,8.5,MK14,MK14 Etelä-Pohjanmaa
2007,7.7,MK14,MK14 Etelä-Pohjanmaa
2008,8.9,MK14,MK14 Etelä-Pohjanmaa
2009,11.6,MK14,MK14 Etelä-Pohjanmaa
2010,9.2,MK14,MK14 Etelä-Pohjanmaa
2011,8.7,MK14,MK14 Etelä-Pohjanmaa
2012,9.6,MK14,MK14 Etelä-Pohjanmaa
2013,11.0,MK14,MK14 Etelä-Pohjanmaa
2014,12.4,MK14,MK14 Etelä-Pohjanmaa
2015,12.8,MK14,MK14 Etelä-Pohjanmaa
2016,11.7,MK14,MK14 Etelä-Pohjanmaa
2017,9.5,MK14,MK14 Etelä-Pohjanmaa
2018,8.2,MK14,MK14 Etelä-Pohjanmaa
2019,8.4,MK14,MK14 Etelä-Pohjanmaa
2020,10.8,MK14,MK14 Etelä-Pohjanmaa
2021,7.7,MK14,MK14 Etelä-Pohjanmaa
2022,7.6,MK14,MK14 Etelä-Pohjanmaa
2023,8.6,MK14,MK14 Etelä-Pohjanmaa
2024,9.0,MK14,MK14 Etelä-Pohjanmaa
1987,4.2,MK15,MK15 Pohjanmaa
1988,4.1,MK15,MK15 Pohjanmaa
1989,4.1,MK15,MK15 Pohjanmaa
1990,4.8,MK15,MK15 Pohjanmaa
1991,9.7,MK15,MK15 Pohjanmaa
1992,14.9,MK15,MK15 Pohjanmaa
1993,18.3,MK15,MK15 Pohjanmaa
1994,16.1,MK15,MK15 Pohjanmaa
1995,15.6,MK15,MK15 Pohjanmaa
1996,14.4,MK15,MK15 Pohjanmaa
1997,12.4,MK15,MK15 Pohjanmaa
1998,11.3,MK15,MK15 Pohjanmaa
1999,11.5,MK15,MK15 Pohjanmaa
2000,9.6,MK15,MK15 Pohjanmaa
2001,9.3,MK15,MK15 Pohjanmaa
2002,8.7,MK15,MK15 Pohjanmaa
2003,8.4,MK15,MK15 Pohjanmaa
2004,8.4,MK15,MK15 Pohjanmaa
2005,7.7,MK15,MK15 Pohjanmaa
2006,6.4,MK15,MK15 Pohjanmaa
2007,5.3,MK15,MK15 Pohjanmaa
2008,5.8,MK15,MK15 Pohjanmaa
2009,8.2,MK15,MK15 Pohjanmaa
2010,6.7,MK15,MK15 Pohjanmaa
2011,6.3,MK15,MK15 Pohjanmaa
2012,6.5,MK15,MK15 Pohjanmaa
2013,8.0,MK15,MK15 Pohjanmaa
2014,9.0,MK15,MK15 Pohjanmaa
2015,9.5,MK15,MK15 Pohjanmaa
2016,9.6,MK15,MK15 Pohjanmaa
2017,7.5,MK15,MK15 Pohjanmaa
2018,6.4,MK15,MK15 Pohjanmaa
2019,6.4,MK15,MK15 Pohjanmaa
2020,10.5,MK15,MK15 Pohjanmaa
2021,6.0,MK15,MK15 Pohjanmaa
2022,5.7,MK15,MK15 Pohjanmaa
2023,6.7,MK15,MK15 Pohjanmaa
2024,7.1,MK15,MK15 Pohjanmaa
1987,5.6,MK16,MK16 Keski-Pohjanmaa
1988,5.7,MK16,MK16 Keski-Pohjanmaa
1989,5.6,MK16,MK16 Keski-Pohjanmaa
1990,6.8,MK16,MK16 Keski-Pohjanmaa
1991,13.5,MK16,MK16 Keski-Pohjanmaa
1992,18.1,MK16,MK16 Keski-Pohjanmaa
1993,23.3,MK16,MK16 Keski-Pohjanmaa
1994,20.8,MK16,MK16 Keski-Pohjanmaa
1995,20.6,MK16,MK16 Keski-Pohjanmaa
1996,19.8,MK16,MK16 Keski-Pohjanmaa
1997,17.7,MK16,MK16 Keski-Pohjanmaa
1998,15.9,MK16,MK16 Keski-Pohjanmaa
1999,15.3,MK16,MK16 Keski-Pohjanmaa
2000,14.3,MK16,MK16 Keski-Pohjanmaa
2001,13.3,MK16,MK16 Keski-Pohjanmaa
2002,11.8,MK16,MK16 Keski-Pohjanmaa
2003,12.0,MK16,MK16 Keski-Pohjanmaa
2004,11.3,MK16,MK16 Keski-Pohjanmaa
2005,11.2,MK16,MK16 Keski-Pohjanmaa
2006,9.1,MK16,MK16 Keski-Pohjanmaa
2007,7.5,MK16,MK16 Keski-Pohjanmaa
2008,9.1,MK16,MK16 Keski-Pohjanmaa
2009,10.7,MK16,MK16 Keski-Pohjanmaa
2010,8.7,MK16,MK16 Keski-Pohjanmaa
2011,8.8,MK16,MK16 Keski-Pohjanmaa
2012,9.0,MK16,MK16 Keski-Pohjanmaa
2013,9.9,MK16,MK16 Keski-Pohjanmaa
2014,11.4,MK16,MK16 Keski-Pohjanmaa
2015,11.8,MK16,MK16 Keski-Pohjanmaa
2016,11.5,MK16,MK16 Keski-Pohjanmaa
2017,9.1,MK16,MK16 Keski-Pohjanmaa
2018,7.8,MK16,MK16 Keski-Pohjanmaa
2019,8.2,MK16,MK16 Keski-Pohjanmaa
2020,10.4,MK16,MK16 Keski-Pohjanmaa
2021,8.2,MK16,MK16 Keski-Pohjanmaa
2022,8.4,MK16,MK16 Keski-Pohjanmaa
2023,9.6,MK16,MK16 Keski-Pohjanmaa
2024,9.4,MK16,MK16 Keski-Pohjanmaa
1987,8.3,MK17,MK17 Pohjois-Pohjanmaa
1988,7.2,MK17,MK17 Pohjois-Pohjanmaa
1989,5.6,MK17,MK17 Pohjois-Pohjanmaa
1990,7.7,MK17,MK17 Pohjois-Pohjanmaa
1991,13.8,MK17,MK17 Pohjois-Pohjanmaa
1992,20.1,MK17,MK17 Pohjois-Pohjanmaa
1993,23.9,MK17,MK17 Pohjois-Pohjanmaa
1994,22.1,MK17,MK17 Pohjois-Pohjanmaa
1995,21.5,MK17,MK17 Pohjois-Pohjanmaa
1996,21.1,MK17,MK17 Pohjois-Pohjanmaa
1997,18.4,MK17,MK17 Pohjois-Pohjanmaa
1998,17.5,MK17,MK17 Pohjois-Pohjanmaa
1999,15.9,MK17,MK17 Pohjois-Pohjanmaa
2000,14.2,MK17,MK17 Pohjois-Pohjanmaa
2001,14.7,MK17,MK17 Pohjois-Pohjanmaa
2002,13.9,MK17,MK17 Pohjois-Pohjanmaa
2003,13.7,MK17,MK17 Pohjois-Pohjanmaa
2004,13.5,MK17,MK17 Pohjois-Pohjanmaa
2005,13.3,MK17,MK17 Pohjois-Pohjanmaa
2006,11.5,MK17,MK17 Pohjois-Pohjanmaa
2007,10.4,MK17,MK17 Pohjois-Pohjanmaa
2008,11.3,MK17,MK17 Pohjois-Pohjanmaa
2009,13.7,MK17,MK17 Pohjois-Pohjanmaa
2010,12.0,MK17,MK17 Pohjois-Pohjanmaa
2011,11.6,MK17,MK17 Pohjois-Pohjanmaa
2012,13.0,MK17,MK17 Pohjois-Pohjanmaa
2013,14.8,MK17,MK17 Pohjois-Pohjanmaa
2014,16.2,MK17,MK17 Pohjois-Pohjanmaa
2015,16.2,MK17,MK17 Pohjois-Pohjanmaa
2016,15.3,MK17,MK17 Pohjois-Pohjanmaa
2017,12.8,MK17,MK17 Pohjois-Pohjanmaa
2018,10.8,MK17,MK17 Pohjois-Pohjanmaa
2019,11.2,MK17,MK17 Pohjois-Pohjanmaa
2020,13.5,MK17,MK17 Pohjois-Pohjanmaa
2021,10.7,MK17,MK17 Pohjois-Pohjanmaa
2022,10.9,MK17,MK17 Pohjois-Pohjanmaa
2023,12.5,MK17,MK17 Pohjois-Pohjanmaa
2024,12.7,MK17,MK17 Pohjois-Pohjanmaa
1987,13.7,MK18,MK18 Kainuu
1988,11.1,MK18,MK18 Kainuu
1989,9.0,MK18,MK18 Kainuu
1990,11.1,MK18,MK18 Kainuu
1991,18.3,MK18,MK18 Kainuu
1992,25.8,MK18,MK18 Kainuu
1993,28.1,MK18,MK18 Kainuu
1994,26.0,MK18,MK18 Kainuu
1995,27.2,MK18,MK18 Kainuu
1996,29.2,MK18,MK18 Kainuu
1997,25.2,MK18,MK18 Kainuu
1998,24.0,MK18,MK18 Kainuu
1999,23.0,MK18,MK18 Kainuu
2000,22.3,MK18,MK18 Kainuu
2001,23.3,MK18,MK18 Kainuu
2002,22.1,MK18,MK18 Kainuu
2003,20.4,MK18,MK18 Kainuu
2004,20.0,MK18,MK18 Kainuu
2005,19.8,MK18,MK18 Kainuu
2006,17.7,MK18,MK18 Kainuu
2007,15.0,MK18,MK18 Kainuu
2008,16.1,MK18,MK18 Kainuu
2009,16.3,MK18,MK18 Kainuu
2010,14.8,MK18,MK18 Kainuu
2011,13.6,MK18,MK18 Kainuu
2012,14.7,MK18,MK18 Kainuu
2013,18.4,MK18,MK18 Kainuu
2014,19.4,MK18,MK18 Kainuu
2015,18.4,MK18,MK18 Kainuu
2016,15.9,MK18,MK18 Kainuu
2017,14.9,MK18,MK18 Kainuu
2018,12.0,MK18,MK18 Kainuu
2019,11.7,MK18,MK18 Kainuu
2020,12.6,MK18,MK18 Kainuu
2021,11.0,MK18,MK18 Kainuu
2022,10.4,MK18,MK18 Kainuu
2023,11.0,MK18,MK18 Kainuu
2024,12.2,MK18,MK18 Kainuu
1987,12.5,MK19,MK19 Lappi
1988,10.5,MK19,MK19 Lappi
1989,8.4,MK19,MK19 Lappi
1990,10.7,MK19,MK19 Lappi
1991,17.2,MK19,MK19 Lappi
1992,24.3,MK19,MK19 Lappi
1993,28.5,MK19,MK19 Lappi
1994,27.4,MK19,MK19 Lappi
1995,28.1,MK19,MK19 Lappi
1996,27.7,MK19,MK19 Lappi
1997,25.3,MK19,MK19 Lappi
1998,24.3,MK19,MK19 Lappi
1999,22.8,MK19,MK19 Lappi
2000,21.3,MK19,MK19 Lappi
2001,20.9,MK19,MK19 Lappi
2002,18.9,MK19,MK19 Lappi
2003,18.0,MK19,MK19 Lappi
2004,18.0,MK19,MK19 Lappi
2005,17.5,MK19,MK19 Lappi
2006,15.6,MK19,MK19 Lappi
2007,13.5,MK19,MK19 Lappi
2008,13.7,MK19,MK19 Lappi
2009,15.7,MK19,MK19 Lappi
2010,13.9,MK19,MK19 Lappi
2011,13.4,MK19,MK19 Lappi
2012,14.4,MK19,MK19 Lappi
2013,17.0,MK19,MK19 Lappi
2014,17.4,MK19,MK19 Lappi
2015,17.4,MK19,MK19 Lappi
2016,16.1,MK19,MK19 Lappi
2017,13.7,MK19,MK19 Lappi
2018,11.7,MK19,MK19 Lappi
2019,11.3,MK19,MK19 Lappi
2020,15.2,MK19,MK19 Lappi
2021,11.4,MK19,MK19 Lappi
2022,10.5,MK19,MK19 Lappi
2023,10.1,MK19,MK19 Lappi
2024,10.2,MK19,MK19 Lappi
1987,1.3,MK21,MK21 Ahvenanmaa
1988,1.3,MK21,MK21 Ahvenanmaa
1989,0.8,MK21,MK21 Ahvenanmaa
1990,1.8,MK21,MK21 Ahvenanmaa
1991,3.6,MK21,MK21 Ahvenanmaa
1992,6.2,MK21,MK21 Ahvenanmaa
1993,8.4,MK21,MK21 Ahvenanmaa
1994,8.9,MK21,MK21 Ahvenanmaa
1995,7.1,MK21,MK21 Ahvenanmaa
1996,6.8,MK21,MK21 Ahvenanmaa
1997,4.5,MK21,MK21 Ahvenanmaa
1998,3.2,MK21,MK21 Ahvenanmaa
1999,2.4,MK21,MK21 Ahvenanmaa
2000,2.1,MK21,MK21 Ahvenanmaa
2001,1.9,MK21,MK21 Ahvenanmaa
2002,1.9,MK21,MK21 Ahvenanmaa
2003,2.4,MK21,MK21 Ahvenanmaa
2004,2.6,MK21,MK21 Ahvenanmaa
2005,2.4,MK21,MK21 Ahvenanmaa
2006,2.4,MK21,MK21 Ahvenanmaa
2007,2.2,MK21,MK21 Ahvenanmaa
2008,2.0,MK21,MK21 Ahvenanmaa
2009,3.3,MK21,MK21 Ahvenanmaa
2010,3.2,MK21,MK21 Ahvenanmaa
2011,3.0,MK21,MK21 Ahvenanmaa
2012,3.8,MK21,MK21 Ahvenanmaa
2013,4.0,MK21,MK21 Ahvenanmaa
2014,4.4,MK21,MK21 Ahvenanmaa
2015,4.2,MK21,MK21 Ahvenanmaa
2016,3.7,MK21,MK21 Ahvenanmaa
2017,3.8,MK21,MK21 Ahvenanmaa
2018,3.6,MK21,MK21 Ahvenanmaa
2019,3.9,MK21,MK21 Ahvenanmaa
2020,9.6,MK21,MK21 Ahvenanmaa
2021,5.5,MK21,MK21 Ahvenanmaa
2022,4.4,MK21,MK21 Ahvenanmaa
2023,4.5,MK21,MK21 Ahvenanmaa
2024,5.2,MK21,MK21 Ahvenanmaa
1987,3.0,HVA01,HVA01 Itä-Uudenmaan hyvinvointialue
1988,3.0,HVA01,HVA01 Itä-Uudenmaan hyvinvointialue
1989,2.6,HVA01,HVA01 Itä-Uudenmaan hyvinvointialue
1990,3.2,HVA01,HVA01 Itä-Uudenmaan hyvinvointialue
1991,8.8,HVA01,HVA01 Itä-Uudenmaan hyvinvointialue
1992,14.7,HVA01,HVA01 Itä-Uudenmaan hyvinvointialue
1993,18.0,HVA01,HVA01 Itä-Uudenmaan hyvinvointialue
1994,16.5,HVA01,HVA01 Itä-Uudenmaan hyvinvointialue
1995,15.7,HVA01,HVA01 Itä-Uudenmaan hyvinvointialue
1996,14.6,HVA01,HVA01 Itä-Uudenmaan hyvinvointialue
1997,12.5,HVA01,HVA01 Itä-Uudenmaan hyvinvointialue
1998,10.7,HVA01,HVA01 Itä-Uudenmaan hyvinvointialue
1999,9.5,HVA01,HVA01 Itä-Uudenmaan hyvinvointialue
2000,8.3,HVA01,HVA01 Itä-Uudenmaan hyvinvointialue
2001,8.3,HVA01,HVA01 Itä-Uudenmaan hyvinvointialue
2002,8.0,HVA01,HVA01 Itä-Uudenmaan hyvinvointialue
2003,7.9,HVA01,HVA01 Itä-Uudenmaan hyvinvointialue
2004,8.1,HVA01,HVA01 Itä-Uudenmaan hyvinvointialue
2005,7.5,HVA01,HVA01 Itä-Uudenmaan hyvinvointialue
2006,6.4,HVA01,HVA01 Itä-Uudenmaan hyvinvointialue
2007,5.7,HVA01,HVA01 Itä-Uudenmaan hyvinvointialue
2008,5.8,HVA01,HVA01 Itä-Uudenmaan hyvinvointialue
2009,8.4,HVA01,HVA01 Itä-Uudenmaan hyvinvointialue
2010,7.9,HVA01,HVA01 Itä-Uudenmaan hyvinvointialue
2011,7.7,HVA01,HVA01 Itä-Uudenmaan hyvinvointialue
2012,7.9,HVA01,HVA01 Itä-Uudenmaan hyvinvointialue
2013,9.0,HVA01,HVA01 Itä-Uudenmaan hyvinvointialue
2014,10.3,HVA01,HVA01 Itä-Uudenmaan hyvinvointialue
2015,11.1,HVA01,HVA01 Itä-Uudenmaan hyvinvointialue
2016,10.0,HVA01,HVA01 Itä-Uudenmaan hyvinvointialue
2017,9.0,HVA01,HVA01 Itä-Uudenmaan hyvinvointialue
2018,8.1,HVA01,HVA01 Itä-Uudenmaan hyvinvointialue
2019,8.0,HVA01,HVA01 Itä-Uudenmaan hyvinvointialue
2020,12.5,HVA01,HVA01 Itä-Uudenmaan hyvinvointialue
2021,9.6,HVA01,HVA01 Itä-Uudenmaan hyvinvointialue
2022,8.6,HVA01,HVA01 Itä-Uudenmaan hyvinvointialue
2023,9.4,HVA01,HVA01 Itä-Uudenmaan hyvinvointialue
2024,9.9,HVA01,HVA01 Itä-Uudenmaan hyvinvointialue
1987,2.3,HVA02,HVA02 Keski-Uudenmaan hyvinvointialue
1988,2.1,HVA02,HVA02 Keski-Uudenmaan hyvinvointialue
1989,1.7,HVA02,HVA02 Keski-Uudenmaan hyvinvointialue
1990,2.9,HVA02,HVA02 Keski-Uudenmaan hyvinvointialue
1991,9.7,HVA02,HVA02 Keski-Uudenmaan hyvinvointialue
1992,15.2,HVA02,HVA02 Keski-Uudenmaan hyvinvointialue
1993,18.8,HVA02,HVA02 Keski-Uudenmaan hyvinvointialue
1994,17.4,HVA02,HVA02 Keski-Uudenmaan hyvinvointialue
1995,16.3,HVA02,HVA02 Keski-Uudenmaan hyvinvointialue
1996,15.0,HVA02,HVA02 Keski-Uudenmaan hyvinvointialue
1997,12.1,HVA02,HVA02 Keski-Uudenmaan hyvinvointialue
1998,10.2,HVA02,HVA02 Keski-Uudenmaan hyvinvointialue
1999,8.8,HVA02,HVA02 Keski-Uudenmaan hyvinvointialue
2000,7.3,HVA02,HVA02 Keski-Uudenmaan hyvinvointialue
2001,7.1,HVA02,HVA02 Keski-Uudenmaan hyvinvointialue
2002,7.0,HVA02,HVA02 Keski-Uudenmaan hyvinvointialue
2003,7.1,HVA02,HVA02 Keski-Uudenmaan hyvinvointialue
2004,7.4,HVA02,HVA02 Keski-Uudenmaan hyvinvointialue
2005,6.7,HVA02,HVA02 Keski-Uudenmaan hyvinvointialue
2006,5.7,HVA02,HVA02 Keski-Uudenmaan hyvinvointialue
2007,4.7,HVA02,HVA02 Keski-Uudenmaan hyvinvointialue
2008,5.0,HVA02,HVA02 Keski-Uudenmaan hyvinvointialue
2009,7.3,HVA02,HVA02 Keski-Uudenmaan hyvinvointialue
2010,6.6,HVA02,HVA02 Keski-Uudenmaan hyvinvointialue
2011,6.1,HVA02,HVA02 Keski-Uudenmaan hyvinvointialue
2012,6.5,HVA02,HVA02 Keski-Uudenmaan hyvinvointialue
2013,8.3,HVA02,HVA02 Keski-Uudenmaan hyvinvointialue
2014,9.4,HVA02,HVA02 Keski-Uudenmaan hyvinvointialue
2015,10.1,HVA02,HVA02 Keski-Uudenmaan hyvinvointialue
2016,9.4,HVA02,HVA02 Keski-Uudenmaan hyvinvointialue
2017,8.0,HVA02,HVA02 Keski-Uudenmaan hyvinvointialue
2018,7.1,HVA02,HVA02 Keski-Uudenmaan hyvinvointialue
2019,7.1,HVA02,HVA02 Keski-Uudenmaan hyvinvointialue
2020,11.1,HVA02,HVA02 Keski-Uudenmaan hyvinvointialue
2021,8.2,HVA02,HVA02 Keski-Uudenmaan hyvinvointialue
2022,7.8,HVA02,HVA02 Keski-Uudenmaan hyvinvointialue
2023,9.1,HVA02,HVA02 Keski-Uudenmaan hyvinvointialue
2024,10.0,HVA02,HVA02 Keski-Uudenmaan hyvinvointialue
1987,1.7,HVA03,HVA03 Länsi-Uudenmaan hyvinvointialue
1988,1.6,HVA03,HVA03 Länsi-Uudenmaan hyvinvointialue
1989,1.3,HVA03,HVA03 Länsi-Uudenmaan hyvinvointialue
1990,1.8,HVA03,HVA03 Länsi-Uudenmaan hyvinvointialue
1991,7.4,HVA03,HVA03 Länsi-Uudenmaan hyvinvointialue
1992,13.1,HVA03,HVA03 Länsi-Uudenmaan hyvinvointialue
1993,16.6,HVA03,HVA03 Länsi-Uudenmaan hyvinvointialue
1994,15.4,HVA03,HVA03 Länsi-Uudenmaan hyvinvointialue
1995,14.3,HVA03,HVA03 Länsi-Uudenmaan hyvinvointialue
1996,13.1,HVA03,HVA03 Länsi-Uudenmaan hyvinvointialue
1997,10.6,HVA03,HVA03 Länsi-Uudenmaan hyvinvointialue
1998,8.6,HVA03,HVA03 Länsi-Uudenmaan hyvinvointialue
1999,7.7,HVA03,HVA03 Länsi-Uudenmaan hyvinvointialue
2000,6.6,HVA03,HVA03 Länsi-Uudenmaan hyvinvointialue
2001,6.7,HVA03,HVA03 Länsi-Uudenmaan hyvinvointialue
2002,6.9,HVA03,HVA03 Länsi-Uudenmaan hyvinvointialue
2003,7.1,HVA03,HVA03 Länsi-Uudenmaan hyvinvointialue
2004,7.0,HVA03,HVA03 Länsi-Uudenmaan hyvinvointialue
2005,6.6,HVA03,HVA03 Länsi-Uudenmaan hyvinvointialue
2006,5.8,HVA03,HVA03 Länsi-Uudenmaan hyvinvointialue
2007,4.7,HVA03,HVA03 Länsi-Uudenmaan hyvinvointialue
2008,5.0,HVA03,HVA03 Länsi-Uudenmaan hyvinvointialue
2009,7.5,HVA03,HVA03 Länsi-Uudenmaan hyvinvointialue
2010,6.5,HVA03,HVA03 Länsi-Uudenmaan hyvinvointialue
2011,6.1,HVA03,HVA03 Länsi-Uudenmaan hyvinvointialue
2012,7.1,HVA03,HVA03 Länsi-Uudenmaan hyvinvointialue
2013,9.0,HVA03,HVA03 Länsi-Uudenmaan hyvinvointialue
2014,10.5,HVA03,HVA03 Länsi-Uudenmaan hyvinvointialue
2015,11.1,HVA03,HVA03 Länsi-Uudenmaan hyvinvointialue
2016,10.4,HVA03,HVA03 Länsi-Uudenmaan hyvinvointialue
2017,8.9,HVA03,HVA03 Länsi-Uudenmaan hyvinvointialue
2018,7.8,HVA03,HVA03 Länsi-Uudenmaan hyvinvointialue
2019,7.7,HVA03,HVA03 Länsi-Uudenmaan hyvinvointialue
2020,11.4,HVA03,HVA03 Länsi-Uudenmaan hyvinvointialue
2021,8.8,HVA03,HVA03 Länsi-Uudenmaan hyvinvointialue
2022,8.1,HVA03,HVA03 Länsi-Uudenmaan hyvinvointialue
2023,9.2,HVA03,HVA03 Länsi-Uudenmaan hyvinvointialue
2024,10.1,HVA03,HVA03 Länsi-Uudenmaan hyvinvointialue
1987,1.6,HVA04,HVA04 Vantaan ja Keravan hyvinvointialue
1988,1.3,HVA04,HVA04 Vantaan ja Keravan hyvinvointialue
1989,1.0,HVA04,HVA04 Vantaan ja Keravan hyvinvointialue
1990,1.8,HVA04,HVA04 Vantaan ja Keravan hyvinvointialue
1991,8.2,HVA04,HVA04 Vantaan ja Keravan hyvinvointialue
1992,14.1,HVA04,HVA04 Vantaan ja Keravan hyvinvointialue
1993,17.7,HVA04,HVA04 Vantaan ja Keravan hyvinvointialue
1994,16.1,HVA04,HVA04 Vantaan ja Keravan hyvinvointialue
1995,15.3,HVA04,HVA04 Vantaan ja Keravan hyvinvointialue
1996,14.1,HVA04,HVA04 Vantaan ja Keravan hyvinvointialue
1997,11.5,HVA04,HVA04 Vantaan ja Keravan hyvinvointialue
1998,9.4,HVA04,HVA04 Vantaan ja Keravan hyvinvointialue
1999,8.4,HVA04,HVA04 Vantaan ja Keravan hyvinvointialue
2000,7.0,HVA04,HVA04 Vantaan ja Keravan hyvinvointialue
2001,6.9,HVA04,HVA04 Vantaan ja Keravan hyvinvointialue
2002,7.3,HVA04,HVA04 Vantaan ja Keravan hyvinvointialue
2003,7.6,HVA04,HVA04 Vantaan ja Keravan hyvinvointialue
2004,7.9,HVA04,HVA04 Vantaan ja Keravan hyvinvointialue
2005,7.5,HVA04,HVA04 Vantaan ja Keravan hyvinvointialue
2006,6.8,HVA04,HVA04 Vantaan ja Keravan hyvinvointialue
2007,5.9,HVA04,HVA04 Vantaan ja Keravan hyvinvointialue
2008,6.1,HVA04,HVA04 Vantaan ja Keravan hyvinvointialue
2009,8.9,HVA04,HVA04 Vantaan ja Keravan hyvinvointialue
2010,8.2,HVA04,HVA04 Vantaan ja Keravan hyvinvointialue
2011,8.0,HVA04,HVA04 Vantaan ja Keravan hyvinvointialue
2012,8.5,HVA04,HVA04 Vantaan ja Keravan hyvinvointialue
2013,10.3,HVA04,HVA04 Vantaan ja Keravan hyvinvointialue
2014,11.4,HVA04,HVA04 Vantaan ja Keravan hyvinvointialue
2015,12.3,HVA04,HVA04 Vantaan ja Keravan hyvinvointialue
2016,11.8,HVA04,HVA04 Vantaan ja Keravan hyvinvointialue
2017,9.9,HVA04,HVA04 Vantaan ja Keravan hyvinvointialue
2018,8.6,HVA04,HVA04 Vantaan ja Keravan hyvinvointialue
2019,8.5,HVA04,HVA04 Vantaan ja Keravan hyvinvointialue
2020,14.3,HVA04,HVA04 Vantaan ja Keravan hyvinvointialue
2021,11.8,HVA04,HVA04 Vantaan ja Keravan hyvinvointialue
2022,10.4,HVA04,HVA04 Vantaan ja Keravan hyvinvointialue
2023,11.9,HVA04,HVA04 Vantaan ja Keravan hyvinvointialue
2024,13.2,HVA04,HVA04 Vantaan ja Keravan hyvinvointialue
1987,4.6,HVA05,HVA05 Varsinais-Suomen hyvinvointialue
1988,3.9,HVA05,HVA05 Varsinais-Suomen hyvinvointialue
1989,3.8,HVA05,HVA05 Varsinais-Suomen hyvinvointialue
1990,4.7,HVA05,HVA05 Varsinais-Suomen hyvinvointialue
1991,10.9,HVA05,HVA05 Varsinais-Suomen hyvinvointialue
1992,16.6,HVA05,HVA05 Varsinais-Suomen hyvinvointialue
1993,21.1,HVA05,HVA05 Varsinais-Suomen hyvinvointialue
1994,18.2,HVA05,HVA05 Varsinais-Suomen hyvinvointialue
1995,17.1,HVA05,HVA05 Varsinais-Suomen hyvinvointialue
1996,16.5,HVA05,HVA05 Varsinais-Suomen hyvinvointialue
1997,14.1,HVA05,HVA05 Varsinais-Suomen hyvinvointialue
1998,13.1,HVA05,HVA05 Varsinais-Suomen hyvinvointialue
1999,12.6,HVA05,HVA05 Varsinais-Suomen hyvinvointialue
2000,10.8,HVA05,HVA05 Varsinais-Suomen hyvinvointialue
2001,11.0,HVA05,HVA05 Varsinais-Suomen hyvinvointialue
2002,10.4,HVA05,HVA05 Varsinais-Suomen hyvinvointialue
2003,10.9,HVA05,HVA05 Varsinais-Suomen hyvinvointialue
2004,10.5,HVA05,HVA05 Varsinais-Suomen hyvinvointialue
2005,9.0,HVA05,HVA05 Varsinais-Suomen hyvinvointialue
2006,7.9,HVA05,HVA05 Varsinais-Suomen hyvinvointialue
2007,6.9,HVA05,HVA05 Varsinais-Suomen hyvinvointialue
2008,7.4,HVA05,HVA05 Varsinais-Suomen hyvinvointialue
2009,11.0,HVA05,HVA05 Varsinais-Suomen hyvinvointialue
2010,10.4,HVA05,HVA05 Varsinais-Suomen hyvinvointialue
2011,9.7,HVA05,HVA05 Varsinais-Suomen hyvinvointialue
2012,11.2,HVA05,HVA05 Varsinais-Suomen hyvinvointialue
2013,12.7,HVA05,HVA05 Varsinais-Suomen hyvinvointialue
2014,14.0,HVA05,HVA05 Varsinais-Suomen hyvinvointialue
2015,14.4,HVA05,HVA05 Varsinais-Suomen hyvinvointialue
2016,13.6,HVA05,HVA05 Varsinais-Suomen hyvinvointialue
2017,11.0,HVA05,HVA05 Varsinais-Suomen hyvinvointialue
2018,9.5,HVA05,HVA05 Varsinais-Suomen hyvinvointialue
2019,9.5,HVA05,HVA05 Varsinais-Suomen hyvinvointialue
2020,13.3,HVA05,HVA05 Varsinais-Suomen hyvinvointialue
2021,9.7,HVA05,HVA05 Varsinais-Suomen hyvinvointialue
2022,9.1,HVA05,HVA05 Varsinais-Suomen hyvinvointialue
2023,10.0,HVA05,HVA05 Varsinais-Suomen hyvinvointialue
2024,11.3,HVA05,HVA05 Varsinais-Suomen hyvinvointialue
1987,8.6,HVA06,HVA06 Satakunnan hyvinvointialue
1988,7.5,HVA06,HVA06 Satakunnan hyvinvointialue
1989,6.1,HVA06,HVA06 Satakunnan hyvinvointialue
1990,7.4,HVA06,HVA06 Satakunnan hyvinvointialue
1991,14.5,HVA06,HVA06 Satakunnan hyvinvointialue
1992,20.4,HVA06,HVA06 Satakunnan hyvinvointialue
1993,24.5,HVA06,HVA06 Satakunnan hyvinvointialue
1994,22.1,HVA06,HVA06 Satakunnan hyvinvointialue
1995,21.7,HVA06,HVA06 Satakunnan hyvinvointialue
1996,21.8,HVA06,HVA06 Satakunnan hyvinvointialue
1997,19.1,HVA06,HVA06 Satakunnan hyvinvointialue
1998,18.0,HVA06,HVA06 Satakunnan hyvinvointialue
1999,18.1,HVA06,HVA06 Satakunnan hyvinvointialue
2000,16.2,HVA06,HVA06 Satakunnan hyvinvointialue
2001,15.6,HVA06,HVA06 Satakunnan hyvinvointialue
2002,15.4,HVA06,HVA06 Satakunnan hyvinvointialue
2003,15.2,HVA06,HVA06 Satakunnan hyvinvointialue
2004,15.0,HVA06,HVA06 Satakunnan hyvinvointialue
2005,13.6,HVA06,HVA06 Satakunnan hyvinvointialue
2006,11.8,HVA06,HVA06 Satakunnan hyvinvointialue
2007,10.1,HVA06,HVA06 Satakunnan hyvinvointialue
2008,10.2,HVA06,HVA06 Satakunnan hyvinvointialue
2009,12.8,HVA06,HVA06 Satakunnan hyvinvointialue
2010,11.7,HVA06,HVA06 Satakunnan hyvinvointialue
2011,11.0,HVA06,HVA06 Satakunnan hyvinvointialue
2012,11.9,HVA06,HVA06 Satakunnan hyvinvointialue
2013,13.1,HVA06,HVA06 Satakunnan hyvinvointialue
2014,14.7,HVA06,HVA06 Satakunnan hyvinvointialue
2015,15.6,HVA06,HVA06 Satakunnan hyvinvointialue
2016,15.3,HVA06,HVA06 Satakunnan hyvinvointialue
2017,11.6,HVA06,HVA06 Satakunnan hyvinvointialue
2018,10.4,HVA06,HVA06 Satakunnan hyvinvointialue
2019,11.0,HVA06,HVA06 Satakunnan hyvinvointialue
2020,13.6,HVA06,HVA06 Satakunnan hyvinvointialue
2021,10.1,HVA06,HVA06 Satakunnan hyvinvointialue
2022,10.0,HVA06,HVA06 Satakunnan hyvinvointialue
2023,10.8,HVA06,HVA06 Satakunnan hyvinvointialue
2024,11.8,HVA06,HVA06 Satakunnan hyvinvointialue
1987,4.6,HVA07,HVA07 Kanta-Hämeen hyvinvointialue
1988,4.2,HVA07,HVA07 Kanta-Hämeen hyvinvointialue
1989,2.9,HVA07,HVA07 Kanta-Hämeen hyvinvointialue
1990,4.6,HVA07,HVA07 Kanta-Hämeen hyvinvointialue
1991,11.3,HVA07,HVA07 Kanta-Hämeen hyvinvointialue
1992,17.7,HVA07,HVA07 Kanta-Hämeen hyvinvointialue
1993,22.4,HVA07,HVA07 Kanta-Hämeen hyvinvointialue
1994,20.3,HVA07,HVA07 Kanta-Hämeen hyvinvointialue
1995,20.0,HVA07,HVA07 Kanta-Hämeen hyvinvointialue
1996,19.6,HVA07,HVA07 Kanta-Hämeen hyvinvointialue
1997,16.7,HVA07,HVA07 Kanta-Hämeen hyvinvointialue
1998,15.1,HVA07,HVA07 Kanta-Hämeen hyvinvointialue
1999,14.0,HVA07,HVA07 Kanta-Hämeen hyvinvointialue
2000,12.6,HVA07,HVA07 Kanta-Hämeen hyvinvointialue
2001,11.8,HVA07,HVA07 Kanta-Hämeen hyvinvointialue
2002,11.1,HVA07,HVA07 Kanta-Hämeen hyvinvointialue
2003,11.1,HVA07,HVA07 Kanta-Hämeen hyvinvointialue
2004,11.1,HVA07,HVA07 Kanta-Hämeen hyvinvointialue
2005,10.4,HVA07,HVA07 Kanta-Hämeen hyvinvointialue
2006,8.9,HVA07,HVA07 Kanta-Hämeen hyvinvointialue
2007,7.6,HVA07,HVA07 Kanta-Hämeen hyvinvointialue
2008,8.7,HVA07,HVA07 Kanta-Hämeen hyvinvointialue
2009,11.3,HVA07,HVA07 Kanta-Hämeen hyvinvointialue
2010,10.5,HVA07,HVA07 Kanta-Hämeen hyvinvointialue
2011,9.4,HVA07,HVA07 Kanta-Hämeen hyvinvointialue
2012,10.1,HVA07,HVA07 Kanta-Hämeen hyvinvointialue
2013,11.7,HVA07,HVA07 Kanta-Hämeen hyvinvointialue
2014,12.6,HVA07,HVA07 Kanta-Hämeen hyvinvointialue
2015,13.1,HVA07,HVA07 Kanta-Hämeen hyvinvointialue
2016,12.8,HVA07,HVA07 Kanta-Hämeen hyvinvointialue
2017,10.5,HVA07,HVA07 Kanta-Hämeen hyvinvointialue
2018,9.3,HVA07,HVA07 Kanta-Hämeen hyvinvointialue
2019,9.1,HVA07,HVA07 Kanta-Hämeen hyvinvointialue
2020,11.9,HVA07,HVA07 Kanta-Hämeen hyvinvointialue
2021,9.9,HVA07,HVA07 Kanta-Hämeen hyvinvointialue
2022,8.9,HVA07,HVA07 Kanta-Hämeen hyvinvointialue
2023,10.6,HVA07,HVA07 Kanta-Hämeen hyvinvointialue
2024,11.0,HVA07,HVA07 Kanta-Hämeen hyvinvointialue
1987,7.5,HVA08,HVA08 Pirkanmaan hyvinvointialue
1988,6.6,HVA08,HVA08 Pirkanmaan hyvinvointialue
1989,5.1,HVA08,HVA08 Pirkanmaan hyvinvointialue
1990,6.5,HVA08,HVA08 Pirkanmaan hyvinvointialue
1991,14.2,HVA08,HVA08 Pirkanmaan hyvinvointialue
1992,19.5,HVA08,HVA08 Pirkanmaan hyvinvointialue
1993,23.7,HVA08,HVA08 Pirkanmaan hyvinvointialue
1994,21.2,HVA08,HVA08 Pirkanmaan hyvinvointialue
1995,20.1,HVA08,HVA08 Pirkanmaan hyvinvointialue
1996,20.3,HVA08,HVA08 Pirkanmaan hyvinvointialue
1997,17.4,HVA08,HVA08 Pirkanmaan hyvinvointialue
1998,15.5,HVA08,HVA08 Pirkanmaan hyvinvointialue
1999,14.9,HVA08,HVA08 Pirkanmaan hyvinvointialue
2000,13.4,HVA08,HVA08 Pirkanmaan hyvinvointialue
2001,13.2,HVA08,HVA08 Pirkanmaan hyvinvointialue
2002,12.8,HVA08,HVA08 Pirkanmaan hyvinvointialue
2003,13.2,HVA08,HVA08 Pirkanmaan hyvinvointialue
2004,12.5,HVA08,HVA08 Pirkanmaan hyvinvointialue
2005,11.7,HVA08,HVA08 Pirkanmaan hyvinvointialue
2006,9.8,HVA08,HVA08 Pirkanmaan hyvinvointialue
2007,8.9,HVA08,HVA08 Pirkanmaan hyvinvointialue
2008,9.9,HVA08,HVA08 Pirkanmaan hyvinvointialue
2009,13.7,HVA08,HVA08 Pirkanmaan hyvinvointialue
2010,11.9,HVA08,HVA08 Pirkanmaan hyvinvointialue
2011,10.9,HVA08,HVA08 Pirkanmaan hyvinvointialue
2012,12.1,HVA08,HVA08 Pirkanmaan hyvinvointialue
2013,14.6,HVA08,HVA08 Pirkanmaan hyvinvointialue
2014,15.9,HVA08,HVA08 Pirkanmaan hyvinvointialue
2015,16.3,HVA08,HVA08 Pirkanmaan hyvinvointialue
2016,15.5,HVA08,HVA08 Pirkanmaan hyvinvointialue
2017,11.9,HVA08,HVA08 Pirkanmaan hyvinvointialue
2018,9.4,HVA08,HVA08 Pirkanmaan hyvinvointialue
2019,10.0,HVA08,HVA08 Pirkanmaan hyvinvointialue
2020,13.2,HVA08,HVA08 Pirkanmaan hyvinvointialue
2021,9.5,HVA08,HVA08 Pirkanmaan hyvinvointialue
2022,8.7,HVA08,HVA08 Pirkanmaan hyvinvointialue
2023,10.8,HVA08,HVA08 Pirkanmaan hyvinvointialue
2024,11.7,HVA08,HVA08 Pirkanmaan hyvinvointialue
1987,6.2,HVA09,HVA09 Päijät-Hämeen hyvinvointialue
1988,4.7,HVA09,HVA09 Päijät-Hämeen hyvinvointialue
1989,3.7,HVA09,HVA09 Päijät-Hämeen hyvinvointialue
1990,5.8,HVA09,HVA09 Päijät-Hämeen hyvinvointialue
1991,14.1,HVA09,HVA09 Päijät-Hämeen hyvinvointialue
1992,20.5,HVA09,HVA09 Päijät-Hämeen hyvinvointialue
1993,25.9,HVA09,HVA09 Päijät-Hämeen hyvinvointialue
1994,23.8,HVA09,HVA09 Päijät-Hämeen hyvinvointialue
1995,22.6,HVA09,HVA09 Päijät-Hämeen hyvinvointialue
1996,22.8,HVA09,HVA09 Päijät-Hämeen hyvinvointialue
1997,19.4,HVA09,HVA09 Päijät-Hämeen hyvinvointialue
1998,18.0,HVA09,HVA09 Päijät-Hämeen hyvinvointialue
1999,16.8,HVA09,HVA09 Päijät-Hämeen hyvinvointialue
2000,15.1,HVA09,HVA09 Päijät-Hämeen hyvinvointialue
2001,14.6,HVA09,HVA09 Päijät-Hämeen hyvinvointialue
2002,14.0,HVA09,HVA09 Päijät-Hämeen hyvinvointialue
2003,14.3,HVA09,HVA09 Päijät-Hämeen hyvinvointialue
2004,13.9,HVA09,HVA09 Päijät-Hämeen hyvinvointialue
2005,13.9,HVA09,HVA09 Päijät-Hämeen hyvinvointialue
2006,12.4,HVA09,HVA09 Päijät-Hämeen hyvinvointialue
2007,10.5,HVA09,HVA09 Päijät-Hämeen hyvinvointialue
2008,11.2,HVA09,HVA09 Päijät-Hämeen hyvinvointialue
2009,15.1,HVA09,HVA09 Päijät-Hämeen hyvinvointialue
2010,13.2,HVA09,HVA09 Päijät-Hämeen hyvinvointialue
2011,12.3,HVA09,HVA09 Päijät-Hämeen hyvinvointialue
2012,13.3,HVA09,HVA09 Päijät-Hämeen hyvinvointialue
2013,15.2,HVA09,HVA09 Päijät-Hämeen hyvinvointialue
2014,17.5,HVA09,HVA09 Päijät-Hämeen hyvinvointialue
2015,17.3,HVA09,HVA09 Päijät-Hämeen hyvinvointialue
2016,16.2,HVA09,HVA09 Päijät-Hämeen hyvinvointialue
2017,14.6,HVA09,HVA09 Päijät-Hämeen hyvinvointialue
2018,13.1,HVA09,HVA09 Päijät-Hämeen hyvinvointialue
2019,12.7,HVA09,HVA09 Päijät-Hämeen hyvinvointialue
2020,16.5,HVA09,HVA09 Päijät-Hämeen hyvinvointialue
2021,13.4,HVA09,HVA09 Päijät-Hämeen hyvinvointialue
2022,12.7,HVA09,HVA09 Päijät-Hämeen hyvinvointialue
2023,13.7,HVA09,HVA09 Päijät-Hämeen hyvinvointialue
2024,14.9,HVA09,HVA09 Päijät-Hämeen hyvinvointialue
1987,7.3,HVA10,HVA10 Kymenlaakson hyvinvointialue
1988,6.7,HVA10,HVA10 Kymenlaakson hyvinvointialue
1989,5.5,HVA10,HVA10 Kymenlaakson hyvinvointialue
1990,7.5,HVA10,HVA10 Kymenlaakson hyvinvointialue
1991,13.2,HVA10,HVA10 Kymenlaakson hyvinvointialue
1992,18.4,HVA10,HVA10 Kymenlaakson hyvinvointialue
1993,22.6,HVA10,HVA10 Kymenlaakson hyvinvointialue
1994,20.9,HVA10,HVA10 Kymenlaakson hyvinvointialue
1995,20.4,HVA10,HVA10 Kymenlaakson hyvinvointialue
1996,20.4,HVA10,HVA10 Kymenlaakson hyvinvointialue
1997,18.5,HVA10,HVA10 Kymenlaakson hyvinvointialue
1998,17.4,HVA10,HVA10 Kymenlaakson hyvinvointialue
1999,17.0,HVA10,HVA10 Kymenlaakson hyvinvointialue
2000,16.0,HVA10,HVA10 Kymenlaakson hyvinvointialue
2001,14.9,HVA10,HVA10 Kymenlaakson hyvinvointialue
2002,14.4,HVA10,HVA10 Kymenlaakson hyvinvointialue
2003,13.8,HVA10,HVA10 Kymenlaakson hyvinvointialue
2004,13.7,HVA10,HVA10 Kymenlaakson hyvinvointialue
2005,13.1,HVA10,HVA10 Kymenlaakson hyvinvointialue
2006,12.0,HVA10,HVA10 Kymenlaakson hyvinvointialue
2007,10.7,HVA10,HVA10 Kymenlaakson hyvinvointialue
2008,11.3,HVA10,HVA10 Kymenlaakson hyvinvointialue
2009,14.4,HVA10,HVA10 Kymenlaakson hyvinvointialue
2010,13.5,HVA10,HVA10 Kymenlaakson hyvinvointialue
2011,13.6,HVA10,HVA10 Kymenlaakson hyvinvointialue
2012,14.5,HVA10,HVA10 Kymenlaakson hyvinvointialue
2013,16.4,HVA10,HVA10 Kymenlaakson hyvinvointialue
2014,17.7,HVA10,HVA10 Kymenlaakson hyvinvointialue
2015,18.8,HVA10,HVA10 Kymenlaakson hyvinvointialue
2016,18.2,HVA10,HVA10 Kymenlaakson hyvinvointialue
2017,15.5,HVA10,HVA10 Kymenlaakson hyvinvointialue
2018,13.5,HVA10,HVA10 Kymenlaakson hyvinvointialue
2019,13.3,HVA10,HVA10 Kymenlaakson hyvinvointialue
2020,15.9,HVA10,HVA10 Kymenlaakson hyvinvointialue
2021,12.9,HVA10,HVA10 Kymenlaakson hyvinvointialue
2022,11.9,HVA10,HVA10 Kymenlaakson hyvinvointialue
2023,13.7,HVA10,HVA10 Kymenlaakson hyvinvointialue
2024,15.0,HVA10,HVA10 Kymenlaakson hyvinvointialue
1987,7.9,HVA11,HVA11 Etelä-Karjalan hyvinvointialue
1988,6.6,HVA11,HVA11 Etelä-Karjalan hyvinvointialue
1989,5.6,HVA11,HVA11 Etelä-Karjalan hyvinvointialue
1990,7.1,HVA11,HVA11 Etelä-Karjalan hyvinvointialue
1991,14.0,HVA11,HVA11 Etelä-Karjalan hyvinvointialue
1992,19.7,HVA11,HVA11 Etelä-Karjalan hyvinvointialue
1993,23.7,HVA11,HVA11 Etelä-Karjalan hyvinvointialue
1994,23.0,HVA11,HVA11 Etelä-Karjalan hyvinvointialue
1995,22.2,HVA11,HVA11 Etelä-Karjalan hyvinvointialue
1996,22.9,HVA11,HVA11 Etelä-Karjalan hyvinvointialue
1997,20.5,HVA11,HVA11 Etelä-Karjalan hyvinvointialue
1998,19.2,HVA11,HVA11 Etelä-Karjalan hyvinvointialue
1999,18.2,HVA11,HVA11 Etelä-Karjalan hyvinvointialue
2000,15.8,HVA11,HVA11 Etelä-Karjalan hyvinvointialue
2001,16.2,HVA11,HVA11 Etelä-Karjalan hyvinvointialue
2002,15.9,HVA11,HVA11 Etelä-Karjalan hyvinvointialue
2003,15.4,HVA11,HVA11 Etelä-Karjalan hyvinvointialue
2004,15.2,HVA11,HVA11 Etelä-Karjalan hyvinvointialue
2005,14.4,HVA11,HVA11 Etelä-Karjalan hyvinvointialue
2006,13.1,HVA11,HVA11 Etelä-Karjalan hyvinvointialue
2007,11.7,HVA11,HVA11 Etelä-Karjalan hyvinvointialue
2008,12.0,HVA11,HVA11 Etelä-Karjalan hyvinvointialue
2009,14.7,HVA11,HVA11 Etelä-Karjalan hyvinvointialue
2010,13.4,HVA11,HVA11 Etelä-Karjalan hyvinvointialue
2011,12.7,HVA11,HVA11 Etelä-Karjalan hyvinvointialue
2012,13.5,HVA11,HVA11 Etelä-Karjalan hyvinvointialue
2013,14.4,HVA11,HVA11 Etelä-Karjalan hyvinvointialue
2014,15.9,HVA11,HVA11 Etelä-Karjalan hyvinvointialue
2015,17.2,HVA11,HVA11 Etelä-Karjalan hyvinvointialue
2016,16.9,HVA11,HVA11 Etelä-Karjalan hyvinvointialue
2017,14.5,HVA11,HVA11 Etelä-Karjalan hyvinvointialue
2018,12.1,HVA11,HVA11 Etelä-Karjalan hyvinvointialue
2019,12.8,HVA11,HVA11 Etelä-Karjalan hyvinvointialue
2020,15.6,HVA11,HVA11 Etelä-Karjalan hyvinvointialue
2021,12.1,HVA11,HVA11 Etelä-Karjalan hyvinvointialue
2022,11.9,HVA11,HVA11 Etelä-Karjalan hyvinvointialue
2023,13.9,HVA11,HVA11 Etelä-Karjalan hyvinvointialue
2024,14.7,HVA11,HVA11 Etelä-Karjalan hyvinvointialue
1987,8.6,HVA12,HVA12 Etelä-Savon hyvinvointialue
1988,7.4,HVA12,HVA12 Etelä-Savon hyvinvointialue
1989,6.7,HVA12,HVA12 Etelä-Savon hyvinvointialue
1990,8.1,HVA12,HVA12 Etelä-Savon hyvinvointialue
1991,13.9,HVA12,HVA12 Etelä-Savon hyvinvointialue
1992,20.3,HVA12,HVA12 Etelä-Savon hyvinvointialue
1993,25.5,HVA12,HVA12 Etelä-Savon hyvinvointialue
1994,23.8,HVA12,HVA12 Etelä-Savon hyvinvointialue
1995,23.5,HVA12,HVA12 Etelä-Savon hyvinvointialue
1996,23.6,HVA12,HVA12 Etelä-Savon hyvinvointialue
1997,20.9,HVA12,HVA12 Etelä-Savon hyvinvointialue
1998,19.6,HVA12,HVA12 Etelä-Savon hyvinvointialue
1999,18.3,HVA12,HVA12 Etelä-Savon hyvinvointialue
2000,18.0,HVA12,HVA12 Etelä-Savon hyvinvointialue
2001,16.4,HVA12,HVA12 Etelä-Savon hyvinvointialue
2002,15.6,HVA12,HVA12 Etelä-Savon hyvinvointialue
2003,15.1,HVA12,HVA12 Etelä-Savon hyvinvointialue
2004,15.2,HVA12,HVA12 Etelä-Savon hyvinvointialue
2005,14.4,HVA12,HVA12 Etelä-Savon hyvinvointialue
2006,12.3,HVA12,HVA12 Etelä-Savon hyvinvointialue
2007,11.0,HVA12,HVA12 Etelä-Savon hyvinvointialue
2008,11.6,HVA12,HVA12 Etelä-Savon hyvinvointialue
2009,13.5,HVA12,HVA12 Etelä-Savon hyvinvointialue
2010,12.3,HVA12,HVA12 Etelä-Savon hyvinvointialue
2011,12.0,HVA12,HVA12 Etelä-Savon hyvinvointialue
2012,12.8,HVA12,HVA12 Etelä-Savon hyvinvointialue
2013,14.2,HVA12,HVA12 Etelä-Savon hyvinvointialue
2014,15.4,HVA12,HVA12 Etelä-Savon hyvinvointialue
2015,16.7,HVA12,HVA12 Etelä-Savon hyvinvointialue
2016,15.4,HVA12,HVA12 Etelä-Savon hyvinvointialue
2017,13.1,HVA12,HVA12 Etelä-Savon hyvinvointialue
2018,11.6,HVA12,HVA12 Etelä-Savon hyvinvointialue
2019,11.2,HVA12,HVA12 Etelä-Savon hyvinvointialue
2020,13.9,HVA12,HVA12 Etelä-Savon hyvinvointialue
2021,11.3,HVA12,HVA12 Etelä-Savon hyvinvointialue
2022,10.5,HVA12,HVA12 Etelä-Savon hyvinvointialue
2023,12.2,HVA12,HVA12 Etelä-Savon hyvinvointialue
2024,13.1,HVA12,HVA12 Etelä-Savon hyvinvointialue
1987,8.4,HVA13,HVA13 Pohjois-Savon hyvinvointialue
1988,7.4,HVA13,HVA13 Pohjois-Savon hyvinvointialue
1989,6.2,HVA13,HVA13 Pohjois-Savon hyvinvointialue
1990,7.9,HVA13,HVA13 Pohjois-Savon hyvinvointialue
1991,14.0,HVA13,HVA13 Pohjois-Savon hyvinvointialue
1992,19.7,HVA13,HVA13 Pohjois-Savon hyvinvointialue
1993,24.3,HVA13,HVA13 Pohjois-Savon hyvinvointialue
1994,22.6,HVA13,HVA13 Pohjois-Savon hyvinvointialue
1995,22.7,HVA13,HVA13 Pohjois-Savon hyvinvointialue
1996,22.5,HVA13,HVA13 Pohjois-Savon hyvinvointialue
1997,20.1,HVA13,HVA13 Pohjois-Savon hyvinvointialue
1998,18.5,HVA13,HVA13 Pohjois-Savon hyvinvointialue
1999,17.8,HVA13,HVA13 Pohjois-Savon hyvinvointialue
2000,17.1,HVA13,HVA13 Pohjois-Savon hyvinvointialue
2001,16.1,HVA13,HVA13 Pohjois-Savon hyvinvointialue
2002,15.0,HVA13,HVA13 Pohjois-Savon hyvinvointialue
2003,14.6,HVA13,HVA13 Pohjois-Savon hyvinvointialue
2004,14.0,HVA13,HVA13 Pohjois-Savon hyvinvointialue
2005,13.5,HVA13,HVA13 Pohjois-Savon hyvinvointialue
2006,12.0,HVA13,HVA13 Pohjois-Savon hyvinvointialue
2007,10.8,HVA13,HVA13 Pohjois-Savon hyvinvointialue
2008,11.7,HVA13,HVA13 Pohjois-Savon hyvinvointialue
2009,14.0,HVA13,HVA13 Pohjois-Savon hyvinvointialue
2010,12.3,HVA13,HVA13 Pohjois-Savon hyvinvointialue
2011,11.4,HVA13,HVA13 Pohjois-Savon hyvinvointialue
2012,12.2,HVA13,HVA13 Pohjois-Savon hyvinvointialue
2013,13.5,HVA13,HVA13 Pohjois-Savon hyvinvointialue
2014,14.9,HVA13,HVA13 Pohjois-Savon hyvinvointialue
2015,15.4,HVA13,HVA13 Pohjois-Savon hyvinvointialue
2016,14.1,HVA13,HVA13 Pohjois-Savon hyvinvointialue
2017,12.3,HVA13,HVA13 Pohjois-Savon hyvinvointialue
2018,11.0,HVA13,HVA13 Pohjois-Savon hyvinvointialue
2019,11.0,HVA13,HVA13 Pohjois-Savon hyvinvointialue
2020,13.8,HVA13,HVA13 Pohjois-Savon hyvinvointialue
2021,10.6,HVA13,HVA13 Pohjois-Savon hyvinvointialue
2022,10.3,HVA13,HVA13 Pohjois-Savon hyvinvointialue
2023,11.8,HVA13,HVA13 Pohjois-Savon hyvinvointialue
2024,12.7,HVA13,HVA13 Pohjois-Savon hyvinvointialue
1987,10.0,HVA14,HVA14 Pohjois-Karjalan hyvinvointialue
1988,8.9,HVA14,HVA14 Pohjois-Karjalan hyvinvointialue
1989,8.2,HVA14,HVA14 Pohjois-Karjalan hyvinvointialue
1990,9.8,HVA14,HVA14 Pohjois-Karjalan hyvinvointialue
1991,15.0,HVA14,HVA14 Pohjois-Karjalan hyvinvointialue
1992,21.3,HVA14,HVA14 Pohjois-Karjalan hyvinvointialue
1993,24.9,HVA14,HVA14 Pohjois-Karjalan hyvinvointialue
1994,24.6,HVA14,HVA14 Pohjois-Karjalan hyvinvointialue
1995,25.1,HVA14,HVA14 Pohjois-Karjalan hyvinvointialue
1996,26.0,HVA14,HVA14 Pohjois-Karjalan hyvinvointialue
1997,23.6,HVA14,HVA14 Pohjois-Karjalan hyvinvointialue
1998,22.4,HVA14,HVA14 Pohjois-Karjalan hyvinvointialue
1999,20.8,HVA14,HVA14 Pohjois-Karjalan hyvinvointialue
2000,19.3,HVA14,HVA14 Pohjois-Karjalan hyvinvointialue
2001,19.5,HVA14,HVA14 Pohjois-Karjalan hyvinvointialue
2002,18.2,HVA14,HVA14 Pohjois-Karjalan hyvinvointialue
2003,18.1,HVA14,HVA14 Pohjois-Karjalan hyvinvointialue
2004,17.8,HVA14,HVA14 Pohjois-Karjalan hyvinvointialue
2005,16.8,HVA14,HVA14 Pohjois-Karjalan hyvinvointialue
2006,15.3,HVA14,HVA14 Pohjois-Karjalan hyvinvointialue
2007,14.8,HVA14,HVA14 Pohjois-Karjalan hyvinvointialue
2008,15.4,HVA14,HVA14 Pohjois-Karjalan hyvinvointialue
2009,16.7,HVA14,HVA14 Pohjois-Karjalan hyvinvointialue
2010,14.6,HVA14,HVA14 Pohjois-Karjalan hyvinvointialue
2011,14.8,HVA14,HVA14 Pohjois-Karjalan hyvinvointialue
2012,15.7,HVA14,HVA14 Pohjois-Karjalan hyvinvointialue
2013,16.8,HVA14,HVA14 Pohjois-Karjalan hyvinvointialue
2014,17.6,HVA14,HVA14 Pohjois-Karjalan hyvinvointialue
2015,18.6,HVA14,HVA14 Pohjois-Karjalan hyvinvointialue
2016,18.2,HVA14,HVA14 Pohjois-Karjalan hyvinvointialue
2017,16.2,HVA14,HVA14 Pohjois-Karjalan hyvinvointialue
2018,14.0,HVA14,HVA14 Pohjois-Karjalan hyvinvointialue
2019,14.4,HVA14,HVA14 Pohjois-Karjalan hyvinvointialue
2020,17.2,HVA14,HVA14 Pohjois-Karjalan hyvinvointialue
2021,14.1,HVA14,HVA14 Pohjois-Karjalan hyvinvointialue
2022,13.5,HVA14,HVA14 Pohjois-Karjalan hyvinvointialue
2023,15.0,HVA14,HVA14 Pohjois-Karjalan hyvinvointialue
2024,16.1,HVA14,HVA14 Pohjois-Karjalan hyvinvointialue
1987,7.3,HVA15,HVA15 Keski-Suomen hyvinvointialue
1988,6.4,HVA15,HVA15 Keski-Suomen hyvinvointialue
1989,5.6,HVA15,HVA15 Keski-Suomen hyvinvointialue
1990,7.8,HVA15,HVA15 Keski-Suomen hyvinvointialue
1991,13.8,HVA15,HVA15 Keski-Suomen hyvinvointialue
1992,20.4,HVA15,HVA15 Keski-Suomen hyvinvointialue
1993,25.5,HVA15,HVA15 Keski-Suomen hyvinvointialue
1994,23.5,HVA15,HVA15 Keski-Suomen hyvinvointialue
1995,22.7,HVA15,HVA15 Keski-Suomen hyvinvointialue
1996,22.4,HVA15,HVA15 Keski-Suomen hyvinvointialue
1997,20.3,HVA15,HVA15 Keski-Suomen hyvinvointialue
1998,18.9,HVA15,HVA15 Keski-Suomen hyvinvointialue
1999,17.9,HVA15,HVA15 Keski-Suomen hyvinvointialue
2000,16.1,HVA15,HVA15 Keski-Suomen hyvinvointialue
2001,15.9,HVA15,HVA15 Keski-Suomen hyvinvointialue
2002,15.2,HVA15,HVA15 Keski-Suomen hyvinvointialue
2003,15.1,HVA15,HVA15 Keski-Suomen hyvinvointialue
2004,14.6,HVA15,HVA15 Keski-Suomen hyvinvointialue
2005,14.3,HVA15,HVA15 Keski-Suomen hyvinvointialue
2006,12.8,HVA15,HVA15 Keski-Suomen hyvinvointialue
2007,11.6,HVA15,HVA15 Keski-Suomen hyvinvointialue
2008,12.0,HVA15,HVA15 Keski-Suomen hyvinvointialue
2009,14.5,HVA15,HVA15 Keski-Suomen hyvinvointialue
2010,13.2,HVA15,HVA15 Keski-Suomen hyvinvointialue
2011,13.2,HVA15,HVA15 Keski-Suomen hyvinvointialue
2012,14.5,HVA15,HVA15 Keski-Suomen hyvinvointialue
2013,17.1,HVA15,HVA15 Keski-Suomen hyvinvointialue
2014,18.0,HVA15,HVA15 Keski-Suomen hyvinvointialue
2015,18.1,HVA15,HVA15 Keski-Suomen hyvinvointialue
2016,16.9,HVA15,HVA15 Keski-Suomen hyvinvointialue
2017,14.2,HVA15,HVA15 Keski-Suomen hyvinvointialue
2018,12.7,HVA15,HVA15 Keski-Suomen hyvinvointialue
2019,12.8,HVA15,HVA15 Keski-Suomen hyvinvointialue
2020,15.7,HVA15,HVA15 Keski-Suomen hyvinvointialue
2021,12.9,HVA15,HVA15 Keski-Suomen hyvinvointialue
2022,12.1,HVA15,HVA15 Keski-Suomen hyvinvointialue
2023,14.0,HVA15,HVA15 Keski-Suomen hyvinvointialue
2024,14.7,HVA15,HVA15 Keski-Suomen hyvinvointialue
1987,6.0,HVA16,HVA16 Etelä-Pohjanmaan hyvinvointialue
1988,5.7,HVA16,HVA16 Etelä-Pohjanmaan hyvinvointialue
1989,5.3,HVA16,HVA16 Etelä-Pohjanmaan hyvinvointialue
1990,6.4,HVA16,HVA16 Etelä-Pohjanmaan hyvinvointialue
1991,13.0,HVA16,HVA16 Etelä-Pohjanmaan hyvinvointialue
1992,18.3,HVA16,HVA16 Etelä-Pohjanmaan hyvinvointialue
1993,23.2,HVA16,HVA16 Etelä-Pohjanmaan hyvinvointialue
1994,20.4,HVA16,HVA16 Etelä-Pohjanmaan hyvinvointialue
1995,20.3,HVA16,HVA16 Etelä-Pohjanmaan hyvinvointialue
1996,19.0,HVA16,HVA16 Etelä-Pohjanmaan hyvinvointialue
1997,15.6,HVA16,HVA16 Etelä-Pohjanmaan hyvinvointialue
1998,14.2,HVA16,HVA16 Etelä-Pohjanmaan hyvinvointialue
1999,13.9,HVA16,HVA16 Etelä-Pohjanmaan hyvinvointialue
2000,12.0,HVA16,HVA16 Etelä-Pohjanmaan hyvinvointialue
2001,12.4,HVA16,HVA16 Etelä-Pohjanmaan hyvinvointialue
2002,11.3,HVA16,HVA16 Etelä-Pohjanmaan hyvinvointialue
2003,10.9,HVA16,HVA16 Etelä-Pohjanmaan hyvinvointialue
2004,10.7,HVA16,HVA16 Etelä-Pohjanmaan hyvinvointialue
2005,10.0,HVA16,HVA16 Etelä-Pohjanmaan hyvinvointialue
2006,8.5,HVA16,HVA16 Etelä-Pohjanmaan hyvinvointialue
2007,7.7,HVA16,HVA16 Etelä-Pohjanmaan hyvinvointialue
2008,8.9,HVA16,HVA16 Etelä-Pohjanmaan hyvinvointialue
2009,11.6,HVA16,HVA16 Etelä-Pohjanmaan hyvinvointialue
2010,9.2,HVA16,HVA16 Etelä-Pohjanmaan hyvinvointialue
2011,8.7,HVA16,HVA16 Etelä-Pohjanmaan hyvinvointialue
2012,9.6,HVA16,HVA16 Etelä-Pohjanmaan hyvinvointialue
2013,11.0,HVA16,HVA16 Etelä-Pohjanmaan hyvinvointialue
2014,12.4,HVA16,HVA16 Etelä-Pohjanmaan hyvinvointialue
2015,12.8,HVA16,HVA16 Etelä-Pohjanmaan hyvinvointialue
2016,11.7,HVA16,HVA16 Etelä-Pohjanmaan hyvinvointialue
2017,9.5,HVA16,HVA16 Etelä-Pohjanmaan hyvinvointialue
2018,8.2,HVA16,HVA16 Etelä-Pohjanmaan hyvinvointialue
2019,8.4,HVA16,HVA16 Etelä-Pohjanmaan hyvinvointialue
2020,10.8,HVA16,HVA16 Etelä-Pohjanmaan hyvinvointialue
2021,7.7,HVA16,HVA16 Etelä-Pohjanmaan hyvinvointialue
2022,7.6,HVA16,HVA16 Etelä-Pohjanmaan hyvinvointialue
2023,8.6,HVA16,HVA16 Etelä-Pohjanmaan hyvinvointialue
2024,9.0,HVA16,HVA16 Etelä-Pohjanmaan hyvinvointialue
1987,4.2,HVA17,HVA17 Pohjanmaan hyvinvointialue
1988,4.1,HVA17,HVA17 Pohjanmaan hyvinvointialue
1989,4.1,HVA17,HVA17 Pohjanmaan hyvinvointialue
1990,4.8,HVA17,HVA17 Pohjanmaan hyvinvointialue
1991,9.7,HVA17,HVA17 Pohjanmaan hyvinvointialue
1992,14.9,HVA17,HVA17 Pohjanmaan hyvinvointialue
1993,18.3,HVA17,HVA17 Pohjanmaan hyvinvointialue
1994,16.1,HVA17,HVA17 Pohjanmaan hyvinvointialue
1995,15.6,HVA17,HVA17 Pohjanmaan hyvinvointialue
1996,14.4,HVA17,HVA17 Pohjanmaan hyvinvointialue
1997,12.4,HVA17,HVA17 Pohjanmaan hyvinvointialue
1998,11.3,HVA17,HVA17 Pohjanmaan hyvinvointialue
1999,11.5,HVA17,HVA17 Pohjanmaan hyvinvointialue
2000,9.6,HVA17,HVA17 Pohjanmaan hyvinvointialue
2001,9.3,HVA17,HVA17 Pohjanmaan hyvinvointialue
2002,8.7,HVA17,HVA17 Pohjanmaan hyvinvointialue
2003,8.4,HVA17,HVA17 Pohjanmaan hyvinvointialue
2004,8.4,HVA17,HVA17 Pohjanmaan hyvinvointialue
2005,7.7,HVA17,HVA17 Pohjanmaan hyvinvointialue
2006,6.4,HVA17,HVA17 Pohjanmaan hyvinvointialue
2007,5.3,HVA17,HVA17 Pohjanmaan hyvinvointialue
2008,5.8,HVA17,HVA17 Pohjanmaan hyvinvointialue
2009,8.2,HVA17,HVA17 Pohjanmaan hyvinvointialue
2010,6.7,HVA17,HVA17 Pohjanmaan hyvinvointialue
2011,6.3,HVA17,HVA17 Pohjanmaan hyvinvointialue
2012,6.5,HVA17,HVA17 Pohjanmaan hyvinvointialue
2013,8.0,HVA17,HVA17 Pohjanmaan hyvinvointialue
2014,9.0,HVA17,HVA17 Pohjanmaan hyvinvointialue
2015,9.5,HVA17,HVA17 Pohjanmaan hyvinvointialue
2016,9.6,HVA17,HVA17 Pohjanmaan hyvinvointialue
2017,7.5,HVA17,HVA17 Pohjanmaan hyvinvointialue
2018,6.4,HVA17,HVA17 Pohjanmaan hyvinvointialue
2019,6.4,HVA17,HVA17 Pohjanmaan hyvinvointialue
2020,10.5,HVA17,HVA17 Pohjanmaan hyvinvointialue
2021,6.0,HVA17,HVA17 Pohjanmaan hyvinvointialue
2022,5.7,HVA17,HVA17 Pohjanmaan hyvinvointialue
2023,6.7,HVA17,HVA17 Pohjanmaan hyvinvointialue
2024,7.1,HVA17,HVA17 Pohjanmaan hyvinvointialue
1987,5.6,HVA18,HVA18 Keski-Pohjanmaan hyvinvointialue
1988,5.7,HVA18,HVA18 Keski-Pohjanmaan hyvinvointialue
1989,5.6,HVA18,HVA18 Keski-Pohjanmaan hyvinvointialue
1990,6.8,HVA18,HVA18 Keski-Pohjanmaan hyvinvointialue
1991,13.5,HVA18,HVA18 Keski-Pohjanmaan hyvinvointialue
1992,18.1,HVA18,HVA18 Keski-Pohjanmaan hyvinvointialue
1993,23.3,HVA18,HVA18 Keski-Pohjanmaan hyvinvointialue
1994,20.8,HVA18,HVA18 Keski-Pohjanmaan hyvinvointialue
1995,20.6,HVA18,HVA18 Keski-Pohjanmaan hyvinvointialue
1996,19.8,HVA18,HVA18 Keski-Pohjanmaan hyvinvointialue
1997,17.7,HVA18,HVA18 Keski-Pohjanmaan hyvinvointialue
1998,15.9,HVA18,HVA18 Keski-Pohjanmaan hyvinvointialue
1999,15.3,HVA18,HVA18 Keski-Pohjanmaan hyvinvointialue
2000,14.3,HVA18,HVA18 Keski-Pohjanmaan hyvinvointialue
2001,13.3,HVA18,HVA18 Keski-Pohjanmaan hyvinvointialue
2002,11.8,HVA18,HVA18 Keski-Pohjanmaan hyvinvointialue
2003,12.0,HVA18,HVA18 Keski-Pohjanmaan hyvinvointialue
2004,11.3,HVA18,HVA18 Keski-Pohjanmaan hyvinvointialue
2005,11.2,HVA18,HVA18 Keski-Pohjanmaan hyvinvointialue
2006,9.1,HVA18,HVA18 Keski-Pohjanmaan hyvinvointialue
2007,7.5,HVA18,HVA18 Keski-Pohjanmaan hyvinvointialue
2008,9.1,HVA18,HVA18 Keski-Pohjanmaan hyvinvointialue
2009,10.7,HVA18,HVA18 Keski-Pohjanmaan hyvinvointialue
2010,8.7,HVA18,HVA18 Keski-Pohjanmaan hyvinvointialue
2011,8.8,HVA18,HVA18 Keski-Pohjanmaan hyvinvointialue
2012,9.0,HVA18,HVA18 Keski-Pohjanmaan hyvinvointialue
2013,9.9,HVA18,HVA18 Keski-Pohjanmaan hyvinvointialue
2014,11.4,HVA18,HVA18 Keski-Pohjanmaan hyvinvointialue
2015,11.8,HVA18,HVA18 Keski-Pohjanmaan hyvinvointialue
2016,11.5,HVA18,HVA18 Keski-Pohjanmaan hyvinvointialue
2017,9.1,HVA18,HVA18 Keski-Pohjanmaan hyvinvointialue
2018,7.8,HVA18,HVA18 Keski-Pohjanmaan hyvinvointialue
2019,8.2,HVA18,HVA18 Keski-Pohjanmaan hyvinvointialue
2020,10.4,HVA18,HVA18 Keski-Pohjanmaan hyvinvointialue
2021,8.2,HVA18,HVA18 Keski-Pohjanmaan hyvinvointialue
2022,8.4,HVA18,HVA18 Keski-Pohjanmaan hyvinvointialue
2023,9.6,HVA18,HVA18 Keski-Pohjanmaan hyvinvointialue
2024,9.4,HVA18,HVA18 Keski-Pohjanmaan hyvinvointialue
1987,8.3,HVA19,HVA19 Pohjois-Pohjanmaan hyvinvointialue
1988,7.2,HVA19,HVA19 Pohjois-Pohjanmaan hyvinvointialue
1989,5.6,HVA19,HVA19 Pohjois-Pohjanmaan hyvinvointialue
1990,7.7,HVA19,HVA19 Pohjois-Pohjanmaan hyvinvointialue
1991,13.8,HVA19,HVA19 Pohjois-Pohjanmaan hyvinvointialue
1992,20.1,HVA19,HVA19 Pohjois-Pohjanmaan hyvinvointialue
1993,23.9,HVA19,HVA19 Pohjois-Pohjanmaan hyvinvointialue
1994,22.1,HVA19,HVA19 Pohjois-Pohjanmaan hyvinvointialue
1995,21.5,HVA19,HVA19 Pohjois-Pohjanmaan hyvinvointialue
1996,21.1,HVA19,HVA19 Pohjois-Pohjanmaan hyvinvointialue
1997,18.4,HVA19,HVA19 Pohjois-Pohjanmaan hyvinvointialue
1998,17.5,HVA19,HVA19 Pohjois-Pohjanmaan hyvinvointialue
1999,15.9,HVA19,HVA19 Pohjois-Pohjanmaan hyvinvointialue
2000,14.2,HVA19,HVA19 Pohjois-Pohjanmaan hyvinvointialue
2001,14.7,HVA19,HVA19 Pohjois-Pohjanmaan hyvinvointialue
2002,13.9,HVA19,HVA19 Pohjois-Pohjanmaan hyvinvointialue
2003,13.7,HVA19,HVA19 Pohjois-Pohjanmaan hyvinvointialue
2004,13.5,HVA19,HVA19 Pohjois-Pohjanmaan hyvinvointialue
2005,13.3,HVA19,HVA19 Pohjois-Pohjanmaan hyvinvointialue
2006,11.5,HVA19,HVA19 Pohjois-Pohjanmaan hyvinvointialue
2007,10.4,HVA19,HVA19 Pohjois-Pohjanmaan hyvinvointialue
2008,11.3,HVA19,HVA19 Pohjois-Pohjanmaan hyvinvointialue
2009,13.7,HVA19,HVA19 Pohjois-Pohjanmaan hyvinvointialue
2010,12.0,HVA19,HVA19 Pohjois-Pohjanmaan hyvinvointialue
2011,11.6,HVA19,HVA19 Pohjois-Pohjanmaan hyvinvointialue
2012,13.0,HVA19,HVA19 Pohjois-Pohjanmaan hyvinvointialue
2013,14.8,HVA19,HVA19 Pohjois-Pohjanmaan hyvinvointialue
2014,16.2,HVA19,HVA19 Pohjois-Pohjanmaan hyvinvointialue
2015,16.2,HVA19,HVA19 Pohjois-Pohjanmaan hyvinvointialue
2016,15.3,HVA19,HVA19 Pohjois-Pohjanmaan hyvinvointialue
2017,12.8,HVA19,HVA19 Pohjois-Pohjanmaan hyvinvointialue
2018,10.8,HVA19,HVA19 Pohjois-Pohjanmaan hyvinvointialue
2019,11.2,HVA19,HVA19 Pohjois-Pohjanmaan hyvinvointialue
2020,13.5,HVA19,HVA19 Pohjois-Pohjanmaan hyvinvointialue
2021,10.7,HVA19,HVA19 Pohjois-Pohjanmaan hyvinvointialue
2022,10.9,HVA19,HVA19 Pohjois-Pohjanmaan hyvinvointialue
2023,12.5,HVA19,HVA19 Pohjois-Pohjanmaan hyvinvointialue
2024,12.7,HVA19,HVA19 Pohjois-Pohjanmaan hyvinvointialue
1987,13.7,HVA20,HVA20 Kainuun hyvinvointialue
1988,11.1,HVA20,HVA20 Kainuun hyvinvointialue
1989,9.0,HVA20,HVA20 Kainuun hyvinvointialue
1990,11.1,HVA20,HVA20 Kainuun hyvinvointialue
1991,18.3,HVA20,HVA20 Kainuun hyvinvointialue
1992,25.8,HVA20,HVA20 Kainuun hyvinvointialue
1993,28.1,HVA20,HVA20 Kainuun hyvinvointialue
1994,26.0,HVA20,HVA20 Kainuun hyvinvointialue
1995,27.2,HVA20,HVA20 Kainuun hyvinvointialue
1996,29.2,HVA20,HVA20 Kainuun hyvinvointialue
1997,25.2,HVA20,HVA20 Kainuun hyvinvointialue
1998,24.0,HVA20,HVA20 Kainuun hyvinvointialue
1999,23.0,HVA20,HVA20 Kainuun hyvinvointialue
2000,22.3,HVA20,HVA20 Kainuun hyvinvointialue
2001,23.3,HVA20,HVA20 Kainuun hyvinvointialue
2002,22.1,HVA20,HVA20 Kainuun hyvinvointialue
2003,20.4,HVA20,HVA20 Kainuun hyvinvointialue
2004,20.0,HVA20,HVA20 Kainuun hyvinvointialue
2005,19.8,HVA20,HVA20 Kainuun hyvinvointialue
2006,17.7,HVA20,HVA20 Kainuun hyvinvointialue
2007,15.0,HVA20,HVA20 Kainuun hyvinvointialue
2008,16.1,HVA20,HVA20 Kainuun hyvinvointialue
2009,16.3,HVA20,HVA20 Kainuun hyvinvointialue
2010,14.8,HVA20,HVA20 Kainuun hyvinvointialue
2011,13.6,HVA20,HVA20 Kainuun hyvinvointialue
2012,14.7,HVA20,HVA20 Kainuun hyvinvointialue
2013,18.4,HVA20,HVA20 Kainuun hyvinvointialue
2014,19.4,HVA20,HVA20 Kainuun hyvinvointialue
2015,18.4,HVA20,HVA20 Kainuun hyvinvointialue
2016,15.9,HVA20,HVA20 Kainuun hyvinvointialue
2017,14.9,HVA20,HVA20 Kainuun hyvinvointialue
2018,12.0,HVA20,HVA20 Kainuun hyvinvointialue
2019,11.7,HVA20,HVA20 Kainuun hyvinvointialue
2020,12.6,HVA20,HVA20 Kainuun hyvinvointialue
2021,11.0,HVA20,HVA20 Kainuun hyvinvointialue
2022,10.4,HVA20,HVA20 Kainuun hyvinvointialue
2023,11.0,HVA20,HVA20 Kainuun hyvinvointialue
2024,12.2,HVA20,HVA20 Kainuun hyvinvointialue
1987,12.5,HVA21,HVA21 Lapin hyvinvointialue
1988,10.5,HVA21,HVA21 Lapin hyvinvointialue
1989,8.4,HVA21,HVA21 Lapin hyvinvointialue
1990,10.7,HVA21,HVA21 Lapin hyvinvointialue
1991,17.2,HVA21,HVA21 Lapin hyvinvointialue
1992,24.3,HVA21,HVA21 Lapin hyvinvointialue
1993,28.5,HVA21,HVA21 Lapin hyvinvointialue
1994,27.4,HVA21,HVA21 Lapin hyvinvointialue
1995,28.1,HVA21,HVA21 Lapin hyvinvointialue
1996,27.7,HVA21,HVA21 Lapin hyvinvointialue
1997,25.3,HVA21,HVA21 Lapin hyvinvointialue
1998,24.3,HVA21,HVA21 Lapin hyvinvointialue
1999,22.8,HVA21,HVA21 Lapin hyvinvointialue
2000,21.3,HVA21,HVA21 Lapin hyvinvointialue
2001,20.9,HVA21,HVA21 Lapin hyvinvointialue
2002,18.9,HVA21,HVA21 Lapin hyvinvointialue
2003,18.0,HVA21,HVA21 Lapin hyvinvointialue
2004,18.0,HVA21,HVA21 Lapin hyvinvointialue
2005,17.5,HVA21,HVA21 Lapin hyvinvointialue
2006,15.6,HVA21,HVA21 Lapin hyvinvointialue
2007,13.5,HVA21,HVA21 Lapin hyvinvointialue
2008,13.7,HVA21,HVA21 Lapin hyvinvointialue
2009,15.7,HVA21,HVA21 Lapin hyvinvointialue
2010,13.9,HVA21,HVA21 Lapin hyvinvointialue
2011,13.4,HVA21,HVA21 Lapin hyvinvointialue
2012,14.4,HVA21,HVA21 Lapin hyvinvointialue
2013,17.0,HVA21,HVA21 Lapin hyvinvointialue
2014,17.4,HVA21,HVA21 Lapin hyvinvointialue
2015,17.4,HVA21,HVA21 Lapin hyvinvointialue
2016,16.1,HVA21,HVA21 Lapin hyvinvointialue
2017,13.7,HVA21,HVA21 Lapin hyvinvointialue
2018,11.7,HVA21,HVA21 Lapin hyvinvointialue
2019,11.3,HVA21,HVA21 Lapin hyvinvointialue
2020,15.2,HVA21,HVA21 Lapin hyvinvointialue
2021,11.4,HVA21,HVA21 Lapin hyvinvointialue
2022,10.5,HVA21,HVA21 Lapin hyvinvointialue
2023,10.1,HVA21,HVA21 Lapin hyvinvointialue
2024,10.2,HVA21,HVA21 Lapin hyvinvointialue
1987,2.3,HVA90,HVA90 Helsingin kaupunki
1988,1.8,HVA90,HVA90 Helsingin kaupunki
1989,1.4,HVA90,HVA90 Helsingin kaupunki
1990,2.0,HVA90,HVA90 Helsingin kaupunki
1991,9.1,HVA90,HVA90 Helsingin kaupunki
1992,14.5,HVA90,HVA90 Helsingin kaupunki
1993,18.7,HVA90,HVA90 Helsingin kaupunki
1994,18.2,HVA90,HVA90 Helsingin kaupunki
1995,17.6,HVA90,HVA90 Helsingin kaupunki
1996,16.7,HVA90,HVA90 Helsingin kaupunki
1997,13.7,HVA90,HVA90 Helsingin kaupunki
1998,11.1,HVA90,HVA90 Helsingin kaupunki
1999,10.0,HVA90,HVA90 Helsingin kaupunki
2000,8.4,HVA90,HVA90 Helsingin kaupunki
2001,8.6,HVA90,HVA90 Helsingin kaupunki
2002,9.0,HVA90,HVA90 Helsingin kaupunki
2003,9.7,HVA90,HVA90 Helsingin kaupunki
2004,9.6,HVA90,HVA90 Helsingin kaupunki
2005,9.1,HVA90,HVA90 Helsingin kaupunki
2006,8.0,HVA90,HVA90 Helsingin kaupunki
2007,6.3,HVA90,HVA90 Helsingin kaupunki
2008,6.2,HVA90,HVA90 Helsingin kaupunki
2009,8.4,HVA90,HVA90 Helsingin kaupunki
2010,7.8,HVA90,HVA90 Helsingin kaupunki
2011,7.6,HVA90,HVA90 Helsingin kaupunki
2012,8.3,HVA90,HVA90 Helsingin kaupunki
2013,10.1,HVA90,HVA90 Helsingin kaupunki
2014,11.7,HVA90,HVA90 Helsingin kaupunki
2015,12.4,HVA90,HVA90 Helsingin kaupunki
2016,12.0,HVA90,HVA90 Helsingin kaupunki
2017,10.4,HVA90,HVA90 Helsingin kaupunki
2018,9.1,HVA90,HVA90 Helsingin kaupunki
2019,9.0,HVA90,HVA90 Helsingin kaupunki
2020,14.3,HVA90,HVA90 Helsingin kaupunki
2021,11.0,HVA90,HVA90 Helsingin kaupunki
2022,10.2,HVA90,HVA90 Helsingin kaupunki
2023,11.2,HVA90,HVA90 Helsingin kaupunki
2024,12.3,HVA90,HVA90 Helsingin kaupunki
1987,1.3,HVA91,HVA91 Ahvenanmaa
1988,1.3,HVA91,HVA91 Ahvenanmaa
1989,0.8,HVA91,HVA91 Ahvenanmaa
1990,1.8,HVA91,HVA91 Ahvenanmaa
1991,3.6,HVA91,HVA91 Ahvenanmaa
1992,6.2,HVA91,HVA91 Ahvenanmaa
1993,8.4,HVA91,HVA91 Ahvenanmaa
1994,8.9,HVA91,HVA91 Ahvenanmaa
1995,7.1,HVA91,HVA91 Ahvenanmaa
1996,6.8,HVA91,HVA91 Ahvenanmaa
1997,4.5,HVA91,HVA91 Ahvenanmaa
1998,3.2,HVA91,HVA91 Ahvenanmaa
1999,2.4,HVA91,HVA91 Ahvenanmaa
2000,2.1,HVA91,HVA91 Ahvenanmaa
2001,1.9,HVA91,HVA91 Ahvenanmaa
2002,1.9,HVA91,HVA91 Ahvenanmaa
2003,2.4,HVA91,HVA91 Ahvenanmaa
2004,2.6,HVA91,HVA91 Ahvenanmaa
2005,2.4,HVA91,HVA91 Ahvenanmaa
2006,2.4,HVA91,HVA91 Ahvenanmaa
2007,2.2,HVA91,HVA91 Ahvenanmaa
2008,2.0,HVA91,HVA91 Ahvenanmaa
2009,3.3,HVA91,HVA91 Ahvenanmaa
2010,3.2,HVA91,HVA91 Ahvenanmaa
2011,3.0,HVA91,HVA91 Ahvenanmaa
2012,3.8,HVA91,HVA91 Ahvenanmaa
2013,4.0,HVA91,HVA91 Ahvenanmaa
2014,4.4,HVA91,HVA91 Ahvenanmaa
2015,4.2,HVA91,HVA91 Ahvenanmaa
2016,3.7,HVA91,HVA91 Ahvenanmaa
2017,3.8,HVA91,HVA91 Ahvenanmaa
2018,3.6,HVA91,HVA91 Ahvenanmaa
2019,3.9,HVA91,HVA91 Ahvenanmaa
2020,9.6,HVA91,HVA91 Ahvenanmaa
2021,5.5,HVA91,HVA91 Ahvenanmaa
2022,4.4,HVA91,HVA91 Ahvenanmaa
2023,4.5,HVA91,HVA91 Ahvenanmaa
2024,5.2,HVA91,HVA91 Ahvenanmaa
